nohup: ignoring input
Loaded dense features: 2708 nodes, feature dim: 1433, matrix shape: (2708, 1433)
Found 7 communities
Generating training queries...
Generated 150 queries
Generating validation queries...
Generated 100 queries
Generating test queries...
Generated 100 queries
150 100 100
-------------------- 150 150
-------------------- 100 100
-------------------- 100 100
38 100 100
QD_GCN
0 loss tensor(80.8913, grad_fn=<AddBackward0>)
1 loss tensor(52.5444, grad_fn=<AddBackward0>)
2 loss tensor(43.2096, grad_fn=<AddBackward0>)
3 loss tensor(36.9530, grad_fn=<AddBackward0>)
4 loss tensor(31.9081, grad_fn=<AddBackward0>)
5 loss tensor(26.9601, grad_fn=<AddBackward0>)
6 loss tensor(21.7350, grad_fn=<AddBackward0>)
7 loss tensor(17.2515, grad_fn=<AddBackward0>)
8 loss tensor(14.9561, grad_fn=<AddBackward0>)

validation
num  all, output label  270800 32084.01994524864 38689.0
num  all, output_bin label_bin  270800 27740 38689
num  all, output_bin_0.4 label_bin_0.4  270800 31465 38689
iou_thr: 0.05, precision, recall, f1_score : 0.553 0.898 0.684
iou_thr: 0.10, precision, recall, f1_score : 0.681 0.853 0.757
iou_thr: 0.15, precision, recall, f1_score : 0.759 0.817 0.787
iou_thr: 0.20, precision, recall, f1_score : 0.800 0.789 0.794
iou_thr: 0.25, precision, recall, f1_score : 0.830 0.762 0.795
iou_thr: 0.30, precision, recall, f1_score : 0.853 0.734 0.789
iou_thr: 0.35, precision, recall, f1_score : 0.876 0.712 0.786
iou_thr: 0.40, precision, recall, f1_score : 0.893 0.691 0.779
iou_thr: 0.45, precision, recall, f1_score : 0.904 0.672 0.771
iou_thr: 0.50, precision, recall, f1_score : 0.913 0.655 0.763
iou_thr: 0.55, precision, recall, f1_score : 0.920 0.639 0.754
iou_thr: 0.60, precision, recall, f1_score : 0.927 0.622 0.744
iou_thr: 0.65, precision, recall, f1_score : 0.934 0.606 0.735
iou_thr: 0.70, precision, recall, f1_score : 0.940 0.587 0.723
iou_thr: 0.75, precision, recall, f1_score : 0.948 0.566 0.709
iou_thr: 0.80, precision, recall, f1_score : 0.955 0.544 0.693
iou_thr: 0.85, precision, recall, f1_score : 0.960 0.519 0.674
iou_thr: 0.90, precision, recall, f1_score : 0.965 0.487 0.647
iou_thr: 0.95, precision, recall, f1_score : 0.970 0.438 0.603
current best thr  0.25
current val score (precision, recall, f1score) : 0.8302072772332996 0.7619478404714518 0.7946143375069074
count 1
f1, pre, rec [2098] 0.6824324324324323 0.8381742738589212 0.5754985754985755 351 241
f1, pre, rec [2098] 0.6824324324324323 0.8381742738589212 0.5754985754985755
count 2
f1, pre, rec [151] 0.5307692307692309 0.8625 0.38333333333333336 180 80
f1, pre, rec [151] 0.6066008316008316 0.8503371369294606 0.4794159544159544
count 3
f1, pre, rec [ 101 1454 1959] 0.8174692049272116 0.7541322314049587 0.8924205378973105 818 968
f1, pre, rec [ 101 1454 1959] 0.6768902893762916 0.8182688350879599 0.6170841489097397
count 4
f1, pre, rec [2689] 0.8927250308261406 0.9211195928753181 0.8660287081339713 418 393
f1, pre, rec [2689] 0.7308489747387539 0.8439815245347995 0.6793202887157976
count 5
f1, pre, rec [954] 0.8910891089108912 0.9230769230769231 0.861244019138756 418 390
f1, pre, rec [954] 0.7628970015731813 0.8598006042432242 0.7157050348003893
count 6
f1, pre, rec [ 714  950 2433] 0.8913308913308914 0.9102244389027432 0.8732057416267942 418 401
f1, pre, rec [ 714  950 2433] 0.7843026498661331 0.8682045766864773 0.7419551526047901
count 7
f1, pre, rec [1605 1637] 0.894088669950739 0.9213197969543148 0.868421052631579 418 394
f1, pre, rec [1605 1637] 0.7999863670210768 0.8757924652961684 0.7600217097514742
count 8
f1, pre, rec [1026 2405 2687] 0.8271752085816448 0.8401937046004843 0.8145539906103286 426 413
f1, pre, rec [1026 2405 2687] 0.8033849722161478 0.8713426202092078 0.766838244858831
count 9
f1, pre, rec [658] 0.6950596252129473 0.864406779661017 0.5811965811965812 351 236
f1, pre, rec [658] 0.7913488225491255 0.8705719712594089 0.7462113933408032
count 10
f1, pre, rec [1116] 0.7634194831013917 0.9365853658536586 0.6442953020134228 298 205
f1, pre, rec [1116] 0.7885558886043522 0.877173310718834 0.7360197842080651
count 11
f1, pre, rec [ 466  988 1112] 0.826603325415677 0.8365384615384616 0.8169014084507042 426 416
f1, pre, rec [ 466  988 1112] 0.7920147464962907 0.8734792335206183 0.7433726591392141
count 12
f1, pre, rec [ 684  946 2252] 0.6468646864686468 0.7967479674796748 0.5444444444444444 180 123
f1, pre, rec [ 684  946 2252] 0.7799189081606537 0.8670849613505397 0.72679530791465
count 13
f1, pre, rec [ 754 1070 1260] 0.5671641791044777 0.8636363636363636 0.4222222222222222 180 88
f1, pre, rec [ 754 1070 1260] 0.763553159771717 0.8668196846032953 0.7033666090152325
count 14
f1, pre, rec [ 856 2640 2645] 0.5190311418685122 0.6880733944954128 0.4166666666666667 180 109
f1, pre, rec [ 856 2640 2645] 0.7460873013500595 0.8540520924527323 0.6828880417046206
count 15
f1, pre, rec [ 198  575 1401] 0.6957831325301205 0.7380191693290735 0.6581196581196581 351 313
f1, pre, rec [ 198  575 1401] 0.7427336900953969 0.8463165642444884 0.6812368161322897
count 16
f1, pre, rec [  94 1812 1962] 0.6978998384491114 0.8059701492537313 0.6153846153846154 351 268
f1, pre, rec [  94 1812 1962] 0.739931574367504 0.8437949133075661 0.6771210535855601
count 17
f1, pre, rec [1289] 0.7195467422096317 0.9338235294117647 0.5852534562211982 217 136
f1, pre, rec [1289] 0.7387324665935115 0.8490907142548718 0.6717170772700093
count 18
f1, pre, rec [692 713] 0.8951911220715167 0.9236641221374046 0.868421052631579 418 393
f1, pre, rec [692 713] 0.7474246141200673 0.853233681359457 0.6826450759012076
count 19
f1, pre, rec [1030 1316 2404] 0.5957446808510638 0.8235294117647058 0.4666666666666667 180 102
f1, pre, rec [1030 1316 2404] 0.7394414597374882 0.851670298749207 0.6712777912046528
count 20
f1, pre, rec [ 502 2420 2671] 0.78125 0.9345794392523364 0.6711409395973155 298 214
f1, pre, rec [ 502 2420 2671] 0.7415318867506138 0.8558157557743634 0.6712709486242859
count 21
f1, pre, rec [  31 2044 2340] 0.8969696969696969 0.9090909090909091 0.8851674641148325 418 407
f1, pre, rec [  31 2044 2340] 0.7489336872372367 0.8583526678370561 0.6814564969809787
count 22
f1, pre, rec [  91 1821 2235] 0.7169811320754716 0.8 0.6495726495726496 351 285
f1, pre, rec [  91 1821 2235] 0.7474812983662474 0.8557002738444627 0.680007231189691
count 23
f1, pre, rec [167 437] 0.7595628415300547 0.9328859060402684 0.6405529953917051 217 149
f1, pre, rec [167 437] 0.7480065828516304 0.8590561708964543 0.6782918296332567
count 24
f1, pre, rec [   5 1497 2154] 0.79155672823219 0.9259259259259259 0.6912442396313364 217 162
f1, pre, rec [   5 1497 2154] 0.7498211722424871 0.861842410689349 0.6788315133831767
count 25
f1, pre, rec [  64 1728] 0.8232445520581112 0.85 0.7981220657276995 426 400
f1, pre, rec [  64 1728] 0.752758107435112 0.8613687142617751 0.6836031354769577
count 26
f1, pre, rec [ 871 2158] 0.781431334622824 0.9223744292237442 0.6778523489932886 298 219
f1, pre, rec [ 871 2158] 0.7538609238654086 0.8637150879141585 0.6833819513814319
count 27
f1, pre, rec [ 499 1472] 0.768642447418738 0.8933333333333333 0.674496644295302 298 225
f1, pre, rec [ 499 1472] 0.754408387700717 0.8648120599667206 0.6830528659337974
count 28
f1, pre, rec [2004] 0.46923076923076923 0.7625 0.3388888888888889 180 80
f1, pre, rec [2004] 0.7442234727553618 0.861158057825052 0.6707612953250507
count 29
f1, pre, rec [ 777 1497 2177] 0.7750677506775068 0.9407894736842105 0.6589861751152074 217 152
f1, pre, rec [ 777 1497 2177] 0.7452870685457806 0.863903968716747 0.670355256697125
count 30
f1, pre, rec [ 863 2034 2147] 0.69449081803005 0.8387096774193549 0.5925925925925926 351 248
f1, pre, rec [ 863 2034 2147] 0.7435938601952563 0.863064159006834 0.6677631678936407
count 31
f1, pre, rec [1496] 0.7643564356435644 0.9323671497584541 0.6476510067114094 298 207
f1, pre, rec [1496] 0.7442636206935888 0.8652997393536604 0.6671143885006654
count 32
f1, pre, rec [1530 1586] 0.8943488943488943 0.9191919191919192 0.8708133971291866 418 396
f1, pre, rec [1530 1586] 0.7489537854953171 0.8669838699736061 0.6734799825203067
count 33
f1, pre, rec [123 301] 0.7786666666666666 0.9240506329113924 0.6728110599078341 217 158
f1, pre, rec [123 301] 0.7498541758338428 0.8687131658202056 0.6734597121381105
count 34
f1, pre, rec [1897] 0.4780876494023904 0.8450704225352113 0.3333333333333333 180 71
f1, pre, rec [1897] 0.741861042703506 0.8680177910177058 0.6634559951144405
count 35
f1, pre, rec [143 213 443] 0.704361873990307 0.8134328358208955 0.6210826210826211 351 268
f1, pre, rec [143 213 443] 0.7407896378831289 0.8664582208692255 0.66224532728496
count 36
f1, pre, rec [2064] 0.6701030927835052 0.8441558441558441 0.5555555555555556 351 231
f1, pre, rec [2064] 0.7388261227414727 0.8658387104049649 0.6592817225146989
count 37
f1, pre, rec [ 786 1796 1875] 0.8173719376391982 0.7505112474437627 0.8973105134474327 818 978
f1, pre, rec [ 786 1796 1875] 0.7409489826035734 0.8627217519465541 0.6657149330804484
count 38
f1, pre, rec [2220 2502] 0.8219332956472584 0.7644584647739222 0.8887530562347188 818 951
f1, pre, rec [2220 2502] 0.743080148736302 0.860135875968327 0.6715843573739818
count 39
f1, pre, rec [ 156 2054 2312] 0.5454545454545455 0.6923076923076923 0.45 180 117
f1, pre, rec [ 156 2054 2312] 0.7380128255752313 0.8558325892077979 0.6659027071849054
count 40
f1, pre, rec [ 632 1257 2252] 0.628930817610063 0.7246376811594203 0.5555555555555556 180 138
f1, pre, rec [ 632 1257 2252] 0.7352857753761021 0.8525527165065885 0.6631440283941716
count 41
f1, pre, rec [835] 0.7643564356435644 0.9323671497584541 0.6476510067114094 298 207
f1, pre, rec [835] 0.7359948158704304 0.8544994100005364 0.6627661498165434
count 42
f1, pre, rec [ 414 1450 1994] 0.7999999999999999 0.9166666666666666 0.7096774193548387 217 168
f1, pre, rec [ 414 1450 1994] 0.7375187488258964 0.8559795827783014 0.6638830848055504
count 43
f1, pre, rec [1510 2230] 0.8246674727932286 0.8503740648379052 0.8004694835680751 426 401
f1, pre, rec [1510 2230] 0.7395454633367646 0.8558492218959667 0.6670595126837486
count 44
f1, pre, rec [  98 2126] 0.7869481765834933 0.9192825112107623 0.6879194630872483 298 223
f1, pre, rec [  98 2126] 0.7406227977287357 0.857290887562212 0.6675336024656464
count 45
f1, pre, rec [1677 2101] 0.8155784650630011 0.7672413793103449 0.8704156479217604 818 928
f1, pre, rec [1677 2101] 0.7422884792250527 0.8552897873788371 0.6720420923646712
count 46
f1, pre, rec [191 590] 0.7051070840197694 0.8359375 0.6096866096866097 351 256
f1, pre, rec [191 590] 0.7414801880249379 0.8548690854792972 0.6706865383934089
count 47
f1, pre, rec [937] 0.7716535433070868 0.9333333333333333 0.6577181208053692 298 210
f1, pre, rec [937] 0.7421221743075368 0.8565385375612978 0.67041061461494
count 48
f1, pre, rec [1736 2316] 0.8039215686274509 0.841025641025641 0.7699530516431925 426 390
f1, pre, rec [1736 2316] 0.7434096616892018 0.8562153522168049 0.6724844153863619
count 49
f1, pre, rec [ 269 1979 2328] 0.815165876777251 0.8229665071770335 0.8075117370892019 426 418
f1, pre, rec [ 269 1979 2328] 0.744874074242019 0.8555368043588505 0.6752400750129505
count 50
f1, pre, rec [2052 2155] 0.7644787644787644 0.9 0.6644295302013423 298 220
f1, pre, rec [2052 2155] 0.7452661680467539 0.8564260682716734 0.6750238641167182
count 51
f1, pre, rec [438 866] 0.7425474254742547 0.9013157894736842 0.631336405529954 217 152
f1, pre, rec [438 866] 0.7452128593688618 0.8573062588834776 0.6741672472816836
count 52
f1, pre, rec [ 426 2190] 0.7333333333333334 0.9230769230769231 0.6082949308755761 217 143
f1, pre, rec [ 426 2190] 0.7449844069451017 0.8585710793487361 0.6729004719661815
count 53
f1, pre, rec [2091] 0.8211615871190339 0.7752442996742671 0.8728606356968215 818 921
f1, pre, rec [2091] 0.7464217122314024 0.8569988759586518 0.6766733052441182
count 54
f1, pre, rec [ 876 1344 2387] 0.8934624697336561 0.9044117647058824 0.8827751196172249 418 408
f1, pre, rec [ 876 1344 2387] 0.7491446892221849 0.8578768924169339 0.6804900055102868
count 55
f1, pre, rec [ 990 1169] 0.8151774785801713 0.8516624040920716 0.7816901408450704 426 391
f1, pre, rec [ 990 1169] 0.7503452853923301 0.8577639017201183 0.6823300079709193
count 56
f1, pre, rec [2175] 0.8131487889273357 0.769650655021834 0.8618581907090465 818 916
f1, pre, rec [2175] 0.7514667765268838 0.8561904508862204 0.6855358683769571
count 57
f1, pre, rec [2154] 0.7386363636363635 0.9629629629629629 0.5990783410138248 217 135
f1, pre, rec [2154] 0.7512416815638923 0.858063652852479 0.6840190696512881
count 58
f1, pre, rec [ 333 2263] 0.7900763358778625 0.915929203539823 0.6946308724832215 298 226
f1, pre, rec [ 333 2263] 0.7519112445693056 0.8590613347608815 0.6842020317690801
count 59
f1, pre, rec [1068 1190 2598] 0.8196359624931054 0.7467336683417085 0.9083129584352079 818 995
f1, pre, rec [1068 1190 2598] 0.7530591211442852 0.8571574760080142 0.6880005220515569
count 60
f1, pre, rec [1908] 0.8152866242038216 0.7744774477447744 0.8606356968215159 818 909
f1, pre, rec [1908] 0.7540962461952775 0.8557794755369602 0.6908777749643896
count 61
f1, pre, rec [2282] 0.823327615780446 0.7733619763694952 0.8801955990220048 818 931
f1, pre, rec [2282] 0.7552311866802801 0.8544283689932312 0.69398134585058
count 62
f1, pre, rec [ 116 2128] 0.77088948787062 0.9285714285714286 0.6589861751152074 217 154
f1, pre, rec [ 116 2128] 0.7554837399252856 0.8556242247928796 0.6934169076129127
count 63
f1, pre, rec [616] 0.47430830039525695 0.821917808219178 0.3333333333333333 180 73
f1, pre, rec [616] 0.7510206377105233 0.8550892023075827 0.6877012953227607
count 64
f1, pre, rec [956] 0.7085714285714285 0.9323308270676691 0.5714285714285714 217 133
f1, pre, rec [956] 0.750357368817725 0.856296102694459 0.685884534011914
count 65
f1, pre, rec [ 513 1507 2449] 0.799043062200957 0.8146341463414634 0.784037558685446 426 410
f1, pre, rec [ 513 1507 2449] 0.7511063794851593 0.8556551495197975 0.687394580545353
count 66
f1, pre, rec [818 913] 0.694078947368421 0.8210116731517509 0.6011396011396012 351 257
f1, pre, rec [818 913] 0.7502423274833905 0.8551302483627059 0.686087686917993
count 67
f1, pre, rec [871] 0.7740667976424361 0.933649289099526 0.6610738255033557 298 211
f1, pre, rec [871] 0.7505979165902419 0.8563021743438525 0.6857143457028493
count 68
f1, pre, rec [  86  659 1358] 0.5571428571428572 0.78 0.43333333333333335 180 100
f1, pre, rec [  86  659 1358] 0.7477529892454274 0.8551800835446782 0.6820028602268269
count 69
f1, pre, rec [1693 2228] 0.692436974789916 0.8442622950819673 0.5868945868945868 351 244
f1, pre, rec [1693 2228] 0.7469513078765069 0.855021854726378 0.6806244794538959
count 70
f1, pre, rec [ 880 2401] 0.8905289052890528 0.9164556962025316 0.8660287081339713 418 395
f1, pre, rec [ 880 2401] 0.7490024164109719 0.8558994810331803 0.6832731112921827
count 71
f1, pre, rec [665] 0.8875154511742893 0.9181585677749361 0.8588516746411483 418 391
f1, pre, rec [665] 0.7509533042245397 0.8567763695788388 0.68574604880414
count 72
f1, pre, rec [1496 1517] 0.7790697674418605 0.9220183486238532 0.674496644295302 298 218
f1, pre, rec [1496 1517] 0.7513438106581136 0.8576825081766862 0.6855898070748506
count 73
f1, pre, rec [ 773  860 1029] 0.8222841225626741 0.7553735926305015 0.902200488997555 818 977
f1, pre, rec [ 773  860 1029] 0.7523155957526966 0.8562810161829029 0.6885570766902301
count 74
f1, pre, rec [ 401  983 2500] 0.8175182481751824 0.7559709241952233 0.8899755501222494 818 963
f1, pre, rec [ 401  983 2500] 0.7531967126773248 0.8549254743992856 0.6912789479528251
count 75
f1, pre, rec [2334] 0.5735294117647058 0.8478260869565217 0.43333333333333335 180 92
f1, pre, rec [2334] 0.7508011486651565 0.8548308159000487 0.6878396730912318
count 76
f1, pre, rec [733] 0.4621513944223108 0.8169014084507042 0.32222222222222224 180 71
f1, pre, rec [733] 0.7470031255830138 0.8543317447493994 0.6830289171587448
count 77
f1, pre, rec [410] 0.7138810198300283 0.9264705882352942 0.5806451612903226 217 136
f1, pre, rec [410] 0.7465729683654425 0.8552686128466188 0.6816992579916225
count 78
f1, pre, rec [782] 0.682842287694974 0.8716814159292036 0.5612535612535613 351 226
f1, pre, rec [782] 0.7457559083568468 0.8554790333989596 0.6801550823924165
count 79
f1, pre, rec [1508 1736] 0.8156288156288155 0.8498727735368957 0.784037558685446 426 393
f1, pre, rec [1508 1736] 0.7466403755375046 0.8554080680842501 0.6814700504467587
count 80
f1, pre, rec [1657 2440 2458] 0.8206979542719615 0.8419753086419753 0.8004694835680751 426 405
f1, pre, rec [1657 2440 2458] 0.7475660952716854 0.8552401585912216 0.6829575433607751
count 81
f1, pre, rec [1992] 0.7579365079365079 0.9271844660194175 0.6409395973154363 298 206
f1, pre, rec [1992] 0.7476941250576707 0.8561283599174956 0.6824388032861413
count 82
f1, pre, rec [ 166  413 2015] 0.8010471204188481 0.9272727272727272 0.7050691244239631 217 165
f1, pre, rec [ 166  413 2015] 0.7483447713425632 0.8569959741535349 0.6827147828122123
count 83
f1, pre, rec [ 902 1087 2491] 0.819290465631929 0.7494929006085193 0.9034229828850856 818 986
f1, pre, rec [ 902 1087 2491] 0.7491995387436399 0.8557007563999804 0.6853739177528493
count 84
f1, pre, rec [764] 0.8134328358208955 0.8650793650793651 0.7676056338028169 426 378
f1, pre, rec [764] 0.7499642208517026 0.8558124065033065 0.6863528667534441
count 85
f1, pre, rec [ 528 1147 2284] 0.8345403899721449 0.7666325486182191 0.9156479217603912 818 977
f1, pre, rec [ 528 1147 2284] 0.7509592346060607 0.8547632317046584 0.6890504556358787
count 86
f1, pre, rec [ 474 2107] 0.6839546191247975 0.793233082706767 0.6011396011396012 351 266
f1, pre, rec [ 474 2107] 0.750180111170232 0.8540477648558457 0.68802823639755
count 87
f1, pre, rec [   2 1400] 0.8071065989847716 0.8983050847457628 0.7327188940092166 217 177
f1, pre, rec [   2 1400] 0.7508344386163761 0.8545564696821665 0.6885419221172243
count 88
f1, pre, rec [353] 0.7716535433070868 0.9333333333333333 0.6577181208053692 298 210
f1, pre, rec [353] 0.7510710193514978 0.8554516613145662 0.6881916516477714
count 89
f1, pre, rec [2149 2427] 0.8872549019607844 0.9095477386934674 0.8660287081339713 418 398
f1, pre, rec [2149 2427] 0.7526011753358718 0.8560594824087111 0.6901898208217737
count 90
f1, pre, rec [2448] 0.8064918851435704 0.8613333333333333 0.7582159624413145 426 375
f1, pre, rec [2448] 0.7531999610004019 0.856118080752318 0.6909456668397685
count 91
f1, pre, rec [1441 1956] 0.8905109489051095 0.905940594059406 0.8755980861244019 418 404
f1, pre, rec [1441 1956] 0.7547088729553986 0.8566655808985497 0.6929748143044349
count 92
f1, pre, rec [1467] 0.8869565217391304 0.9224806201550387 0.854066985645933 418 387
f1, pre, rec [1467] 0.7561463473987 0.8573809617600333 0.6947258161668425
count 93
f1, pre, rec [2173] 0.6724436741767764 0.8584070796460177 0.5527065527065527 351 226
f1, pre, rec [2173] 0.7552463186543783 0.857391995285689 0.6931987273124306
count 94
f1, pre, rec [1038 2354 2364] 0.5705128205128205 0.6742424242424242 0.49444444444444446 180 132
f1, pre, rec [1038 2354 2364] 0.7532810686741489 0.8554435955937394 0.6910843200478776
count 95
f1, pre, rec [579 661] 0.8186936936936937 0.7588726513569938 0.8887530562347188 818 958
f1, pre, rec [579 661] 0.7539696226217231 0.8544270593386157 0.6931650435866864
count 96
f1, pre, rec [ 756 1090 1721] 0.8052256532066507 0.8149038461538461 0.795774647887324 426 416
f1, pre, rec [ 756 1090 1721] 0.7545035396069827 0.8540153592012744 0.6942338936314848
count 97
f1, pre, rec [ 273 1547 2660] 0.793168880455408 0.9126637554585153 0.7013422818791947 298 229
f1, pre, rec [ 273 1547 2660] 0.7549021513683066 0.8546199818431015 0.6943071759845539
count 98
f1, pre, rec [1154 2689] 0.8980582524271844 0.9113300492610837 0.8851674641148325 418 406
f1, pre, rec [1154 2689] 0.7563629279097238 0.8551986560004279 0.6962547299450669
count 99
f1, pre, rec [1781] 0.7931456548347614 0.8286445012787724 0.7605633802816901 426 391
f1, pre, rec [1781] 0.7567344706059363 0.8549304322153606 0.6969043122716996
count 100
f1, pre, rec [2199] 0.7507002801120449 0.9571428571428572 0.6175115207373272 217 140
f1, pre, rec [2199] 0.7566741287009974 0.8559525564646355 0.6961103843563557
F1, Pre, Rec 0.7566741287009974 0.8559525564646355 0.6961103843563557
NMI:  0.5037871221819763
ARI:  0.6659148832756978
JAC:  0.6194533955573491
test1 time, avg time 0 0.0
==================================== 0.831068127843429 0.7558487521794571 0.791675752289577
test1 time, test1 num 106.59567046165466 100
current best val score (precision, recall, f1score) : 0.8302072772332996 0.7619478404714518 0.7946143375069074
corresponding test1 score (precision, recall, f1score) : 0.8559525564646355 0.6961103843563557 0.7566741287009974
9 loss tensor(13.0006, grad_fn=<AddBackward0>)
10 loss tensor(10.8029, grad_fn=<AddBackward0>)
11 loss tensor(10.7658, grad_fn=<AddBackward0>)
12 loss tensor(9.0642, grad_fn=<AddBackward0>)
13 loss tensor(8.6951, grad_fn=<AddBackward0>)
14 loss tensor(8.3846, grad_fn=<AddBackward0>)
15 loss tensor(7.4331, grad_fn=<AddBackward0>)
16 loss tensor(7.2280, grad_fn=<AddBackward0>)
17 loss tensor(6.8329, grad_fn=<AddBackward0>)
18 loss tensor(6.3322, grad_fn=<AddBackward0>)

validation
num  all, output label  270800 30363.858775316538 38689.0
num  all, output_bin label_bin  270800 26932 38689
num  all, output_bin_0.4 label_bin_0.4  270800 30086 38689
iou_thr: 0.05, precision, recall, f1_score : 0.664 0.929 0.775
iou_thr: 0.10, precision, recall, f1_score : 0.817 0.883 0.848
iou_thr: 0.15, precision, recall, f1_score : 0.876 0.849 0.862
iou_thr: 0.20, precision, recall, f1_score : 0.904 0.826 0.863
iou_thr: 0.25, precision, recall, f1_score : 0.930 0.802 0.861
iou_thr: 0.30, precision, recall, f1_score : 0.950 0.777 0.855
iou_thr: 0.35, precision, recall, f1_score : 0.968 0.752 0.847
iou_thr: 0.40, precision, recall, f1_score : 0.977 0.728 0.834
iou_thr: 0.45, precision, recall, f1_score : 0.985 0.708 0.824
iou_thr: 0.50, precision, recall, f1_score : 0.989 0.689 0.812
iou_thr: 0.55, precision, recall, f1_score : 0.992 0.671 0.800
iou_thr: 0.60, precision, recall, f1_score : 0.993 0.653 0.788
iou_thr: 0.65, precision, recall, f1_score : 0.994 0.637 0.777
iou_thr: 0.70, precision, recall, f1_score : 0.995 0.621 0.764
iou_thr: 0.75, precision, recall, f1_score : 0.996 0.604 0.752
iou_thr: 0.80, precision, recall, f1_score : 0.996 0.586 0.738
iou_thr: 0.85, precision, recall, f1_score : 0.996 0.563 0.719
iou_thr: 0.90, precision, recall, f1_score : 0.996 0.531 0.693
iou_thr: 0.95, precision, recall, f1_score : 0.998 0.472 0.641
current best thr  0.2
current val score (precision, recall, f1score) : 0.9044667119565217 0.8258936648659826 0.8633962468081656
count 1
f1, pre, rec [2098] 0.7753743760399335 0.932 0.6638176638176638 351 250
f1, pre, rec [2098] 0.7753743760399335 0.932 0.6638176638176638
count 2
f1, pre, rec [151] 0.6494464944649446 0.967032967032967 0.4888888888888889 180 91
f1, pre, rec [151] 0.7124104352524391 0.9495164835164835 0.5763532763532764
count 3
f1, pre, rec [ 101 1454 1959] 0.8890128276631344 0.8174358974358974 0.9743276283618582 818 975
f1, pre, rec [ 101 1454 1959] 0.7712778993893376 0.9054896214896214 0.7090113936894703
count 4
f1, pre, rec [2689] 0.9263420724094881 0.9686684073107049 0.8875598086124402 418 383
f1, pre, rec [2689] 0.8100439426443752 0.9212843179448923 0.7536484974202128
count 5
f1, pre, rec [954] 0.9251870324189526 0.9661458333333334 0.8875598086124402 418 384
f1, pre, rec [954] 0.8330725605992907 0.9302566210225806 0.7804307596586583
count 6
f1, pre, rec [ 714  950 2433] 0.929192546583851 0.9664082687338501 0.8947368421052632 418 387
f1, pre, rec [ 714  950 2433] 0.849092558263384 0.9362818956411254 0.799481773399759
count 7
f1, pre, rec [1605 1637] 0.9238451935081149 0.9660574412532638 0.8851674641148325 418 383
f1, pre, rec [1605 1637] 0.8597715061554884 0.9405355450142879 0.8117225863590553
count 8
f1, pre, rec [1026 2405 2687] 0.8968944099378882 0.9525065963060686 0.8474178403755869 426 379
f1, pre, rec [1026 2405 2687] 0.8644118691282883 0.9420319264257606 0.8161844931111217
count 9
f1, pre, rec [658] 0.7755775577557755 0.9215686274509803 0.6695156695156695 351 255
f1, pre, rec [658] 0.854541390086898 0.939758226539674 0.7998879571560714
count 10
f1, pre, rec [1116] 0.8333333333333334 0.9862385321100917 0.7214765100671141 298 218
f1, pre, rec [1116] 0.8524205844115416 0.9444062570967157 0.7920468124471757
count 11
f1, pre, rec [ 466  988 1112] 0.8987654320987654 0.9479166666666666 0.8544600938967136 426 384
f1, pre, rec [ 466  988 1112] 0.8566337523831073 0.9447253852394385 0.7977207471244064
count 12
f1, pre, rec [ 684  946 2252] 0.726643598615917 0.963302752293578 0.5833333333333334 180 109
f1, pre, rec [ 684  946 2252] 0.8458012395691749 0.9462734991606166 0.7798551293084838
count 13
f1, pre, rec [ 754 1070 1260] 0.7202797202797203 0.9716981132075472 0.5722222222222222 180 106
f1, pre, rec [ 754 1070 1260] 0.8361457380853706 0.9482292387026882 0.7638833672249252
count 14
f1, pre, rec [ 856 2640 2645] 0.6855123674911661 0.941747572815534 0.5388888888888889 180 103
f1, pre, rec [ 856 2640 2645] 0.825386211614356 0.9477662625678914 0.7478123330580655
count 15
f1, pre, rec [ 198  575 1401] 0.7827476038338658 0.8909090909090909 0.698005698005698 351 275
f1, pre, rec [ 198  575 1401] 0.8225436377623232 0.9439757844573047 0.744491890721241
count 16
f1, pre, rec [  94 1812 1962] 0.7838709677419354 0.9033457249070632 0.6923076923076923 351 269
f1, pre, rec [  94 1812 1962] 0.820126595886049 0.9414364057354146 0.7412303783203942
count 17
f1, pre, rec [1289] 0.8368421052631579 0.9754601226993865 0.7327188940092166 217 163
f1, pre, rec [1289] 0.8211098611435259 0.9434378008509424 0.7407297027726779
count 18
f1, pre, rec [692 713] 0.927860696517413 0.966321243523316 0.8923444976076556 418 386
f1, pre, rec [692 713] 0.8270404631087419 0.9447091032216299 0.7491527469301766
count 19
f1, pre, rec [1030 1316 2404] 0.7062937062937064 0.9528301886792453 0.5611111111111111 180 106
f1, pre, rec [1030 1316 2404] 0.8206853706447926 0.9451365287720308 0.7392558187291732
count 20
f1, pre, rec [ 502 2420 2671] 0.8323699421965318 0.9773755656108597 0.7248322147651006 298 221
f1, pre, rec [ 502 2420 2671] 0.8212695992223796 0.9467484806139723 0.7385346385309697
count 21
f1, pre, rec [  31 2044 2340] 0.927860696517413 0.966321243523316 0.8923444976076556 418 386
f1, pre, rec [  31 2044 2340] 0.8263453657602384 0.9476805169429887 0.7458589175346214
count 22
f1, pre, rec [  91 1821 2235] 0.7793880837359098 0.8962962962962963 0.6894586894586895 351 270
f1, pre, rec [  91 1821 2235] 0.8242109438500417 0.9453448705499572 0.7432952708038972
count 23
f1, pre, rec [167 437] 0.8489583333333334 0.9760479041916168 0.7511520737327189 217 167
f1, pre, rec [167 437] 0.8252869173058369 0.9466797850561164 0.7436368709312373
count 24
f1, pre, rec [   5 1497 2154] 0.8564102564102565 0.9653179190751445 0.7695852534562212 217 173
f1, pre, rec [   5 1497 2154] 0.8265837231018544 0.9474563739735758 0.7447180535364449
count 25
f1, pre, rec [  64 1728] 0.8944099378881989 0.9498680738786279 0.8450704225352113 426 379
f1, pre, rec [  64 1728] 0.8292967716933082 0.9475528419697778 0.7487321482963957
count 26
f1, pre, rec [ 871 2158] 0.836852207293666 0.9775784753363229 0.7315436241610739 298 223
f1, pre, rec [ 871 2158] 0.829587365370245 0.9487076740223372 0.7480710512142679
count 27
f1, pre, rec [ 499 1472] 0.8429118773946359 0.9821428571428571 0.738255033557047 298 224
f1, pre, rec [ 499 1472] 0.8300808658155928 0.949946014137912 0.7477074950047411
count 28
f1, pre, rec [2004] 0.6594202898550725 0.9479166666666666 0.5055555555555555 180 96
f1, pre, rec [2004] 0.8239858452455743 0.9498735374425105 0.7390592114529845
count 29
f1, pre, rec [ 777 1497 2177] 0.8608247422680412 0.9766081871345029 0.7695852534562212 217 171
f1, pre, rec [ 777 1497 2177] 0.8252561520394524 0.9507954219146482 0.7401118335910272
count 30
f1, pre, rec [ 863 2034 2147] 0.771004942339374 0.9140625 0.6666666666666666 351 256
f1, pre, rec [ 863 2034 2147] 0.8234477783827832 0.9495709911841599 0.7376636613602152
count 31
f1, pre, rec [1496] 0.8333333333333334 0.9862385321100917 0.7214765100671141 298 218
f1, pre, rec [1496] 0.8237666672521556 0.9507538150849965 0.7371414951894699
count 32
f1, pre, rec [1530 1586] 0.9276807980049875 0.96875 0.8899521531100478 418 384
f1, pre, rec [1530 1586] 0.8270139838381817 0.9513161958635903 0.741916828249488
count 33
f1, pre, rec [123 301] 0.8415584415584416 0.9642857142857143 0.7465437788018433 217 168
f1, pre, rec [123 301] 0.8274547249812199 0.9517092115733516 0.7420570388722867
count 34
f1, pre, rec [1897] 0.6690909090909092 0.968421052631579 0.5111111111111111 180 95
f1, pre, rec [1897] 0.8227969656903283 0.9522007363103583 0.7352645115851932
count 35
f1, pre, rec [143 213 443] 0.7864077669902912 0.9101123595505618 0.6923076923076923 351 267
f1, pre, rec [143 213 443] 0.8217572742988987 0.9509982112600783 0.7340371738915503
count 36
f1, pre, rec [2064] 0.7687188019966722 0.924 0.6581196581196581 351 250
f1, pre, rec [2064] 0.8202839834016147 0.9502482609472983 0.7319283540089978
count 37
f1, pre, rec [ 786 1796 1875] 0.8876467300167692 0.8177136972193615 0.9706601466992665 818 971
f1, pre, rec [ 786 1796 1875] 0.8221045981749971 0.9466662457114081 0.7383805646222483
count 38
f1, pre, rec [2220 2502] 0.8905191873589166 0.8270440251572327 0.9645476772616137 818 954
f1, pre, rec [2220 2502] 0.8239049821008898 0.9435182925389299 0.7443323307443369
count 39
f1, pre, rec [ 156 2054 2312] 0.7067137809187279 0.970873786407767 0.5555555555555556 180 103
f1, pre, rec [ 156 2054 2312] 0.8209000795064754 0.9442197154586436 0.7394919006112912
count 40
f1, pre, rec [ 632 1257 2252] 0.7222222222222221 0.9629629629629629 0.5777777777777777 180 108
f1, pre, rec [ 632 1257 2252] 0.818433133074369 0.9446882966462515 0.7354490475404535
count 41
f1, pre, rec [835] 0.8333333333333334 0.9862385321100917 0.7214765100671141 298 218
f1, pre, rec [835] 0.8187965525928804 0.9457017170234184 0.7351082539435427
count 42
f1, pre, rec [ 414 1450 1994] 0.8578811369509043 0.9764705882352941 0.7649769585253456 217 170
f1, pre, rec [ 414 1450 1994] 0.8197271379347381 0.9464343091951297 0.7358194135764428
count 43
f1, pre, rec [1510 2230] 0.8944099378881989 0.9498680738786279 0.8450704225352113 426 379
f1, pre, rec [1510 2230] 0.8214639472359814 0.9465141641877692 0.7383601347150188
count 44
f1, pre, rec [  98 2126] 0.8378378378378378 0.9863636363636363 0.7281879194630873 298 220
f1, pre, rec [  98 2126] 0.8218360811132963 0.947419834009948 0.7381289480047477
count 45
f1, pre, rec [1677 2101] 0.8900169204737732 0.8261780104712042 0.9645476772616137 818 955
f1, pre, rec [1677 2101] 0.8233512108768625 0.9447255712646425 0.7431604753215669
count 46
f1, pre, rec [191 590] 0.7755775577557755 0.9215686274509803 0.6695156695156695 351 255
f1, pre, rec [191 590] 0.8223126532003171 0.9442221594426065 0.7415595012823083
count 47
f1, pre, rec [937] 0.8378378378378378 0.9863636363636363 0.7281879194630873 298 220
f1, pre, rec [937] 0.8226429762777112 0.9451187866111389 0.7412749995414738
count 48
f1, pre, rec [1736 2316] 0.8849999999999999 0.946524064171123 0.8309859154929577 426 374
f1, pre, rec [1736 2316] 0.8239420809385921 0.9451480632269719 0.7431439769571297
count 49
f1, pre, rec [ 269 1979 2328] 0.8949320148331272 0.9451697127937336 0.8497652582159625 426 383
f1, pre, rec [ 269 1979 2328] 0.825390855099705 0.945148505054865 0.745319921472616
count 50
f1, pre, rec [2052 2155] 0.8396946564885496 0.9734513274336283 0.738255033557047 298 226
f1, pre, rec [2052 2155] 0.8256769311274819 0.9457145615024403 0.7451786237143047
count 51
f1, pre, rec [438 866] 0.8346456692913385 0.9695121951219512 0.7327188940092166 217 164
f1, pre, rec [438 866] 0.825852788738538 0.9461811817694895 0.7449343152887147
count 52
f1, pre, rec [ 426 2190] 0.84375 0.9700598802395209 0.7465437788018433 217 167
f1, pre, rec [ 426 2190] 0.8261969658781815 0.9466403875092978 0.7449652665101211
count 53
f1, pre, rec [2091] 0.893159977388355 0.8307045215562566 0.9657701711491442 818 951
f1, pre, rec [2091] 0.8274604189255432 0.9444529183403725 0.749131396786329
count 54
f1, pre, rec [ 876 1344 2387] 0.9331683168316831 0.9666666666666667 0.9019138755980861 418 390
f1, pre, rec [ 876 1344 2387] 0.8294179725904718 0.9448642840501187 0.7519607019495097
count 55
f1, pre, rec [ 990 1169] 0.896637608966376 0.9549071618037135 0.8450704225352113 426 377
f1, pre, rec [ 990 1169] 0.8306401477973063 0.9450468818274568 0.7536536059601587
count 56
f1, pre, rec [2175] 0.8947963800904976 0.8326315789473684 0.9669926650366748 818 950
f1, pre, rec [2175] 0.8317857948025419 0.9430394657045981 0.7574632320150966
count 57
f1, pre, rec [2154] 0.8359788359788358 0.9813664596273292 0.728110599078341 217 161
f1, pre, rec [2154] 0.8318593569284417 0.9437118691067513 0.7569482735425219
count 58
f1, pre, rec [ 333 2263] 0.8406909788867561 0.9820627802690582 0.7348993288590604 298 223
f1, pre, rec [ 333 2263] 0.8320116262725507 0.944373091712998 0.7565681193238415
count 59
f1, pre, rec [1068 1190 2598] 0.8880179171332587 0.8192148760330579 0.969437652811736 818 968
f1, pre, rec [1068 1190 2598] 0.8329608854396813 0.9422517660235075 0.7601760775185515
count 60
f1, pre, rec [1908] 0.8935447338618346 0.8322784810126582 0.9645476772616137 818 948
f1, pre, rec [1908] 0.8339706162467172 0.9404188779399933 0.7635822708476027
count 61
f1, pre, rec [2282] 0.8900169204737732 0.8261780104712042 0.9645476772616137 818 955
f1, pre, rec [2282] 0.834889408119292 0.9385460768339475 0.7668767857068487
count 62
f1, pre, rec [ 116 2128] 0.8481675392670157 0.9818181818181818 0.7465437788018433 217 165
f1, pre, rec [ 116 2128] 0.8351035715249004 0.9392440140111127 0.7665488339825745
count 63
f1, pre, rec [616] 0.6373626373626374 0.9354838709677419 0.48333333333333334 180 93
f1, pre, rec [616] 0.8319648265381978 0.9391843292009004 0.7620533498452848
count 64
f1, pre, rec [956] 0.837696335078534 0.9696969696969697 0.7373271889400922 217 165
f1, pre, rec [956] 0.8320543813591406 0.9396610892086515 0.7616670035811413
count 65
f1, pre, rec [ 513 1507 2449] 0.8891625615763548 0.9352331606217616 0.8474178403755869 426 386
f1, pre, rec [ 513 1507 2449] 0.8329329687470978 0.9395929672303918 0.7629862472241327
count 66
f1, pre, rec [818 913] 0.7722772277227722 0.9176470588235294 0.6666666666666666 351 255
f1, pre, rec [818 913] 0.8320139423679414 0.9392604534666513 0.7615268596399286
count 67
f1, pre, rec [871] 0.836223506743738 0.9819004524886877 0.7281879194630873 298 221
f1, pre, rec [871] 0.832076771686983 0.9398968713625027 0.7610292635178862
count 68
f1, pre, rec [  86  659 1358] 0.710801393728223 0.9532710280373832 0.5666666666666667 180 107
f1, pre, rec [  86  659 1358] 0.8302933102464131 0.9400935501371332 0.7581709900347802
count 69
f1, pre, rec [1693 2228] 0.765886287625418 0.9271255060728745 0.6524216524216524 351 247
f1, pre, rec [1693 2228] 0.8293598751359639 0.9399056074695353 0.7566383909389377
count 70
f1, pre, rec [ 880 2401] 0.9263420724094881 0.9686684073107049 0.8875598086124402 418 383
f1, pre, rec [ 880 2401] 0.8307453350970142 0.9403165046101234 0.758508696905702
count 71
f1, pre, rec [665] 0.9251870324189526 0.9661458333333334 0.8875598086124402 418 384
f1, pre, rec [665] 0.8320754998480275 0.940680297972422 0.7603263181973461
count 72
f1, pre, rec [1496 1517] 0.8400770712909442 0.9864253393665159 0.7315436241610739 298 221
f1, pre, rec [1496 1517] 0.8321866327847346 0.9413156457695623 0.7599265585579534
count 73
f1, pre, rec [ 773  860 1029] 0.8891377379619261 0.8202479338842975 0.9706601466992665 818 968
f1, pre, rec [ 773  860 1029] 0.8329667849104495 0.939657183962915 0.7628133200393413
count 74
f1, pre, rec [ 401  983 2500] 0.8875209848908786 0.8183694530443757 0.969437652811736 818 969
f1, pre, rec [ 401  983 2500] 0.8337040038291039 0.9380181605721237 0.7656055407524818
count 75
f1, pre, rec [2334] 0.6690909090909092 0.968421052631579 0.5111111111111111 180 95
f1, pre, rec [2334] 0.8315091625659281 0.9384235324662499 0.7622122816905968
count 76
f1, pre, rec [733] 0.6544117647058822 0.967391304347826 0.49444444444444446 180 92
f1, pre, rec [733] 0.829178933646717 0.9388046873594286 0.7586890206742002
count 77
f1, pre, rec [410] 0.8421052631578947 0.9815950920245399 0.7373271889400922 217 163
f1, pre, rec [410] 0.8293468080559531 0.9393604069005338 0.758411594288043
count 78
f1, pre, rec [782] 0.7766666666666666 0.9357429718875502 0.6638176638176638 351 249
f1, pre, rec [782] 0.8286714216278853 0.9393140295285725 0.7571988515897047
count 79
f1, pre, rec [1508 1736] 0.8927680798004988 0.9521276595744681 0.8403755868544601 426 376
f1, pre, rec [1508 1736] 0.8294827717313362 0.9394762273772548 0.7582517216563471
count 80
f1, pre, rec [1657 2440 2458] 0.896039603960396 0.9476439790575916 0.8497652582159625 426 382
f1, pre, rec [1657 2440 2458] 0.8303147321341994 0.9395783242732589 0.7593956408633423
count 81
f1, pre, rec [1992] 0.8378378378378378 0.9863636363636363 0.7281879194630873 298 220
f1, pre, rec [1992] 0.8304076099823925 0.9401559207188191 0.7590103603522281
count 82
f1, pre, rec [ 166  413 2015] 0.8637532133676091 0.9767441860465116 0.7741935483870968 217 172
f1, pre, rec [ 166  413 2015] 0.8308142636822122 0.940602119076474 0.7591955211819216
count 83
f1, pre, rec [ 902 1087 2491] 0.8911335578002245 0.8236514522821576 0.9706601466992665 818 964
f1, pre, rec [ 902 1087 2491] 0.8315410021655619 0.9391930748982292 0.7617432877544198
count 84
f1, pre, rec [764] 0.8866498740554156 0.9565217391304348 0.8262910798122066 426 368
f1, pre, rec [764] 0.8321970601642507 0.9393993685200412 0.7625117138503458
count 85
f1, pre, rec [ 528 1147 2284] 0.891755468311834 0.8238341968911918 0.9718826405867971 818 965
f1, pre, rec [ 528 1147 2284] 0.8328977473189281 0.9380397782655843 0.7649749012237158
count 86
f1, pre, rec [ 474 2107] 0.7770491803278688 0.915057915057915 0.6752136752136753 351 259
f1, pre, rec [ 474 2107] 0.8322483453771715 0.9377725472980533 0.7639311660375525
count 87
f1, pre, rec [   2 1400] 0.8564102564102565 0.9653179190751445 0.7695852534562212 217 173
f1, pre, rec [   2 1400] 0.8325260684924943 0.9380891607667555 0.763996155548112
count 88
f1, pre, rec [353] 0.8378378378378378 0.9863636363636363 0.7281879194630873 298 220
f1, pre, rec [353] 0.8325864295077824 0.9386377343530836 0.7635892437744185
count 89
f1, pre, rec [2149 2427] 0.9276807980049875 0.96875 0.8899521531100478 418 384
f1, pre, rec [2149 2427] 0.8336549055583127 0.9389760744165322 0.7650090517444816
count 90
f1, pre, rec [2448] 0.8883312421580929 0.954177897574124 0.8309859154929577 426 371
f1, pre, rec [2448] 0.8342624204094213 0.9391449835627277 0.7657421280083536
count 91
f1, pre, rec [1441 1956] 0.929192546583851 0.9664082687338501 0.8947368421052632 418 387
f1, pre, rec [1441 1956] 0.8353056086091404 0.9394445801030696 0.7671596523390889
count 92
f1, pre, rec [1467] 0.9209535759096611 0.9683377308707124 0.8779904306220095 418 379
f1, pre, rec [1467] 0.8362365647754504 0.9397586360896745 0.7683643347117293
count 93
f1, pre, rec [2173] 0.762063227953411 0.916 0.6524216524216524 351 250
f1, pre, rec [2173] 0.835439002013923 0.939503166884409 0.7671176392032338
count 94
f1, pre, rec [1038 2354 2364] 0.7177700348432056 0.9626168224299065 0.5722222222222222 180 107
f1, pre, rec [1038 2354 2364] 0.8341872044908303 0.9397490568370208 0.7650442837034358
count 95
f1, pre, rec [579 661] 0.8860190903986525 0.8193146417445483 0.9645476772616137 818 963
f1, pre, rec [579 661] 0.83473280328986 0.9384813261518369 0.767144319425101
count 96
f1, pre, rec [ 756 1090 1721] 0.8955223880597014 0.9523809523809523 0.8450704225352113 426 378
f1, pre, rec [ 756 1090 1721] 0.8353660281312125 0.9386261139250568 0.7679560496658313
count 97
f1, pre, rec [ 273 1547 2660] 0.8406909788867561 0.9820627802690582 0.7348993288590604 298 223
f1, pre, rec [ 273 1547 2660] 0.8354209245307542 0.9390739146090157 0.767615258729679
count 98
f1, pre, rec [1154 2689] 0.927860696517413 0.966321243523316 0.8923444976076556 418 386
f1, pre, rec [1154 2689] 0.8363641875102099 0.9393519485775288 0.7688880060651685
count 99
f1, pre, rec [1781] 0.887218045112782 0.9516129032258065 0.8309859154929577 426 372
f1, pre, rec [1781] 0.8368778628395289 0.9394757966042792 0.7695152576755503
count 100
f1, pre, rec [2199] 0.8511749347258486 0.9819277108433735 0.7511520737327189 217 166
f1, pre, rec [2199] 0.8370208335583921 0.9399003157466701 0.7693316258361219
F1, Pre, Rec 0.8370208335583921 0.9399003157466701 0.7693316258361219
NMI:  0.6429814230433227
ARI:  0.7730601123258312
JAC:  0.726694482546325
test1 time, avg time 0 0.0
==================================== 0.9057817682717603 0.8243422593488953 0.8631452744587801
test1 time, test1 num 114.81308341026306 100
current best val score (precision, recall, f1score) : 0.9044667119565217 0.8258936648659826 0.8633962468081656
corresponding test1 score (precision, recall, f1score) : 0.9399003157466701 0.7693316258361219 0.8370208335583921
19 loss tensor(5.9728, grad_fn=<AddBackward0>)
20 loss tensor(5.6201, grad_fn=<AddBackward0>)
21 loss tensor(5.3889, grad_fn=<AddBackward0>)
22 loss tensor(5.1154, grad_fn=<AddBackward0>)
23 loss tensor(5.1797, grad_fn=<AddBackward0>)
24 loss tensor(4.7911, grad_fn=<AddBackward0>)
25 loss tensor(4.5089, grad_fn=<AddBackward0>)
26 loss tensor(4.5307, grad_fn=<AddBackward0>)
27 loss tensor(4.5138, grad_fn=<AddBackward0>)
28 loss tensor(4.1385, grad_fn=<AddBackward0>)

validation
num  all, output label  270800 36347.35554791139 38689.0
num  all, output_bin label_bin  270800 33032 38689
num  all, output_bin_0.4 label_bin_0.4  270800 35838 38689
iou_thr: 0.05, precision, recall, f1_score : 0.600 0.982 0.745
iou_thr: 0.10, precision, recall, f1_score : 0.752 0.961 0.844
iou_thr: 0.15, precision, recall, f1_score : 0.839 0.944 0.888
iou_thr: 0.20, precision, recall, f1_score : 0.886 0.929 0.907
iou_thr: 0.25, precision, recall, f1_score : 0.913 0.915 0.914
iou_thr: 0.30, precision, recall, f1_score : 0.934 0.900 0.916
iou_thr: 0.35, precision, recall, f1_score : 0.953 0.882 0.916
iou_thr: 0.40, precision, recall, f1_score : 0.964 0.871 0.915
iou_thr: 0.45, precision, recall, f1_score : 0.975 0.854 0.911
iou_thr: 0.50, precision, recall, f1_score : 0.982 0.839 0.905
iou_thr: 0.55, precision, recall, f1_score : 0.986 0.822 0.896
iou_thr: 0.60, precision, recall, f1_score : 0.989 0.806 0.888
iou_thr: 0.65, precision, recall, f1_score : 0.992 0.786 0.877
iou_thr: 0.70, precision, recall, f1_score : 0.994 0.770 0.868
iou_thr: 0.75, precision, recall, f1_score : 0.995 0.751 0.856
iou_thr: 0.80, precision, recall, f1_score : 0.996 0.730 0.843
iou_thr: 0.85, precision, recall, f1_score : 0.997 0.707 0.827
iou_thr: 0.90, precision, recall, f1_score : 0.997 0.677 0.807
iou_thr: 0.95, precision, recall, f1_score : 0.998 0.630 0.772
current best thr  0.3
current val score (precision, recall, f1score) : 0.9339361901950788 0.8996097081857892 0.9164516298909896
count 1
f1, pre, rec [2098] 0.8808446455505279 0.9358974358974359 0.8319088319088319 351 312
f1, pre, rec [2098] 0.8808446455505279 0.9358974358974359 0.8319088319088319
count 2
f1, pre, rec [151] 0.7583892617449663 0.9576271186440678 0.6277777777777778 180 118
f1, pre, rec [151] 0.8196169536477471 0.9467622772707518 0.7298433048433048
count 3
f1, pre, rec [ 101 1454 1959] 0.9318706697459584 0.8829321663019694 0.9865525672371638 818 914
f1, pre, rec [ 101 1454 1959] 0.8570348590138176 0.925485573614491 0.8154130589745913
count 4
f1, pre, rec [2689] 0.9590361445783133 0.9660194174757282 0.9521531100478469 418 412
f1, pre, rec [2689] 0.8825351804049415 0.9356190345798003 0.8495980717429051
count 5
f1, pre, rec [954] 0.9602888086642599 0.9661016949152542 0.9545454545454546 418 413
f1, pre, rec [954] 0.8980859060568053 0.9417155666468912 0.870587548303415
count 6
f1, pre, rec [ 714  950 2433] 0.9615384615384616 0.966183574879227 0.9569377990430622 418 414
f1, pre, rec [ 714  950 2433] 0.9086613319704147 0.9457935680189471 0.8849792567600229
count 7
f1, pre, rec [1605 1637] 0.9615384615384616 0.966183574879227 0.9569377990430622 418 414
f1, pre, rec [1605 1637] 0.9162152076229928 0.9487064261418442 0.8952590485147427
count 8
f1, pre, rec [1026 2405 2687] 0.9420289855072463 0.9701492537313433 0.9154929577464789 426 402
f1, pre, rec [1026 2405 2687] 0.9194419298585245 0.9513867795905316 0.8977882871687097
count 9
f1, pre, rec [658] 0.8765060240963856 0.9297124600638977 0.8290598290598291 351 313
f1, pre, rec [658] 0.9146712736627313 0.94897852186535 0.8901517918232786
count 10
f1, pre, rec [1116] 0.8913443830570902 0.9877551020408163 0.8120805369127517 298 245
f1, pre, rec [1116] 0.9123385846021671 0.9528561798828967 0.882344666332226
count 11
f1, pre, rec [ 466  988 1112] 0.9444444444444444 0.972636815920398 0.9178403755868545 426 402
f1, pre, rec [ 466  988 1112] 0.9152572991332832 0.9546544195226695 0.8855715489917376
count 12
f1, pre, rec [ 684  946 2252] 0.7656765676567656 0.943089430894309 0.6444444444444445 180 123
f1, pre, rec [ 684  946 2252] 0.9027922381769068 0.9536906704703062 0.8654776236127965
count 13
f1, pre, rec [ 754 1070 1260] 0.8115015974440895 0.9548872180451128 0.7055555555555556 180 133
f1, pre, rec [ 754 1070 1260] 0.8957698811974593 0.9537827125914451 0.8531759260699319
count 14
f1, pre, rec [ 856 2640 2645] 0.7615894039735099 0.9426229508196722 0.6388888888888888 180 122
f1, pre, rec [ 856 2640 2645] 0.8861855613957486 0.9529855867506042 0.8378697091284287
count 15
f1, pre, rec [ 198  575 1401] 0.879284649776453 0.921875 0.8404558404558404 351 320
f1, pre, rec [ 198  575 1401] 0.8857255006211289 0.9509115476338972 0.8380421178835895
count 16
f1, pre, rec [  94 1812 1962] 0.8882265275707899 0.93125 0.8490028490028491 351 320
f1, pre, rec [  94 1812 1962] 0.8858818148054827 0.9496827009067786 0.8387271635785433
count 17
f1, pre, rec [1289] 0.8992628992628993 0.9631578947368421 0.8433179723502304 217 190
f1, pre, rec [1289] 0.8866689374206248 0.9504753593673707 0.8389972111533484
count 18
f1, pre, rec [692 713] 0.9615384615384616 0.966183574879227 0.9569377990430622 418 414
f1, pre, rec [692 713] 0.8908283554271712 0.9513480380069184 0.8455494660361103
count 19
f1, pre, rec [1030 1316 2404] 0.7922077922077922 0.953125 0.6777777777777778 180 128
f1, pre, rec [1030 1316 2404] 0.8856377994682566 0.9514415623223437 0.8367193771804086
count 20
f1, pre, rec [ 502 2420 2671] 0.8897058823529413 0.983739837398374 0.8120805369127517 298 246
f1, pre, rec [ 502 2420 2671] 0.8858412036124909 0.9530564760761452 0.8354874351670256
count 21
f1, pre, rec [  31 2044 2340] 0.9627851140456182 0.9662650602409638 0.9593301435406698 418 415
f1, pre, rec [  31 2044 2340] 0.8895051993474018 0.9536854562744699 0.841384706994342
count 22
f1, pre, rec [  91 1821 2235] 0.8826151560178307 0.922360248447205 0.8461538461538461 351 322
f1, pre, rec [  91 1821 2235] 0.889192015559694 0.9522615831914124 0.8416014860470468
count 23
f1, pre, rec [167 437] 0.897560975609756 0.9533678756476683 0.847926267281106 217 193
f1, pre, rec [167 437] 0.8895558833879577 0.9523096828634235 0.8418764765354841
count 24
f1, pre, rec [   5 1497 2154] 0.9060240963855422 0.9494949494949495 0.8663594470046083 217 198
f1, pre, rec [   5 1497 2154] 0.8902420589295237 0.9521924023064038 0.842896600305031
count 25
f1, pre, rec [  64 1728] 0.9444444444444444 0.972636815920398 0.9178403755868545 426 402
f1, pre, rec [  64 1728] 0.8924101543501205 0.9530101788509636 0.845894351316304
count 26
f1, pre, rec [ 871 2158] 0.8937728937728938 0.9838709677419355 0.8187919463087249 298 248
f1, pre, rec [ 871 2158] 0.8924625674048425 0.9541971322698471 0.8448519511237047
count 27
f1, pre, rec [ 499 1472] 0.8921389396709323 0.9799196787148594 0.8187919463087249 298 249
f1, pre, rec [ 499 1472] 0.8924505811924754 0.955149819175218 0.843886765760187
count 28
f1, pre, rec [2004] 0.7558528428093646 0.9495798319327731 0.6277777777777778 180 119
f1, pre, rec [2004] 0.8875720905359358 0.9549508910594164 0.836168587617958
count 29
f1, pre, rec [ 777 1497 2177] 0.9033816425120773 0.949238578680203 0.8617511520737328 217 197
f1, pre, rec [ 777 1497 2177] 0.8881172475006303 0.954753914770478 0.8370507450129847
count 30
f1, pre, rec [ 863 2034 2147] 0.8789237668161435 0.9245283018867925 0.8376068376068376 351 318
f1, pre, rec [ 863 2034 2147] 0.8878107981444807 0.9537463943410217 0.8370692814327799
count 31
f1, pre, rec [1496] 0.8913443830570902 0.9877551020408163 0.8120805369127517 298 245
f1, pre, rec [1496] 0.8879247847545649 0.9548434494281118 0.8362631928998757
count 32
f1, pre, rec [1530 1586] 0.9615384615384616 0.966183574879227 0.9569377990430622 418 414
f1, pre, rec [1530 1586] 0.8902252121540617 0.9551978283484592 0.8400342743418503
count 33
f1, pre, rec [123 301] 0.9029126213592232 0.9538461538461539 0.8571428571428571 217 195
f1, pre, rec [123 301] 0.8906096790996727 0.955156868515056 0.8405527162449111
count 34
f1, pre, rec [1897] 0.7558528428093646 0.9495798319327731 0.6277777777777778 180 119
f1, pre, rec [1897] 0.886646242738193 0.9549928380273417 0.8342946298194072
count 35
f1, pre, rec [143 213 443] 0.8819133034379673 0.9276729559748428 0.8404558404558404 351 318
f1, pre, rec [143 213 443] 0.8865110159010438 0.9542122699686989 0.8344706644090195
count 36
f1, pre, rec [2064] 0.8798798798798799 0.9301587301587302 0.8347578347578347 351 315
f1, pre, rec [2064] 0.8863268176782336 0.9535441160850886 0.8344786413631532
count 37
f1, pre, rec [ 786 1796 1875] 0.9334875650665124 0.8858397365532382 0.9865525672371638 818 911
f1, pre, rec [ 786 1796 1875] 0.8876014324725116 0.9517142679896332 0.8385887474678563
count 38
f1, pre, rec [2220 2502] 0.9324090121317158 0.8838992332968236 0.9865525672371638 818 913
f1, pre, rec [2220 2502] 0.8887805793056485 0.9499296618135066 0.8424825321986275
count 39
f1, pre, rec [ 156 2054 2312] 0.7682119205298014 0.9508196721311475 0.6444444444444445 180 122
f1, pre, rec [ 156 2054 2312] 0.8856890752344728 0.9499524825908819 0.8374046325126228
count 40
f1, pre, rec [ 632 1257 2252] 0.7752442996742671 0.937007874015748 0.6611111111111111 180 127
f1, pre, rec [ 632 1257 2252] 0.8829279558454678 0.9496288673765036 0.832997294477585
count 41
f1, pre, rec [835] 0.8913443830570902 0.9877551020408163 0.8120805369127517 298 245
f1, pre, rec [835] 0.8831332345579463 0.9505587755390478 0.8324871296589306
count 42
f1, pre, rec [ 414 1450 1994] 0.9024390243902438 0.9585492227979274 0.8525345622119815 217 193
f1, pre, rec [ 414 1450 1994] 0.88359289622062 0.9507490242833069 0.8329644494816222
count 43
f1, pre, rec [1510 2230] 0.9406060606060606 0.9724310776942355 0.9107981220657277 426 399
f1, pre, rec [1510 2230] 0.8849187837644674 0.9512532580835611 0.8347745348905549
count 44
f1, pre, rec [  98 2126] 0.8897058823529413 0.983739837398374 0.8120805369127517 298 246
f1, pre, rec [  98 2126] 0.88502758145966 0.951991589431625 0.8342587622092412
count 45
f1, pre, rec [1677 2101] 0.9340277777777777 0.8868131868131868 0.9865525672371638 818 910
f1, pre, rec [1677 2101] 0.8861164747111737 0.9505431804845486 0.8376430689876394
count 46
f1, pre, rec [191 590] 0.8845577211394302 0.9335443037974683 0.8404558404558404 351 316
f1, pre, rec [191 590] 0.886082588763962 0.9501736396870034 0.8377042161934698
count 47
f1, pre, rec [937] 0.8933823529411766 0.9878048780487805 0.8154362416107382 298 246
f1, pre, rec [937] 0.886237902895392 0.9509743043329986 0.8372304295002203
count 48
f1, pre, rec [1736 2316] 0.9383313180169287 0.9675810473815462 0.9107981220657277 426 401
f1, pre, rec [1736 2316] 0.8873231823770906 0.9513202781465099 0.8387630897620016
count 49
f1, pre, rec [ 269 1979 2328] 0.9408926417370326 0.967741935483871 0.9154929577464789 426 403
f1, pre, rec [ 269 1979 2328] 0.8884164366497425 0.9516554140105377 0.8403290054351543
count 50
f1, pre, rec [2052 2155] 0.8872727272727273 0.9682539682539683 0.8187919463087249 298 252
f1, pre, rec [2052 2155] 0.8883935624622022 0.9519873850954064 0.8398982642526258
count 51
f1, pre, rec [438 866] 0.9024390243902438 0.9585492227979274 0.8525345622119815 217 193
f1, pre, rec [438 866] 0.8886689636764774 0.9521160485797695 0.8401460348008484
count 52
f1, pre, rec [ 426 2190] 0.8997555012224939 0.9583333333333334 0.847926267281106 217 192
f1, pre, rec [ 426 2190] 0.8888821663215931 0.9522356117481073 0.8402956546562379
count 53
f1, pre, rec [2091] 0.9339513325608344 0.8876651982378855 0.9853300733496333 818 908
f1, pre, rec [2091] 0.8897325279487486 0.9510173020592352 0.843032153122151
count 54
f1, pre, rec [ 876 1344 2387] 0.961630695443645 0.9639423076923077 0.9593301435406698 418 416
f1, pre, rec [ 876 1344 2387] 0.8910639754949504 0.9512566540154032 0.8451858196113827
count 55
f1, pre, rec [ 990 1169] 0.9430303030303031 0.974937343358396 0.9131455399061033 426 399
f1, pre, rec [ 990 1169] 0.892008817813775 0.9516872120034576 0.8464214508894686
count 56
f1, pre, rec [2175] 0.9340277777777777 0.8868131868131868 0.9865525672371638 818 910
f1, pre, rec [2175] 0.8927591563845608 0.950528747267917 0.8489237922528202
count 57
f1, pre, rec [2154] 0.9019607843137255 0.9633507853403142 0.847926267281106 217 191
f1, pre, rec [2154] 0.8929205884534934 0.9507536953042749 0.84890629181472
count 58
f1, pre, rec [ 333 2263] 0.8864468864468865 0.9758064516129032 0.8120805369127517 298 248
f1, pre, rec [ 333 2263] 0.8928089729016553 0.9511856393785616 0.8482713650060654
count 59
f1, pre, rec [1068 1190 2598] 0.9324090121317158 0.8838992332968236 0.9865525672371638 818 913
f1, pre, rec [1068 1190 2598] 0.8934801600072495 0.9500451918178542 0.8506151141964229
count 60
f1, pre, rec [1908] 0.9351100811123986 0.8887665198237885 0.9865525672371638 818 908
f1, pre, rec [1908] 0.8941739920256687 0.9490238806179531 0.8528807384137685
count 61
f1, pre, rec [2282] 0.9340277777777777 0.8868131868131868 0.9865525672371638 818 910
f1, pre, rec [2282] 0.8948273327757033 0.9480040331785307 0.8550720798698898
count 62
f1, pre, rec [ 116 2128] 0.9024390243902438 0.9585492227979274 0.8525345622119815 217 193
f1, pre, rec [ 116 2128] 0.8949501019952926 0.9481741168820693 0.8550311521657299
count 63
f1, pre, rec [616] 0.7542087542087542 0.9572649572649573 0.6222222222222222 180 117
f1, pre, rec [616] 0.8927161123478872 0.9483184159357659 0.8513357723253567
count 64
f1, pre, rec [956] 0.9019607843137255 0.9633507853403142 0.847926267281106 217 191
f1, pre, rec [956] 0.8928605603473534 0.948553296707712 0.8512824988090403
count 65
f1, pre, rec [ 513 1507 2449] 0.9386281588447654 0.9629629629629629 0.9154929577464789 426 405
f1, pre, rec [ 513 1507 2449] 0.8935646772473136 0.9487749838808698 0.8522703520234625
count 66
f1, pre, rec [818 913] 0.8815592203898052 0.930379746835443 0.8376068376068376 351 316
f1, pre, rec [818 913] 0.8933827763858362 0.9484962681680602 0.8520481775626044
count 67
f1, pre, rec [871] 0.8933823529411766 0.9878048780487805 0.8154362416107382 298 246
f1, pre, rec [871] 0.8933827700657666 0.9490829638379217 0.8515017307573527
count 68
f1, pre, rec [  86  659 1358] 0.797427652733119 0.9465648854961832 0.6888888888888889 180 131
f1, pre, rec [  86  659 1358] 0.89197166539911 0.9490459332740725 0.8491103654357577
count 69
f1, pre, rec [1693 2228] 0.8825301204819277 0.9361022364217252 0.8347578347578347 351 313
f1, pre, rec [1693 2228] 0.891834831414803 0.9488583434646183 0.8489023577447733
count 70
f1, pre, rec [ 880 2401] 0.9615384615384616 0.966183574879227 0.9569377990430622 418 414
f1, pre, rec [ 880 2401] 0.8928305975594267 0.9491058467705412 0.8504457211918918
count 71
f1, pre, rec [665] 0.9602888086642599 0.9661016949152542 0.9545454545454546 418 413
f1, pre, rec [665] 0.8937807132087906 0.9493452249134245 0.8519119146194066
count 72
f1, pre, rec [1496 1517] 0.8954128440366973 0.9878542510121457 0.8187919463087249 298 247
f1, pre, rec [1496 1517] 0.8938033816925114 0.9498800724981291 0.8514519150595361
count 73
f1, pre, rec [ 773  860 1029] 0.9336410848240045 0.8841530054644808 0.988997555012225 818 915
f1, pre, rec [ 773  860 1029] 0.8943491036532167 0.9489797017168462 0.8533361019082031
count 74
f1, pre, rec [ 401  983 2500] 0.9324090121317158 0.8838992332968236 0.9865525672371638 818 913
f1, pre, rec [ 401  983 2500] 0.894863426740764 0.9481002359273866 0.8551363244126485
count 75
f1, pre, rec [2334] 0.7599999999999999 0.95 0.6333333333333333 180 120
f1, pre, rec [2334] 0.8930652477175539 0.9481255661150214 0.8521789511982576
count 76
f1, pre, rec [733] 0.7583892617449663 0.9576271186440678 0.6277777777777778 180 118
f1, pre, rec [733] 0.8912931952705462 0.9482505865430353 0.849226304179567
count 77
f1, pre, rec [410] 0.8997555012224939 0.9583333333333334 0.847926267281106 217 192
f1, pre, rec [410] 0.8914030953478443 0.9483815313065456 0.8492094205834833
count 78
f1, pre, rec [782] 0.8825301204819277 0.9361022364217252 0.8347578347578347 351 313
f1, pre, rec [782] 0.8912893392598198 0.9482241044490479 0.8490241438421288
count 79
f1, pre, rec [1508 1736] 0.9430303030303031 0.974937343358396 0.9131455399061033 426 399
f1, pre, rec [1508 1736] 0.8919442881683068 0.9485622467137231 0.8498358070834449
count 80
f1, pre, rec [1657 2440 2458] 0.9433051869722557 0.9702233250620348 0.9178403755868545 426 403
f1, pre, rec [1657 2440 2458] 0.8925862994033562 0.9488330101930771 0.8506858641897374
count 81
f1, pre, rec [1992] 0.8954128440366973 0.9878542510121457 0.8187919463087249 298 247
f1, pre, rec [1992] 0.8926211950161135 0.9493147539068928 0.8502921121171322
count 82
f1, pre, rec [ 166  413 2015] 0.9029126213592232 0.9538461538461539 0.8571428571428571 217 195
f1, pre, rec [ 166  413 2015] 0.8927467002154197 0.9493700148817619 0.8503756577881777
count 83
f1, pre, rec [ 902 1087 2491] 0.9334875650665124 0.8858397365532382 0.9865525672371638 818 911
f1, pre, rec [ 902 1087 2491] 0.8932375540088063 0.9486045898416592 0.8520163434441896
count 84
f1, pre, rec [764] 0.9391727493917273 0.9747474747474747 0.9061032863849765 426 396
f1, pre, rec [764] 0.8937844015728887 0.9489158146619665 0.8526602356220562
count 85
f1, pre, rec [ 528 1147 2284] 0.9329479768786126 0.8848684210526315 0.9865525672371638 818 912
f1, pre, rec [ 528 1147 2284] 0.894245149517662 0.9481623159136214 0.8542354395234104
count 86
f1, pre, rec [ 474 2107] 0.8802395209580839 0.9274447949526814 0.8376068376068376 351 317
f1, pre, rec [ 474 2107] 0.8940822933716204 0.9479214145070988 0.8540420836871713
count 87
f1, pre, rec [   2 1400] 0.9007263922518159 0.9489795918367347 0.8571428571428571 217 196
f1, pre, rec [   2 1400] 0.8941586623242662 0.9479335774649107 0.8540777247613746
count 88
f1, pre, rec [353] 0.8897058823529413 0.983739837398374 0.8120805369127517 298 246
f1, pre, rec [353] 0.8941080625518648 0.9483404667823364 0.8536004839903675
count 89
f1, pre, rec [2149 2427] 0.9615384615384616 0.966183574879227 0.9569377990430622 418 414
f1, pre, rec [2149 2427] 0.8948657074842985 0.9485409511429755 0.8547615774179258
count 90
f1, pre, rec [2448] 0.9404617253948967 0.9748110831234257 0.9084507042253521 426 397
f1, pre, rec [2448] 0.8953723299055274 0.9488328414983139 0.8553581232713418
count 91
f1, pre, rec [1441 1956] 0.9592326139088729 0.9615384615384616 0.9569377990430622 418 416
f1, pre, rec [1441 1956] 0.8960740912682015 0.9489724636965574 0.8564743834446573
count 92
f1, pre, rec [1467] 0.9590361445783133 0.9660194174757282 0.9521531100478469 418 412
f1, pre, rec [1467] 0.8967584614128767 0.949157756672418 0.8575143696033877
count 93
f1, pre, rec [2173] 0.8795180722891566 0.9329073482428115 0.8319088319088319 351 313
f1, pre, rec [2173] 0.8965730808846647 0.948983021097906 0.8572390412410806
count 94
f1, pre, rec [1038 2354 2364] 0.7574750830564784 0.9421487603305785 0.6333333333333333 180 121
f1, pre, rec [1038 2354 2364] 0.8950933149503223 0.948910316196126 0.8548570656250408
count 95
f1, pre, rec [579 661] 0.9334875650665124 0.8858397365532382 0.9865525672371638 818 911
f1, pre, rec [579 661] 0.8954974649515454 0.9482464153577798 0.8562433340630632
count 96
f1, pre, rec [ 756 1090 1721] 0.9420289855072463 0.9701492537313433 0.9154929577464789 426 402
f1, pre, rec [ 756 1090 1721] 0.8959821682906672 0.9484745699241711 0.8568605176430988
count 97
f1, pre, rec [ 273 1547 2660] 0.8945454545454544 0.9761904761904762 0.825503355704698 298 252
f1, pre, rec [ 273 1547 2660] 0.8959673568087578 0.9487603009166073 0.8565372479323936
count 98
f1, pre, rec [1154 2689] 0.9615384615384616 0.966183574879227 0.9569377990430622 418 414
f1, pre, rec [1154 2689] 0.896636449714163 0.94893808942643 0.8575617433518902
count 99
f1, pre, rec [1781] 0.9368932038834952 0.9698492462311558 0.9061032863849765 426 398
f1, pre, rec [1781] 0.8970430835946613 0.9491493132325383 0.858052061968386
count 100
f1, pre, rec [2199] 0.9019607843137255 0.9633507853403142 0.847926267281106 217 191
f1, pre, rec [2199] 0.897092260601852 0.9492913279536159 0.8579508040215132
F1, Pre, Rec 0.897092260601852 0.9492913279536159 0.8579508040215132
NMI:  0.7412143245215617
ARI:  0.8548528819312834
JAC:  0.8181619358602202
test1 time, avg time 0 0.0
==================================== 0.934846801939696 0.8980144169464179 0.9160605256172021
test1 time, test1 num 110.22557353973389 100
current best val score (precision, recall, f1score) : 0.9339361901950788 0.8996097081857892 0.9164516298909896
corresponding test1 score (precision, recall, f1score) : 0.9492913279536159 0.8579508040215132 0.897092260601852
29 loss tensor(4.2762, grad_fn=<AddBackward0>)
30 loss tensor(3.9706, grad_fn=<AddBackward0>)
31 loss tensor(3.7572, grad_fn=<AddBackward0>)
32 loss tensor(3.8095, grad_fn=<AddBackward0>)
33 loss tensor(3.5501, grad_fn=<AddBackward0>)
34 loss tensor(3.6710, grad_fn=<AddBackward0>)
35 loss tensor(3.5135, grad_fn=<AddBackward0>)
36 loss tensor(3.4445, grad_fn=<AddBackward0>)
37 loss tensor(3.2202, grad_fn=<AddBackward0>)
38 loss tensor(3.0998, grad_fn=<AddBackward0>)

validation
num  all, output label  270800 38839.34280611807 38689.0
num  all, output_bin label_bin  270800 35385 38689
num  all, output_bin_0.4 label_bin_0.4  270800 38374 38689
iou_thr: 0.05, precision, recall, f1_score : 0.591 0.996 0.742
iou_thr: 0.10, precision, recall, f1_score : 0.704 0.983 0.820
iou_thr: 0.15, precision, recall, f1_score : 0.803 0.976 0.881
iou_thr: 0.20, precision, recall, f1_score : 0.861 0.968 0.912
iou_thr: 0.25, precision, recall, f1_score : 0.900 0.958 0.928
iou_thr: 0.30, precision, recall, f1_score : 0.931 0.949 0.940
iou_thr: 0.35, precision, recall, f1_score : 0.946 0.938 0.942
iou_thr: 0.40, precision, recall, f1_score : 0.961 0.927 0.944
iou_thr: 0.45, precision, recall, f1_score : 0.975 0.914 0.944
iou_thr: 0.50, precision, recall, f1_score : 0.981 0.898 0.938
iou_thr: 0.55, precision, recall, f1_score : 0.987 0.878 0.929
iou_thr: 0.60, precision, recall, f1_score : 0.990 0.863 0.923
iou_thr: 0.65, precision, recall, f1_score : 0.991 0.848 0.914
iou_thr: 0.70, precision, recall, f1_score : 0.994 0.833 0.906
iou_thr: 0.75, precision, recall, f1_score : 0.995 0.819 0.899
iou_thr: 0.80, precision, recall, f1_score : 0.996 0.801 0.888
iou_thr: 0.85, precision, recall, f1_score : 0.998 0.781 0.876
iou_thr: 0.90, precision, recall, f1_score : 0.999 0.753 0.858
iou_thr: 0.95, precision, recall, f1_score : 0.999 0.703 0.825
current best thr  0.4
current val score (precision, recall, f1score) : 0.9610375690015542 0.9269818294605702 0.943702553712158
count 1
f1, pre, rec [2098] 0.9082969432314411 0.9285714285714286 0.8888888888888888 351 336
f1, pre, rec [2098] 0.9082969432314411 0.9285714285714286 0.8888888888888888
count 2
f1, pre, rec [151] 0.7922077922077922 0.953125 0.6777777777777778 180 128
f1, pre, rec [151] 0.8502523677196167 0.9408482142857143 0.7833333333333333
count 3
f1, pre, rec [ 101 1454 1959] 0.9736680955297 0.9754601226993865 0.9718826405867971 818 815
f1, pre, rec [ 101 1454 1959] 0.8913909436563111 0.9523855170902716 0.8461831024178212
count 4
f1, pre, rec [2689] 0.9704840613931524 0.958041958041958 0.9832535885167464 418 429
f1, pre, rec [2689] 0.9111642230905214 0.9537996273281932 0.8804507239425525
count 5
f1, pre, rec [954] 0.9704840613931524 0.958041958041958 0.9832535885167464 418 429
f1, pre, rec [954] 0.9230281907510476 0.9546480934709463 0.9010112968573913
count 6
f1, pre, rec [ 714  950 2433] 0.9704840613931524 0.958041958041958 0.9832535885167464 418 429
f1, pre, rec [ 714  950 2433] 0.9309375025247317 0.9552137375661149 0.9147183454672838
count 7
f1, pre, rec [1605 1637] 0.9704840613931524 0.958041958041958 0.9832535885167464 418 429
f1, pre, rec [1605 1637] 0.9365870109345061 0.955617769062664 0.9245090944743498
count 8
f1, pre, rec [1026 2405 2687] 0.9693396226415095 0.9739336492890995 0.9647887323943662 426 422
f1, pre, rec [1026 2405 2687] 0.9406810873978816 0.9579072540909684 0.9295440492143519
count 9
f1, pre, rec [658] 0.9127906976744186 0.9317507418397626 0.8945868945868946 351 337
f1, pre, rec [658] 0.9375821552063857 0.9550009749519456 0.9256599209224121
count 10
f1, pre, rec [1116] 0.9206349206349207 0.9702602230483272 0.8758389261744967 298 269
f1, pre, rec [1116] 0.9358874317492392 0.9565268997615839 0.9206778214476206
count 11
f1, pre, rec [ 466  988 1112] 0.9656804733727812 0.9737470167064439 0.9577464788732394 426 419
f1, pre, rec [ 466  988 1112] 0.9385958900786521 0.9580923649383893 0.9240476993954041
count 12
f1, pre, rec [ 684  946 2252] 0.7896440129449838 0.9457364341085271 0.6777777777777778 180 129
f1, pre, rec [ 684  946 2252] 0.9261832336508465 0.9570627040359008 0.9035252059272686
count 13
f1, pre, rec [ 754 1070 1260] 0.8385093167701864 0.9507042253521126 0.75 180 142
f1, pre, rec [ 754 1070 1260] 0.9194390861984881 0.956573590290994 0.8917155747020941
count 14
f1, pre, rec [ 856 2640 2645] 0.7870967741935484 0.9384615384615385 0.6777777777777778 180 130
f1, pre, rec [ 856 2640 2645] 0.909986063912421 0.9552798723031757 0.8764343034932143
count 15
f1, pre, rec [ 198  575 1401] 0.9106628242074929 0.9212827988338192 0.9002849002849003 351 343
f1, pre, rec [ 198  575 1401] 0.9100311812654258 0.953013400738552 0.8780243432793267
count 16
f1, pre, rec [  94 1812 1962] 0.9104046242774566 0.9237536656891495 0.8974358974358975 351 341
f1, pre, rec [  94 1812 1962] 0.9100545214536777 0.9511846672979644 0.8792375654141124
count 17
f1, pre, rec [1289] 0.9301204819277109 0.9747474747474747 0.8894009216589862 217 198
f1, pre, rec [1289] 0.9112348720697973 0.9525707147949944 0.8798354098991049
count 18
f1, pre, rec [692 713] 0.9704840613931524 0.958041958041958 0.9832535885167464 418 429
f1, pre, rec [692 713] 0.9145264936988726 0.952874672753159 0.8855808642667516
count 19
f1, pre, rec [1030 1316 2404] 0.8164556962025318 0.9485294117647058 0.7166666666666667 180 136
f1, pre, rec [1030 1316 2404] 0.9093648727780126 0.9526459748063983 0.8766906433404313
count 20
f1, pre, rec [ 502 2420 2671] 0.9228070175438596 0.9669117647058824 0.8825503355704698 298 272
f1, pre, rec [ 502 2420 2671] 0.910036980016305 0.9533592643013726 0.8769836279519334
count 21
f1, pre, rec [  31 2044 2340] 0.9693396226415094 0.9558139534883721 0.9832535885167464 418 430
f1, pre, rec [  31 2044 2340] 0.9128609153794099 0.9534761542626584 0.8820441022645434
count 22
f1, pre, rec [  91 1821 2235] 0.9130434782608695 0.9292035398230089 0.8974358974358975 351 339
f1, pre, rec [  91 1821 2235] 0.9128692136922036 0.9523728536063107 0.8827437293177869
count 23
f1, pre, rec [167 437] 0.9304556354916066 0.97 0.8940092165898618 217 200
f1, pre, rec [167 437] 0.9136338407269603 0.9531392512756015 0.8832335331122249
count 24
f1, pre, rec [   5 1497 2154] 0.9282296650717703 0.9651741293532339 0.8940092165898618 217 201
f1, pre, rec [   5 1497 2154] 0.9142420000746608 0.9536407045288362 0.8836825199237931
count 25
f1, pre, rec [  64 1728] 0.9669811320754718 0.9715639810426541 0.9624413145539906 426 422
f1, pre, rec [  64 1728] 0.9163515653546932 0.9543576355893889 0.886832871709001
count 26
f1, pre, rec [ 871 2158] 0.9173989455184535 0.9630996309963099 0.8758389261744967 298 271
f1, pre, rec [ 871 2158] 0.9163918492071456 0.9546938661819628 0.8864100276499816
count 27
f1, pre, rec [ 499 1472] 0.9173989455184535 0.9630996309963099 0.8758389261744967 298 271
f1, pre, rec [ 499 1472] 0.9164291490705273 0.9550051908047165 0.8860185053731117
count 28
f1, pre, rec [2004] 0.7896440129449838 0.9457364341085271 0.6777777777777778 180 129
f1, pre, rec [2004] 0.911901108494615 0.9546741637798526 0.8785813365304211
count 29
f1, pre, rec [ 777 1497 2177] 0.9238095238095239 0.9556650246305419 0.8940092165898618 217 203
f1, pre, rec [ 777 1497 2177] 0.912311743505474 0.9547083313953936 0.8791133323945398
count 30
f1, pre, rec [ 863 2034 2147] 0.9127906976744186 0.9317507418397626 0.8945868945868946 351 337
f1, pre, rec [ 863 2034 2147] 0.9123277086444387 0.9539430784102059 0.8796291178009515
count 31
f1, pre, rec [1496] 0.9187279151943463 0.9701492537313433 0.87248322147651 298 268
f1, pre, rec [1496] 0.9125341669202421 0.9544658582592749 0.8793986050162922
count 32
f1, pre, rec [1530 1586] 0.9704840613931524 0.958041958041958 0.9832535885167464 418 429
f1, pre, rec [1530 1586] 0.9143451011225205 0.9545776113774836 0.8826440732506814
count 33
f1, pre, rec [123 301] 0.919431279620853 0.9463414634146341 0.8940092165898618 217 205
f1, pre, rec [123 301] 0.9144992277436821 0.9543280311361851 0.8829884715336869
count 34
f1, pre, rec [1897] 0.7947882736156352 0.9606299212598425 0.6777777777777778 180 127
f1, pre, rec [1897] 0.9109783173281513 0.9545133808457045 0.8769528628938071
count 35
f1, pre, rec [143 213 443] 0.9104046242774566 0.9237536656891495 0.8974358974358975 351 341
f1, pre, rec [143 213 443] 0.9109619260981314 0.9536345318412314 0.8775380924521526
count 36
f1, pre, rec [2064] 0.911208151382824 0.9315476190476191 0.8917378917378918 351 336
f1, pre, rec [2064] 0.9109687656893729 0.9530210064858533 0.877932531321201
count 37
f1, pre, rec [ 786 1796 1875] 0.9712186160440907 0.9730061349693252 0.969437652811736 818 815
f1, pre, rec [ 786 1796 1875] 0.9125971400232842 0.9535611450935146 0.880405642712837
count 38
f1, pre, rec [2220 2502] 0.9730722154222766 0.9742647058823529 0.9718826405867971 818 816
f1, pre, rec [2220 2502] 0.9141885893758893 0.9541059756405894 0.8828129321305729
count 39
f1, pre, rec [ 156 2054 2312] 0.7923322683706071 0.9323308270676691 0.6888888888888889 180 133
f1, pre, rec [ 156 2054 2312] 0.9110640683244718 0.953547638497694 0.8778405207654015
count 40
f1, pre, rec [ 632 1257 2252] 0.8113207547169811 0.9347826086956522 0.7166666666666667 180 138
f1, pre, rec [ 632 1257 2252] 0.9085704854842845 0.9530785127526429 0.8738111744129332
count 41
f1, pre, rec [835] 0.9206349206349207 0.9702602230483272 0.8758389261744967 298 269
f1, pre, rec [835] 0.9088647400001536 0.9534975788574156 0.8738606317729714
count 42
f1, pre, rec [ 414 1450 1994] 0.9216152019002375 0.9509803921568627 0.8940092165898618 217 204
f1, pre, rec [ 414 1450 1994] 0.909168322426346 0.9534376458407359 0.8743403599828974
count 43
f1, pre, rec [1510 2230] 0.9680473372781064 0.9761336515513126 0.960093896713615 426 419
f1, pre, rec [1510 2230] 0.9105376018415033 0.9539654599270284 0.8763346282789606
count 44
f1, pre, rec [  98 2126] 0.9192982456140351 0.9632352941176471 0.8791946308724832 298 272
f1, pre, rec [  98 2126] 0.9107367073817882 0.9541761379768151 0.8763996283379043
count 45
f1, pre, rec [1677 2101] 0.9730061349693253 0.9766009852216748 0.969437652811736 818 812
f1, pre, rec [1677 2101] 0.9121204724392891 0.9546744679155897 0.8784671399928783
count 46
f1, pre, rec [191 590] 0.9127906976744186 0.9317507418397626 0.8945868945868946 351 337
f1, pre, rec [191 590] 0.9121350425530962 0.9541761260443762 0.8788175694405743
count 47
f1, pre, rec [937] 0.9184397163120568 0.9736842105263158 0.8691275167785235 298 266
f1, pre, rec [937] 0.9122691845479677 0.9545911916716514 0.8786113981073392
count 48
f1, pre, rec [1736 2316] 0.9669030732860519 0.9738095238095238 0.960093896713615 426 420
f1, pre, rec [1736 2316] 0.9134073905633445 0.9549915735911904 0.8803089501616367
count 49
f1, pre, rec [ 269 1979 2328] 0.9657615112160568 0.9714964370546318 0.960093896713615 426 421
f1, pre, rec [ 269 1979 2328] 0.9144758420052366 0.9553284075394239 0.8819372143769831
count 50
f1, pre, rec [2052 2155] 0.9144851657940664 0.9527272727272728 0.8791946308724832 298 275
f1, pre, rec [2052 2155] 0.9144760284810133 0.9552763848431809 0.8818823627068931
count 51
f1, pre, rec [438 866] 0.9355608591885441 0.9702970297029703 0.9032258064516129 217 202
f1, pre, rec [438 866] 0.914889456534102 0.955570907291412 0.8823008616038485
count 52
f1, pre, rec [ 426 2190] 0.9307875894988067 0.9653465346534653 0.8986175115207373 217 202
f1, pre, rec [ 426 2190] 0.9151951898603463 0.9557589001252976 0.8826146433330195
count 53
f1, pre, rec [2091] 0.9717444717444716 0.9765432098765432 0.9669926650366748 818 810
f1, pre, rec [2091] 0.9162621574430657 0.956151056913057 0.8842066814783716
count 54
f1, pre, rec [ 876 1344 2387] 0.9693396226415094 0.9558139534883721 0.9832535885167464 418 430
f1, pre, rec [ 876 1344 2387] 0.9172450734652591 0.9561448142570443 0.8860408834605636
count 55
f1, pre, rec [ 990 1169] 0.970414201183432 0.9785202863961814 0.9624413145539906 426 419
f1, pre, rec [ 990 1169] 0.9182117848783167 0.9565516410232106 0.8874299822077168
count 56
f1, pre, rec [2175] 0.9723417332513828 0.9777503090234858 0.9669926650366748 818 809
f1, pre, rec [2175] 0.9191783910992644 0.9569301886660726 0.8888507444010912
count 57
f1, pre, rec [2154] 0.9301204819277109 0.9747474747474747 0.8894009216589862 217 198
f1, pre, rec [2154] 0.9193703576050265 0.957242772632413 0.8888603966336859
count 58
f1, pre, rec [ 333 2263] 0.9195804195804196 0.9598540145985401 0.8825503355704698 298 274
f1, pre, rec [ 333 2263] 0.919373979363223 0.957287794045622 0.8887516024774236
count 59
f1, pre, rec [1068 1190 2598] 0.9755201958384332 0.9767156862745098 0.9743276283618582 818 816
f1, pre, rec [1068 1190 2598] 0.9203256101509384 0.9576170803545863 0.8902020435941088
count 60
f1, pre, rec [1908] 0.9730061349693253 0.9766009852216748 0.969437652811736 818 812
f1, pre, rec [1908] 0.9212036188979115 0.9579334787690377 0.8915226370810693
count 61
f1, pre, rec [2282] 0.9717791411042945 0.9753694581280788 0.9682151589242054 818 812
f1, pre, rec [2282] 0.9220327258193276 0.9582193144962351 0.8927798915375141
count 62
f1, pre, rec [ 116 2128] 0.9304556354916066 0.97 0.8940092165898618 217 200
f1, pre, rec [ 116 2128] 0.9221685792011385 0.9584093255527474 0.8927997193609392
count 63
f1, pre, rec [616] 0.7947882736156352 0.9606299212598425 0.6777777777777778 180 127
f1, pre, rec [616] 0.9201466695886702 0.9584445731036537 0.8893866726691428
count 64
f1, pre, rec [956] 0.9330143540669856 0.9701492537313433 0.8986175115207373 217 201
f1, pre, rec [956] 0.9203477271586439 0.9586274587384613 0.8895309045261991
count 65
f1, pre, rec [ 513 1507 2449] 0.9658421672555948 0.9692671394799054 0.9624413145539906 426 423
f1, pre, rec [ 513 1507 2449] 0.9210476416216739 0.9587911461344836 0.8906526031420113
count 66
f1, pre, rec [818 913] 0.911465892597968 0.9289940828402367 0.8945868945868946 351 338
f1, pre, rec [818 913] 0.9209024636061631 0.9583396754785101 0.8907122136184489
count 67
f1, pre, rec [871] 0.9190140845070423 0.9666666666666667 0.8758389261744967 298 270
f1, pre, rec [871] 0.9208742788434897 0.9584639589290794 0.8904902242536138
count 68
f1, pre, rec [  86  659 1358] 0.8213166144200628 0.9424460431654677 0.7277777777777777 180 139
f1, pre, rec [  86  659 1358] 0.9194101955431452 0.9582284013443204 0.8880973941583808
count 69
f1, pre, rec [1693 2228] 0.911465892597968 0.9289940828402367 0.8945868945868946 351 338
f1, pre, rec [1693 2228] 0.9192950607178527 0.9578047155688988 0.8881914448892289
count 70
f1, pre, rec [ 880 2401] 0.9704840613931524 0.958041958041958 0.9832535885167464 418 429
f1, pre, rec [ 880 2401] 0.9200263321560714 0.9578081047470854 0.8895494755124791
count 71
f1, pre, rec [665] 0.9693396226415094 0.9558139534883721 0.9832535885167464 418 430
f1, pre, rec [665] 0.9207208855431903 0.9577800181096388 0.8908692517519758
count 72
f1, pre, rec [1496 1517] 0.9206349206349207 0.9702602230483272 0.8758389261744967 298 269
f1, pre, rec [1496 1517] 0.9207196915861311 0.9579533542893428 0.8906604972300664
count 73
f1, pre, rec [ 773  860 1029] 0.9749541844838119 0.9743589743589743 0.9755501222493888 818 819
f1, pre, rec [ 773  860 1029] 0.9214626298450033 0.9581780888108447 0.8918233688056735
count 74
f1, pre, rec [ 401  983 2500] 0.9730061349693253 0.9766009852216748 0.969437652811736 818 812
f1, pre, rec [ 401  983 2500] 0.9221591636980346 0.9584270468704505 0.8928722104814311
count 75
f1, pre, rec [2334] 0.7922077922077922 0.953125 0.6777777777777778 180 128
f1, pre, rec [2334] 0.9204264787448314 0.9583563529121778 0.8900042847120491
count 76
f1, pre, rec [733] 0.7922077922077922 0.953125 0.6777777777777778 180 128
f1, pre, rec [733] 0.9187393907640808 0.9582875193212281 0.8872118306734402
count 77
f1, pre, rec [410] 0.9301204819277109 0.9747474747474747 0.8894009216589862 217 198
f1, pre, rec [410] 0.9188871971428294 0.9585012849761144 0.8872402604264993
count 78
f1, pre, rec [782] 0.9141193595342068 0.9345238095238095 0.8945868945868946 351 336
f1, pre, rec [782] 0.918826071019642 0.9581938814446747 0.8873344480439402
count 79
f1, pre, rec [1508 1736] 0.9668246445497631 0.9760765550239234 0.9577464788732394 426 418
f1, pre, rec [1508 1736] 0.9194336478997701 0.958420244401374 0.888225739573425
count 80
f1, pre, rec [1657 2440 2458] 0.9681227863046045 0.9738717339667459 0.9624413145539906 426 421
f1, pre, rec [1657 2440 2458] 0.9200422621298305 0.9586133880209411 0.8891534342606819
count 81
f1, pre, rec [1992] 0.9151943462897526 0.9664179104477612 0.8691275167785235 298 268
f1, pre, rec [1992] 0.91998241131699 0.9587097401496673 0.8889062007115195
count 82
f1, pre, rec [ 166  413 2015] 0.9241706161137441 0.9512195121951219 0.8986175115207373 217 205
f1, pre, rec [ 166  413 2015] 0.9200334869852431 0.9586183959063193 0.8890246313311441
count 83
f1, pre, rec [ 902 1087 2491] 0.9730722154222766 0.9742647058823529 0.9718826405867971 818 816
f1, pre, rec [ 902 1087 2491] 0.9206725078097857 0.9588069056650665 0.8900229205992845
count 84
f1, pre, rec [764] 0.9714964370546318 0.9831730769230769 0.960093896713615 426 416
f1, pre, rec [764] 0.92127755458651 0.9590969791324239 0.8908570988863599
count 85
f1, pre, rec [ 528 1147 2284] 0.9737324373854612 0.9731379731379731 0.9743276283618582 818 819
f1, pre, rec [ 528 1147 2284] 0.921894670854733 0.9592621672971949 0.8918391051154835
count 86
f1, pre, rec [ 474 2107] 0.9088277858176557 0.9235294117647059 0.8945868945868946 351 340
f1, pre, rec [ 474 2107] 0.9217427303310459 0.9588466701398404 0.8918710561558487
count 87
f1, pre, rec [   2 1400] 0.919431279620853 0.9463414634146341 0.8940092165898618 217 205
f1, pre, rec [   2 1400] 0.9217161619320782 0.9587029321315047 0.8918956327125614
count 88
f1, pre, rec [353] 0.9225352112676056 0.9703703703703703 0.8791946308724832 298 270
f1, pre, rec [353] 0.9217254693108909 0.9588355166569464 0.8917513031461969
count 89
f1, pre, rec [2149 2427] 0.9704840613931524 0.958041958041958 0.9832535885167464 418 429
f1, pre, rec [2149 2427] 0.9222733186601298 0.958826600268014 0.8927794187121582
count 90
f1, pre, rec [2448] 0.9679715302491103 0.9784172661870504 0.9577464788732394 426 417
f1, pre, rec [2448] 0.9227810765666741 0.9590442743337811 0.89350127493617
count 91
f1, pre, rec [1441 1956] 0.9659224441833139 0.9491916859122402 0.9832535885167464 418 433
f1, pre, rec [1441 1956] 0.9232551575294944 0.9589360041313466 0.8944875640963962
count 92
f1, pre, rec [1467] 0.9692671394799054 0.9579439252336449 0.9808612440191388 418 428
f1, pre, rec [1467] 0.9237552877680859 0.9589252206650672 0.8954264084433825
count 93
f1, pre, rec [2173] 0.9088277858176557 0.9235294117647059 0.8945868945868946 351 340
f1, pre, rec [2173] 0.9235947769944253 0.9585446205693644 0.8954173814126676
count 94
f1, pre, rec [1038 2354 2364] 0.7870967741935484 0.9384615384615385 0.6777777777777778 180 130
f1, pre, rec [1038 2354 2364] 0.9221426705816499 0.9583309707597067 0.8931020664803815
count 95
f1, pre, rec [579 661] 0.973635806253832 0.976629766297663 0.9706601466992665 818 813
f1, pre, rec [579 661] 0.9226847035887256 0.9585235896601063 0.8939184673247907
count 96
f1, pre, rec [ 756 1090 1721] 0.9657615112160568 0.9714964370546318 0.960093896713615 426 421
f1, pre, rec [ 756 1090 1721] 0.9231334203348437 0.9586587234871325 0.8946077947142577
count 97
f1, pre, rec [ 273 1547 2660] 0.9176882661996497 0.9597069597069597 0.8791946308724832 298 273
f1, pre, rec [ 273 1547 2660] 0.9230772847252025 0.9586695300460999 0.8944488961179508
count 98
f1, pre, rec [1154 2689] 0.9693396226415094 0.9558139534883721 0.9832535885167464 418 430
f1, pre, rec [1154 2689] 0.9235493493978179 0.9586403915097965 0.8953550664485508
count 99
f1, pre, rec [1781] 0.9656804733727812 0.9737470167064439 0.9577464788732394 426 419
f1, pre, rec [1781] 0.923974916306656 0.9587929836835 0.8959852827356687
count 100
f1, pre, rec [2199] 0.9301204819277109 0.9747474747474747 0.8894009216589862 217 198
f1, pre, rec [2199] 0.9240363719628665 0.9589525285941397 0.8959194391249019
F1, Pre, Rec 0.9240363719628665 0.9589525285941397 0.8959194391249019
NMI:  0.796689599924932
ARI:  0.896461653400521
JAC:  0.8634937476868011
test1 time, avg time 0 0.0
==================================== 0.9627835218968224 0.9256772581778437 0.9438658405529832
test1 time, test1 num 111.2593195438385 100
current best val score (precision, recall, f1score) : 0.9610375690015542 0.9269818294605702 0.943702553712158
corresponding test1 score (precision, recall, f1score) : 0.9589525285941397 0.8959194391249019 0.9240363719628665
39 loss tensor(3.1656, grad_fn=<AddBackward0>)
40 loss tensor(3.0060, grad_fn=<AddBackward0>)
41 loss tensor(2.9193, grad_fn=<AddBackward0>)
42 loss tensor(2.9017, grad_fn=<AddBackward0>)
43 loss tensor(2.7946, grad_fn=<AddBackward0>)
44 loss tensor(2.8963, grad_fn=<AddBackward0>)
45 loss tensor(2.7293, grad_fn=<AddBackward0>)
46 loss tensor(2.8002, grad_fn=<AddBackward0>)
47 loss tensor(2.6778, grad_fn=<AddBackward0>)
48 loss tensor(2.5969, grad_fn=<AddBackward0>)

validation
num  all, output label  270800 37773.07715309572 38689.0
num  all, output_bin label_bin  270800 35532 38689
num  all, output_bin_0.4 label_bin_0.4  270800 37261 38689
iou_thr: 0.05, precision, recall, f1_score : 0.679 0.997 0.808
iou_thr: 0.10, precision, recall, f1_score : 0.773 0.991 0.869
iou_thr: 0.15, precision, recall, f1_score : 0.852 0.977 0.911
iou_thr: 0.20, precision, recall, f1_score : 0.907 0.967 0.936
iou_thr: 0.25, precision, recall, f1_score : 0.944 0.958 0.951
iou_thr: 0.30, precision, recall, f1_score : 0.964 0.949 0.957
iou_thr: 0.35, precision, recall, f1_score : 0.975 0.939 0.956
iou_thr: 0.40, precision, recall, f1_score : 0.980 0.929 0.954
iou_thr: 0.45, precision, recall, f1_score : 0.988 0.919 0.952
iou_thr: 0.50, precision, recall, f1_score : 0.992 0.911 0.949
iou_thr: 0.55, precision, recall, f1_score : 0.994 0.901 0.945
iou_thr: 0.60, precision, recall, f1_score : 0.994 0.889 0.939
iou_thr: 0.65, precision, recall, f1_score : 0.995 0.875 0.931
iou_thr: 0.70, precision, recall, f1_score : 0.997 0.859 0.923
iou_thr: 0.75, precision, recall, f1_score : 0.998 0.844 0.915
iou_thr: 0.80, precision, recall, f1_score : 0.999 0.826 0.905
iou_thr: 0.85, precision, recall, f1_score : 0.999 0.803 0.890
iou_thr: 0.90, precision, recall, f1_score : 0.999 0.771 0.870
iou_thr: 0.95, precision, recall, f1_score : 1.000 0.719 0.836
current best thr  0.3
current val score (precision, recall, f1score) : 0.9643673029960875 0.9492620641526015 0.9567550669514927
count 1
f1, pre, rec [2098] 0.9398280802292264 0.9452449567723343 0.9344729344729344 351 347
f1, pre, rec [2098] 0.9398280802292264 0.9452449567723343 0.9344729344729344
count 2
f1, pre, rec [151] 0.8129032258064517 0.9692307692307692 0.7 180 130
f1, pre, rec [151] 0.876365653017839 0.9572378630015518 0.8172364672364671
count 3
f1, pre, rec [ 101 1454 1959] 0.978443113772455 0.9589201877934272 0.9987775061124694 818 852
f1, pre, rec [ 101 1454 1959] 0.9103914732693776 0.9577986379321769 0.8777501468618012
count 4
f1, pre, rec [2689] 0.9750297265160524 0.9692671394799054 0.9808612440191388 418 423
f1, pre, rec [2689] 0.9265510365810463 0.960665763319109 0.9035279211511356
count 5
f1, pre, rec [954] 0.9762470308788598 0.9693396226415094 0.9832535885167464 418 424
f1, pre, rec [954] 0.936490235440609 0.962400535183589 0.9194730546242578
count 6
f1, pre, rec [ 714  950 2433] 0.9750297265160524 0.9692671394799054 0.9808612440191388 418 423
f1, pre, rec [ 714  950 2433] 0.9429134839531829 0.9635449692329751 0.9297044195234047
count 7
f1, pre, rec [1605 1637] 0.9750297265160524 0.9692671394799054 0.9808612440191388 418 423
f1, pre, rec [1605 1637] 0.9475015186050213 0.9643624221253937 0.9370125373085096
count 8
f1, pre, rec [1026 2405 2687] 0.9835294117647059 0.9858490566037735 0.9812206572769953 426 424
f1, pre, rec [1026 2405 2687] 0.9520050052499819 0.9670482514351911 0.9425385523045703
count 9
f1, pre, rec [658] 0.9411764705882353 0.9479768786127167 0.9344729344729344 351 346
f1, pre, rec [658] 0.95080183473201 0.9649292100104717 0.9416423725454997
count 10
f1, pre, rec [1116] 0.9286956521739129 0.9638989169675091 0.8959731543624161 298 277
f1, pre, rec [1116] 0.9485912164762003 0.9648261807061754 0.9370754507271913
count 11
f1, pre, rec [ 466  988 1112] 0.9846517119244392 0.9904988123515439 0.9788732394366197 426 421
f1, pre, rec [ 466  988 1112] 0.951869443335131 0.9671600563102998 0.9408752497007757
count 12
f1, pre, rec [ 684  946 2252] 0.8129032258064517 0.9692307692307692 0.7 180 130
f1, pre, rec [ 684  946 2252] 0.940288925207741 0.9673326157203389 0.9208023122257111
count 13
f1, pre, rec [ 754 1070 1260] 0.8606811145510836 0.972027972027972 0.7722222222222223 180 143
f1, pre, rec [ 754 1070 1260] 0.9341652474649211 0.9676937969747722 0.909373074533135
count 14
f1, pre, rec [ 856 2640 2645] 0.8076923076923077 0.9545454545454546 0.7 180 132
f1, pre, rec [ 856 2640 2645] 0.9251314660525917 0.9667546296583923 0.8944178549236252
count 15
f1, pre, rec [ 198  575 1401] 0.9267605633802817 0.9164345403899722 0.9373219373219374 351 359
f1, pre, rec [ 198  575 1401] 0.9252400725411043 0.9633999570404976 0.8972781270835128
count 16
f1, pre, rec [  94 1812 1962] 0.9428571428571428 0.9455587392550143 0.9401709401709402 351 349
f1, pre, rec [  94 1812 1962] 0.9263411394358567 0.962284880928905 0.899958927901477
count 17
f1, pre, rec [1289] 0.9380952380952381 0.9704433497536946 0.9078341013824884 217 203
f1, pre, rec [1289] 0.9270325570040556 0.962764790859775 0.90042217340036
count 18
f1, pre, rec [692 713] 0.9750297265160524 0.9692671394799054 0.9808612440191388 418 423
f1, pre, rec [692 713] 0.9296990664213889 0.9631260324497823 0.9048910106569588
count 19
f1, pre, rec [1030 1316 2404] 0.85 0.9714285714285714 0.7555555555555555 180 140
f1, pre, rec [1030 1316 2404] 0.925504378715 0.9635630081855081 0.8970312498621481
count 20
f1, pre, rec [ 502 2420 2671] 0.9305555555555556 0.9640287769784173 0.8993288590604027 298 278
f1, pre, rec [ 502 2420 2671] 0.9257569375570279 0.9635862966251535 0.8971461303220609
count 21
f1, pre, rec [  31 2044 2340] 0.9738717339667458 0.9669811320754716 0.9808612440191388 418 424
f1, pre, rec [  31 2044 2340] 0.928048118338443 0.963747955456121 0.901132564307636
count 22
f1, pre, rec [  91 1821 2235] 0.9374999999999999 0.9348441926345609 0.9401709401709402 351 353
f1, pre, rec [  91 1821 2235] 0.9284777493230593 0.962434148055141 0.9029070359377862
count 23
f1, pre, rec [167 437] 0.9380952380952381 0.9704433497536946 0.9078341013824884 217 203
f1, pre, rec [167 437] 0.9288959010088061 0.9627823742159477 0.9031212561745123
count 24
f1, pre, rec [   5 1497 2154] 0.9358669833729215 0.9656862745098039 0.9078341013824884 217 204
f1, pre, rec [   5 1497 2154] 0.9291863627739776 0.9629033700615249 0.9033176247248447
count 25
f1, pre, rec [  64 1728] 0.9834515366430261 0.9904761904761905 0.9765258215962441 426 420
f1, pre, rec [  64 1728] 0.9313569697287396 0.9640062828781116 0.9062459525997006
count 26
f1, pre, rec [ 871 2158] 0.9305555555555556 0.9640287769784173 0.8993288590604027 298 278
f1, pre, rec [ 871 2158] 0.9313261461066941 0.9640071480358157 0.9059799105404969
count 27
f1, pre, rec [ 499 1472] 0.9220103986135182 0.953405017921147 0.8926174496644296 298 279
f1, pre, rec [ 499 1472] 0.9309811184217617 0.9636144765500871 0.905485004582124
count 28
f1, pre, rec [2004] 0.8038585209003216 0.9541984732824428 0.6944444444444444 180 131
f1, pre, rec [2004] 0.9264410256531388 0.9632781907190998 0.8979478417200639
count 29
f1, pre, rec [ 777 1497 2177] 0.9383886255924171 0.9658536585365853 0.9124423963133641 217 205
f1, pre, rec [ 777 1497 2177] 0.9268530118579414 0.9633669999541855 0.8984476539474191
count 30
f1, pre, rec [ 863 2034 2147] 0.9413447782546496 0.9454022988505747 0.9373219373219374 351 348
f1, pre, rec [ 863 2034 2147] 0.9273360707378318 0.9627681765840651 0.8997434633932363
count 31
f1, pre, rec [1496] 0.9324090121317158 0.96415770609319 0.9026845637583892 298 279
f1, pre, rec [1496] 0.9274997140086021 0.9628130001166175 0.8998383375985638
count 32
f1, pre, rec [1530 1586] 0.9750297265160524 0.9692671394799054 0.9808612440191388 418 423
f1, pre, rec [1530 1586] 0.9289850268994599 0.9630146919717203 0.9023703034242068
count 33
f1, pre, rec [123 301] 0.9358669833729215 0.9656862745098039 0.9078341013824884 217 204
f1, pre, rec [123 301] 0.9291935710350194 0.9630956490183289 0.9025358730593062
count 34
f1, pre, rec [1897] 0.8129032258064517 0.9692307692307692 0.7 180 130
f1, pre, rec [1897] 0.925773266763591 0.9632760937304594 0.8965789356163854
count 35
f1, pre, rec [143 213 443] 0.9390070921985816 0.9350282485875706 0.9430199430199431 351 354
f1, pre, rec [143 213 443] 0.9261513760617336 0.9624690124406626 0.8979058215422013
count 36
f1, pre, rec [2064] 0.9426934097421205 0.9481268011527377 0.9373219373219374 351 347
f1, pre, rec [2064] 0.9266108769972998 0.9620706176826648 0.899000713647194
count 37
f1, pre, rec [ 786 1796 1875] 0.978443113772455 0.9589201877934272 0.9987775061124694 818 852
f1, pre, rec [ 786 1796 1875] 0.9280117482614932 0.9619854709289015 0.901697383713823
count 38
f1, pre, rec [2220 2502] 0.9796163069544364 0.9611764705882353 0.9987775061124694 818 850
f1, pre, rec [2220 2502] 0.929369762963939 0.9619641814462524 0.9042521237769453
count 39
f1, pre, rec [ 156 2054 2312] 0.8178913738019169 0.9624060150375939 0.7111111111111111 180 133
f1, pre, rec [ 156 2054 2312] 0.9265113427290154 0.961975510512697 0.8992997901188469
count 40
f1, pre, rec [ 632 1257 2252] 0.8348909657320872 0.950354609929078 0.7444444444444445 180 141
f1, pre, rec [ 632 1257 2252] 0.9242208333040921 0.9616849879981066 0.8954284064769868
count 41
f1, pre, rec [835] 0.9270833333333334 0.960431654676259 0.8959731543624161 298 278
f1, pre, rec [835] 0.9242906503779761 0.9616544188926957 0.8954416930107778
count 42
f1, pre, rec [ 414 1450 1994] 0.9406175771971498 0.9705882352941176 0.9124423963133641 217 204
f1, pre, rec [ 414 1450 1994] 0.9246793867308136 0.9618671288070152 0.8958464716608395
count 43
f1, pre, rec [1510 2230] 0.9846517119244392 0.9904988123515439 0.9788732394366197 426 421
f1, pre, rec [1510 2230] 0.9260740919678747 0.9625329819127019 0.8977773267253925
count 44
f1, pre, rec [  98 2126] 0.9342560553633219 0.9642857142857143 0.9060402684563759 298 280
f1, pre, rec [  98 2126] 0.9262600456814076 0.9625728167393613 0.897965120855642
count 45
f1, pre, rec [1677 2101] 0.9790293588975435 0.9600470035252644 0.9987775061124694 818 851
f1, pre, rec [1677 2101] 0.9274326970862106 0.9625166875568257 0.9002053960835714
count 46
f1, pre, rec [191 590] 0.9411764705882353 0.9479768786127167 0.9344729344729344 351 346
f1, pre, rec [191 590] 0.9277314747710371 0.9622006047536928 0.9009503425702967
count 47
f1, pre, rec [937] 0.9305555555555556 0.9640287769784173 0.8993288590604027 298 278
f1, pre, rec [937] 0.9277915615962397 0.96223950203507 0.9009158429211501
count 48
f1, pre, rec [1736 2316] 0.9822904368358912 0.9881235154394299 0.9765258215962441 426 421
f1, pre, rec [1736 2316] 0.928926954830399 0.9627787523143275 0.9024910508102146
count 49
f1, pre, rec [ 269 1979 2328] 0.9846517119244392 0.9904988123515439 0.9788732394366197 426 421
f1, pre, rec [ 269 1979 2328] 0.9300641947710938 0.9633444678252913 0.9040498709862637
count 50
f1, pre, rec [2052 2155] 0.922279792746114 0.9501779359430605 0.8959731543624161 298 281
f1, pre, rec [2052 2155] 0.9299085067305942 0.9630811371876465 0.9038883366537867
count 51
f1, pre, rec [438 866] 0.9406175771971498 0.9705882352941176 0.9124423963133641 217 204
f1, pre, rec [438 866] 0.9301184885044483 0.9632283351897343 0.9040560633137784
count 52
f1, pre, rec [ 426 2190] 0.9406175771971498 0.9705882352941176 0.9124423963133641 217 204
f1, pre, rec [ 426 2190] 0.9303203940562311 0.963369871730203 0.904217338948386
count 53
f1, pre, rec [2091] 0.9802039592081583 0.9623085983510011 0.9987775061124694 818 849
f1, pre, rec [2091] 0.9312615933987204 0.9633498477041804 0.9060014930458214
count 54
f1, pre, rec [ 876 1344 2387] 0.9750889679715302 0.9670588235294117 0.9832535885167464 418 425
f1, pre, rec [ 876 1344 2387] 0.932073211446365 0.9634185324416847 0.9074320874063941
count 55
f1, pre, rec [ 990 1169] 0.9834905660377359 0.9881516587677726 0.9788732394366197 426 422
f1, pre, rec [ 990 1169] 0.9330080724389354 0.9638682256476135 0.9087310174433072
count 56
f1, pre, rec [2175] 0.9796163069544364 0.9611764705882353 0.9987775061124694 818 850
f1, pre, rec [2175] 0.9338403623409979 0.9638201585929818 0.9103389904552566
count 57
f1, pre, rec [2154] 0.9380952380952381 0.9704433497536946 0.9078341013824884 217 203
f1, pre, rec [2154] 0.9339150092840547 0.9639363549291347 0.9102950450329274
count 58
f1, pre, rec [ 333 2263] 0.9324090121317158 0.96415770609319 0.9026845637583892 298 279
f1, pre, rec [ 333 2263] 0.9338890438159109 0.9639401713285148 0.9101638298385388
count 59
f1, pre, rec [1068 1190 2598] 0.978443113772455 0.9589201877934272 0.9987775061124694 818 852
f1, pre, rec [1068 1190 2598] 0.9346441975439879 0.9638550868618184 0.911665756555046
count 60
f1, pre, rec [1908] 0.9802039592081583 0.9623085983510011 0.9987775061124694 818 849
f1, pre, rec [1908] 0.9354035269050575 0.9638293120533048 0.9131176190476697
count 61
f1, pre, rec [2282] 0.9802039592081583 0.9623085983510011 0.9987775061124694 818 849
f1, pre, rec [2282] 0.9361379602215018 0.9638043823204802 0.914521879491355
count 62
f1, pre, rec [ 116 2128] 0.9406175771971498 0.9705882352941176 0.9124423963133641 217 204
f1, pre, rec [ 116 2128] 0.9362102121082059 0.9639137993039258 0.9144883394400971
count 63
f1, pre, rec [616] 0.8102893890675241 0.9618320610687023 0.7 180 131
f1, pre, rec [616] 0.9342114688853379 0.9638807558398748 0.9110837626235877
count 64
f1, pre, rec [956] 0.9383886255924171 0.9658536585365853 0.9124423963133641 217 205
f1, pre, rec [956] 0.934276736958886 0.9639115824445109 0.9111049912749905
count 65
f1, pre, rec [ 513 1507 2449] 0.9788235294117646 0.9811320754716981 0.9765258215962441 426 424
f1, pre, rec [ 513 1507 2449] 0.9349620722273918 0.9641765131064677 0.9121114655876251
count 66
f1, pre, rec [818 913] 0.9413447782546496 0.9454022988505747 0.9373219373219374 351 348
f1, pre, rec [818 913] 0.9350587798944715 0.9638920553147117 0.9124934424320845
count 67
f1, pre, rec [871] 0.9286956521739129 0.9638989169675091 0.8959731543624161 298 277
f1, pre, rec [871] 0.9349638078389408 0.9638921577274401 0.9122468709683581
count 68
f1, pre, rec [  86  659 1358] 0.8473520249221183 0.9645390070921985 0.7555555555555555 180 141
f1, pre, rec [  86  659 1358] 0.9336753992666346 0.9639016702180984 0.9099425869181698
count 69
f1, pre, rec [1693 2228] 0.9413447782546496 0.9454022988505747 0.9373219373219374 351 348
f1, pre, rec [1693 2228] 0.9337865496867507 0.963633563386685 0.9103393890979345
count 70
f1, pre, rec [ 880 2401] 0.9750297265160524 0.9692671394799054 0.9808612440191388 418 423
f1, pre, rec [ 880 2401] 0.9343757379271693 0.9637140430451597 0.9113468441682375
count 71
f1, pre, rec [665] 0.9738717339667458 0.9669811320754716 0.9808612440191388 418 424
f1, pre, rec [665] 0.9349320195615296 0.9637600583836148 0.9123259202224756
count 72
f1, pre, rec [1496 1517] 0.9326424870466321 0.9608540925266904 0.9060402684563759 298 281
f1, pre, rec [1496 1517] 0.9349002204988227 0.9637196977467131 0.912238619503502
count 73
f1, pre, rec [ 773  860 1029] 0.978443113772455 0.9589201877934272 0.9987775061124694 818 852
f1, pre, rec [ 773  860 1029] 0.9354966984888725 0.9636539510350242 0.9134240837036249
count 74
f1, pre, rec [ 401  983 2500] 0.9802039592081583 0.9623085983510011 0.9987775061124694 818 849
f1, pre, rec [ 401  983 2500] 0.9361008506607547 0.9636357705933482 0.9145775083307716
count 75
f1, pre, rec [2334] 0.8129032258064517 0.9692307692307692 0.7 180 130
f1, pre, rec [2334] 0.9344582156626973 0.9637103705751804 0.9117164748863613
count 76
f1, pre, rec [733] 0.8090614886731391 0.9689922480620154 0.6944444444444444 180 129
f1, pre, rec [733] 0.9328082587286242 0.9637798689631651 0.9088576323805466
count 77
f1, pre, rec [410] 0.9380952380952381 0.9704433497536946 0.9078341013824884 217 203
f1, pre, rec [410] 0.9328769207983205 0.9638664076747304 0.9088443397701823
count 78
f1, pre, rec [782] 0.944206008583691 0.9482758620689655 0.9401709401709402 351 348
f1, pre, rec [782] 0.9330221655135176 0.963666528884913 0.9092459628522434
count 79
f1, pre, rec [1508 1736] 0.9834515366430261 0.9904761904761905 0.9765258215962441 426 420
f1, pre, rec [1508 1736] 0.9336605119835114 0.9640058916898658 0.9100976066338129
count 80
f1, pre, rec [1657 2440 2458] 0.9823321554770318 0.9858156028368794 0.9788732394366197 426 423
f1, pre, rec [1657 2440 2458] 0.9342689075271805 0.9642785130792035 0.9109573020438481
count 81
f1, pre, rec [1992] 0.9286956521739129 0.9638989169675091 0.8959731543624161 298 277
f1, pre, rec [1992] 0.9342001019055353 0.9642738267074542 0.9107723125662995
count 82
f1, pre, rec [ 166  413 2015] 0.9358669833729215 0.9656862745098039 0.9078341013824884 217 204
f1, pre, rec [ 166  413 2015] 0.9342204297283082 0.9642910516806535 0.9107364807225946
count 83
f1, pre, rec [ 902 1087 2491] 0.9790293588975435 0.9600470035252644 0.9987775061124694 818 851
f1, pre, rec [ 902 1087 2491] 0.9347602963448051 0.9642399185703476 0.9117972159682558
count 84
f1, pre, rec [764] 0.9858490566037736 0.990521327014218 0.9812206572769953 426 422
f1, pre, rec [764] 0.9353684958716975 0.9645527924803938 0.9126236855076455
count 85
f1, pre, rec [ 528 1147 2284] 0.978443113772455 0.9589201877934272 0.9987775061124694 818 852
f1, pre, rec [ 528 1147 2284] 0.9358752560822946 0.9644865265429 0.9136372598677024
count 86
f1, pre, rec [ 474 2107] 0.937142857142857 0.9398280802292264 0.9344729344729344 351 349
f1, pre, rec [ 474 2107] 0.9358899956295105 0.9641998004229737 0.9138795351538097
count 87
f1, pre, rec [   2 1400] 0.9383886255924171 0.9658536585365853 0.9124423963133641 217 205
f1, pre, rec [   2 1400] 0.9359187155141417 0.9642188102863486 0.9138630163165632
count 88
f1, pre, rec [353] 0.9286956521739129 0.9638989169675091 0.8959731543624161 298 277
f1, pre, rec [353] 0.9358366352489118 0.9642151751349981 0.9136597224307207
count 89
f1, pre, rec [2149 2427] 0.9738717339667458 0.9669811320754716 0.9808612440191388 418 424
f1, pre, rec [2149 2427] 0.9362639959086628 0.9642462533028686 0.9144147957069951
count 90
f1, pre, rec [2448] 0.9834515366430261 0.9904761904761905 0.9765258215962441 426 420
f1, pre, rec [2448] 0.9367883019168224 0.9645376970492389 0.9151049182168756
count 91
f1, pre, rec [1441 1956] 0.9704840613931524 0.958041958041958 0.9832535885167464 418 429
f1, pre, rec [1441 1956] 0.9371585849879909 0.9644663153019061 0.9158538047036874
count 92
f1, pre, rec [1467] 0.9750297265160524 0.9692671394799054 0.9808612440191388 418 423
f1, pre, rec [1467] 0.9375702278306872 0.9645184981734062 0.9165604073049423
count 93
f1, pre, rec [2173] 0.9428571428571428 0.9455587392550143 0.9401709401709402 351 349
f1, pre, rec [2173] 0.9376270763793587 0.9643146297979396 0.9168142840024261
count 94
f1, pre, rec [1038 2354 2364] 0.8051118210862619 0.9473684210526315 0.7 180 133
f1, pre, rec [1038 2354 2364] 0.9362173396209215 0.9641343509815001 0.9145077490662301
count 95
f1, pre, rec [579 661] 0.9802039592081583 0.9623085983510011 0.9987775061124694 818 849
f1, pre, rec [579 661] 0.9366803566692081 0.964115132532758 0.9153947991404011
count 96
f1, pre, rec [ 756 1090 1721] 0.9870435806831567 0.9905437352245863 0.9835680751173709 426 423
f1, pre, rec [ 756 1090 1721] 0.9372049735860202 0.9643904304774646 0.916104937431828
count 97
f1, pre, rec [ 273 1547 2660] 0.9270833333333334 0.960431654676259 0.8959731543624161 298 278
f1, pre, rec [ 273 1547 2660] 0.9371006267792914 0.9643496183558027 0.9158973932764732
count 98
f1, pre, rec [1154 2689] 0.9739336492890995 0.9647887323943662 0.9832535885167464 418 426
f1, pre, rec [1154 2689] 0.9374764739477588 0.9643540991112982 0.91658470139117
count 99
f1, pre, rec [1781] 0.9810874704491725 0.9880952380952381 0.9741784037558685 426 420
f1, pre, rec [1781] 0.9379169890639346 0.9645939085959846 0.9171664559605104
count 100
f1, pre, rec [2199] 0.9380952380952381 0.9704433497536946 0.9078341013824884 217 203
f1, pre, rec [2199] 0.9379187715542477 0.9646524030075616 0.9170731324147302
F1, Pre, Rec 0.9379187715542477 0.9646524030075616 0.9170731324147302
NMI:  0.8309751323875697
ARI:  0.9159217308848568
JAC:  0.8872914856453161
test1 time, avg time 0 0.0
==================================== 0.9645790282414031 0.9474848413875661 0.9559555222979271
test1 time, test1 num 113.98909592628479 100
current best val score (precision, recall, f1score) : 0.9643673029960875 0.9492620641526015 0.9567550669514927
corresponding test1 score (precision, recall, f1score) : 0.9646524030075616 0.9170731324147302 0.9379187715542477
49 loss tensor(2.4753, grad_fn=<AddBackward0>)
50 loss tensor(2.6625, grad_fn=<AddBackward0>)
51 loss tensor(2.5146, grad_fn=<AddBackward0>)
52 loss tensor(2.4007, grad_fn=<AddBackward0>)
53 loss tensor(2.3173, grad_fn=<AddBackward0>)
54 loss tensor(2.3449, grad_fn=<AddBackward0>)
55 loss tensor(2.3234, grad_fn=<AddBackward0>)
56 loss tensor(2.3382, grad_fn=<AddBackward0>)
57 loss tensor(2.2836, grad_fn=<AddBackward0>)
58 loss tensor(2.1864, grad_fn=<AddBackward0>)

validation
num  all, output label  270800 38096.21836756458 38689.0
num  all, output_bin label_bin  270800 35971 38689
num  all, output_bin_0.4 label_bin_0.4  270800 37650 38689
iou_thr: 0.05, precision, recall, f1_score : 0.697 0.999 0.821
iou_thr: 0.10, precision, recall, f1_score : 0.788 0.995 0.879
iou_thr: 0.15, precision, recall, f1_score : 0.873 0.982 0.924
iou_thr: 0.20, precision, recall, f1_score : 0.926 0.976 0.950
iou_thr: 0.25, precision, recall, f1_score : 0.956 0.969 0.963
iou_thr: 0.30, precision, recall, f1_score : 0.970 0.960 0.965
iou_thr: 0.35, precision, recall, f1_score : 0.978 0.952 0.965
iou_thr: 0.40, precision, recall, f1_score : 0.984 0.945 0.964
iou_thr: 0.45, precision, recall, f1_score : 0.990 0.935 0.962
iou_thr: 0.50, precision, recall, f1_score : 0.993 0.923 0.957
iou_thr: 0.55, precision, recall, f1_score : 0.995 0.916 0.954
iou_thr: 0.60, precision, recall, f1_score : 0.997 0.906 0.950
iou_thr: 0.65, precision, recall, f1_score : 0.999 0.899 0.946
iou_thr: 0.70, precision, recall, f1_score : 0.999 0.886 0.939
iou_thr: 0.75, precision, recall, f1_score : 0.999 0.871 0.931
iou_thr: 0.80, precision, recall, f1_score : 0.999 0.855 0.921
iou_thr: 0.85, precision, recall, f1_score : 0.999 0.835 0.909
iou_thr: 0.90, precision, recall, f1_score : 0.999 0.803 0.890
iou_thr: 0.95, precision, recall, f1_score : 1.000 0.758 0.862
current best thr  0.3
current val score (precision, recall, f1score) : 0.9704391008886566 0.9596784615782263 0.9650287852993541
count 1
f1, pre, rec [2098] 0.9546742209631728 0.9492957746478873 0.9601139601139601 351 355
f1, pre, rec [2098] 0.9546742209631728 0.9492957746478873 0.9601139601139601
count 2
f1, pre, rec [151] 0.8205128205128205 0.9696969696969697 0.7111111111111111 180 132
f1, pre, rec [151] 0.8875935207379966 0.9594963721724286 0.8356125356125357
count 3
f1, pre, rec [ 101 1454 1959] 0.9884918231374925 0.9795918367346939 0.9975550122249389 818 833
f1, pre, rec [ 101 1454 1959] 0.9212262882044953 0.9661948603598504 0.8895933611500034
count 4
f1, pre, rec [2689] 0.9809523809523809 0.976303317535545 0.9856459330143541 418 422
f1, pre, rec [2689] 0.9361578113914667 0.9687219746537741 0.9136065041160911
count 5
f1, pre, rec [954] 0.9809523809523809 0.976303317535545 0.9856459330143541 418 422
f1, pre, rec [954] 0.9451167253036494 0.9702382432301283 0.9280143898957437
count 6
f1, pre, rec [ 714  950 2433] 0.9809523809523809 0.976303317535545 0.9856459330143541 418 422
f1, pre, rec [ 714  950 2433] 0.951089334578438 0.9712490889476978 0.9376196470821787
count 7
f1, pre, rec [1605 1637] 0.9809523809523809 0.976303317535545 0.9856459330143541 418 422
f1, pre, rec [1605 1637] 0.9553554840604299 0.9719711216031045 0.9444805450724895
count 8
f1, pre, rec [1026 2405 2687] 0.9870740305522914 0.9882352941176471 0.9859154929577465 426 425
f1, pre, rec [1026 2405 2687] 0.9593203023719126 0.9740041431674223 0.9496599135581465
count 9
f1, pre, rec [658] 0.9533239038189535 0.9466292134831461 0.9601139601139601 351 356
f1, pre, rec [658] 0.9586540358660282 0.9709624843136139 0.9508214742865702
count 10
f1, pre, rec [1116] 0.9421768707482994 0.9551724137931035 0.9295302013422819 298 290
f1, pre, rec [1116] 0.9570063193542554 0.9693834772615629 0.9486923469921413
count 11
f1, pre, rec [ 466  988 1112] 0.9870740305522914 0.9882352941176471 0.9859154929577465 426 425
f1, pre, rec [ 466  988 1112] 0.9597397476449859 0.9710972787939341 0.9520762693526508
count 12
f1, pre, rec [ 684  946 2252] 0.8242811501597445 0.9699248120300752 0.7166666666666667 180 133
f1, pre, rec [ 684  946 2252] 0.9484515311878825 0.9709995732302793 0.9324588024621522
count 13
f1, pre, rec [ 754 1070 1260] 0.8676923076923078 0.9724137931034482 0.7833333333333333 180 145
f1, pre, rec [ 754 1070 1260] 0.9422392832266844 0.9711083593743692 0.920987612529166
count 14
f1, pre, rec [ 856 2640 2645] 0.821656050955414 0.9626865671641791 0.7166666666666667 180 134
f1, pre, rec [ 856 2640 2645] 0.9336261952073078 0.970506802787927 0.9063932592532733
count 15
f1, pre, rec [ 198  575 1401] 0.9429763560500696 0.9211956521739131 0.9658119658119658 351 368
f1, pre, rec [ 198  575 1401] 0.934249539263492 0.9672193927469926 0.9103545063571861
count 16
f1, pre, rec [  94 1812 1962] 0.9535864978902954 0.9416666666666667 0.9658119658119658 351 360
f1, pre, rec [  94 1812 1962] 0.9354580991776672 0.9656223473669723 0.9138205975731098
count 17
f1, pre, rec [1289] 0.9530516431924883 0.9712918660287081 0.9354838709677419 217 209
f1, pre, rec [1289] 0.9364930135314802 0.9659558484647214 0.9150949077727941
count 18
f1, pre, rec [692 713] 0.9809523809523809 0.976303317535545 0.9856459330143541 418 422
f1, pre, rec [692 713] 0.9389629783881968 0.966530707857545 0.9190144091751029
count 19
f1, pre, rec [1030 1316 2404] 0.8463949843260187 0.9712230215827338 0.75 180 139
f1, pre, rec [1030 1316 2404] 0.9340909787007137 0.9667776717378181 0.9101189139553607
count 20
f1, pre, rec [ 502 2420 2671] 0.9421768707482994 0.9551724137931035 0.9295302013422819 298 290
f1, pre, rec [ 502 2420 2671] 0.9344952733030929 0.9661974088405824 0.9110894783247068
count 21
f1, pre, rec [  31 2044 2340] 0.9809523809523809 0.976303317535545 0.9856459330143541 418 422
f1, pre, rec [  31 2044 2340] 0.9367075165244876 0.9666786425879617 0.9146397856908803
count 22
f1, pre, rec [  91 1821 2235] 0.9481065918653575 0.9337016574585635 0.9629629629629629 351 362
f1, pre, rec [  91 1821 2235] 0.9372256563127089 0.9651796887184435 0.9168362937487022
count 23
f1, pre, rec [167 437] 0.9530516431924883 0.9712918660287081 0.9354838709677419 217 209
f1, pre, rec [167 437] 0.9379137426987864 0.9654454355580202 0.917647057975617
count 24
f1, pre, rec [   5 1497 2154] 0.9508196721311476 0.9666666666666667 0.9354838709677419 217 210
f1, pre, rec [   5 1497 2154] 0.938451489758468 0.965496320187547 0.9183902585169554
count 25
f1, pre, rec [  64 1728] 0.9870740305522914 0.9882352941176471 0.9859154929577465 426 425
f1, pre, rec [  64 1728] 0.940396391390221 0.9664058791447511 0.9210912678945872
count 26
f1, pre, rec [ 871 2158] 0.9439728353140917 0.9553264604810997 0.9328859060402684 298 291
f1, pre, rec [ 871 2158] 0.9405339469257545 0.9659797476576876 0.9215449078232673
count 27
f1, pre, rec [ 499 1472] 0.9371816638370118 0.9484536082474226 0.9261744966442953 298 291
f1, pre, rec [ 499 1472] 0.9404097882928382 0.9653306313832333 0.9217163740758979
count 28
f1, pre, rec [2004] 0.8205128205128205 0.9696969696969697 0.7111111111111111 180 132
f1, pre, rec [2004] 0.9361277537292662 0.9654865720372953 0.9141947575414413
count 29
f1, pre, rec [ 777 1497 2177] 0.9485981308411214 0.9620853080568721 0.9354838709677419 217 211
f1, pre, rec [ 777 1497 2177] 0.9365577667331231 0.9653692870724531 0.9149288649009688
count 30
f1, pre, rec [ 863 2034 2147] 0.9534555712270804 0.9441340782122905 0.9629629629629629 351 358
f1, pre, rec [ 863 2034 2147] 0.9371210268829218 0.9646614467771143 0.9165300015030353
count 31
f1, pre, rec [1496] 0.9439728353140917 0.9553264604810997 0.9328859060402684 298 291
f1, pre, rec [1496] 0.9373420529613467 0.9643603181869203 0.9170576113268171
count 32
f1, pre, rec [1530 1586] 0.9809523809523809 0.976303317535545 0.9856459330143541 418 422
f1, pre, rec [1530 1586] 0.9387048757110664 0.9647335369165648 0.9192009963795525
count 33
f1, pre, rec [123 301] 0.9532710280373832 0.966824644549763 0.9400921658986175 217 211
f1, pre, rec [123 301] 0.9391462742664094 0.9647969038145405 0.9198340621225546
count 34
f1, pre, rec [1897] 0.8205128205128205 0.9696969696969697 0.7111111111111111 180 132
f1, pre, rec [1897] 0.9356570550383627 0.964941023399318 0.9136951517986887
count 35
f1, pre, rec [143 213 443] 0.952247191011236 0.9390581717451524 0.9658119658119658 351 361
f1, pre, rec [143 213 443] 0.936131058923302 0.9642015133520561 0.9151842036276394
count 36
f1, pre, rec [2064] 0.9506346967559944 0.9413407821229051 0.9601139601139601 351 358
f1, pre, rec [2064] 0.936533937751988 0.9635664930401353 0.916432252418926
count 37
f1, pre, rec [ 786 1796 1875] 0.9855072463768116 0.9737470167064439 0.9975550122249389 818 838
f1, pre, rec [ 786 1796 1875] 0.937857540687794 0.963841642328414 0.9186247594407101
count 38
f1, pre, rec [2220 2502] 0.9878934624697338 0.9784172661870504 0.9975550122249389 818 834
f1, pre, rec [2220 2502] 0.9391742754715293 0.9642252113773255 0.9207018713560844
count 39
f1, pre, rec [ 156 2054 2312] 0.8280254777070063 0.9701492537313433 0.7222222222222222 180 134
f1, pre, rec [ 156 2054 2312] 0.9363243062980801 0.9643771098992234 0.9156126495834213
count 40
f1, pre, rec [ 632 1257 2252] 0.8473520249221183 0.9645390070921985 0.7555555555555555 180 141
f1, pre, rec [ 632 1257 2252] 0.934099999263681 0.9643811573290477 0.9116112222327246
count 41
f1, pre, rec [835] 0.9439728353140917 0.9553264604810997 0.9328859060402684 298 291
f1, pre, rec [835] 0.9343408001429593 0.9641603110644635 0.9121301169597379
count 42
f1, pre, rec [ 414 1450 1994] 0.9508196721311476 0.9666666666666667 0.9354838709677419 217 210
f1, pre, rec [ 414 1450 1994] 0.9347331542379161 0.9642199861978494 0.9126861587218332
count 43
f1, pre, rec [1510 2230] 0.9858823529411764 0.9882075471698113 0.9835680751173709 426 424
f1, pre, rec [1510 2230] 0.9359226704868292 0.9647778364530114 0.9143345753821945
count 44
f1, pre, rec [  98 2126] 0.9439728353140917 0.9553264604810997 0.9328859060402684 298 291
f1, pre, rec [  98 2126] 0.9361056287783579 0.9645630324536497 0.9147561965335144
count 45
f1, pre, rec [1677 2101] 0.9884918231374925 0.9795918367346939 0.9975550122249389 818 833
f1, pre, rec [1677 2101] 0.9372697664307831 0.9648970058821172 0.916596170215546
count 46
f1, pre, rec [191 590] 0.9534555712270804 0.9441340782122905 0.9629629629629629 351 358
f1, pre, rec [191 590] 0.9376216317524417 0.964445637889295 0.9176041439709246
count 47
f1, pre, rec [937] 0.9403747870528109 0.9550173010380623 0.9261744966442953 298 289
f1, pre, rec [937] 0.93768020952479 0.9642450349775666 0.9177864919001452
count 48
f1, pre, rec [1736 2316] 0.9847238542890716 0.9858823529411764 0.9835680751173709 426 425
f1, pre, rec [1736 2316] 0.9386602854573792 0.9646958124351418 0.919156941550504
count 49
f1, pre, rec [ 269 1979 2328] 0.9858823529411764 0.9882075471698113 0.9835680751173709 426 424
f1, pre, rec [ 269 1979 2328] 0.9396240011203139 0.9651756437562576 0.92047145448044
count 50
f1, pre, rec [2052 2155] 0.9403747870528109 0.9550173010380623 0.9261744966442953 298 289
f1, pre, rec [2052 2155] 0.9396390168389638 0.9649724769018937 0.9205855153237171
count 51
f1, pre, rec [438 866] 0.955503512880562 0.9714285714285714 0.9400921658986175 217 210
f1, pre, rec [438 866] 0.9399500853887991 0.965099066990652 0.920967998668323
count 52
f1, pre, rec [ 426 2190] 0.955503512880562 0.9714285714285714 0.9400921658986175 217 210
f1, pre, rec [ 426 2190] 0.9402491897636407 0.9652207882298427 0.9213357711150595
count 53
f1, pre, rec [2091] 0.9878934624697338 0.9784172661870504 0.9975550122249389 818 834
f1, pre, rec [2091] 0.9411481383052651 0.9654697783799787 0.9227738700039251
count 54
f1, pre, rec [ 876 1344 2387] 0.9809523809523809 0.976303317535545 0.9856459330143541 418 422
f1, pre, rec [ 876 1344 2387] 0.9418852539098412 0.9656703994754522 0.9239381674670811
count 55
f1, pre, rec [ 990 1169] 0.9882629107981221 0.9882629107981221 0.9882629107981221 426 426
f1, pre, rec [ 990 1169] 0.9427284840350827 0.9660811724085916 0.9251077082549183
count 56
f1, pre, rec [2175] 0.9884918231374925 0.9795918367346939 0.9975550122249389 818 833
f1, pre, rec [2175] 0.9435456865190543 0.9663224342715576 0.9264014101115257
count 57
f1, pre, rec [2154] 0.9530516431924883 0.9712918660287081 0.9354838709677419 217 209
f1, pre, rec [2154] 0.9437124576887637 0.966409617284841 0.9265607515300558
count 58
f1, pre, rec [ 333 2263] 0.9439728353140917 0.9553264604810997 0.9328859060402684 298 291
f1, pre, rec [ 333 2263] 0.9437169469581659 0.9662185283744316 0.926669805918163
count 59
f1, pre, rec [1068 1190 2598] 0.9872958257713249 0.9772455089820359 0.9975550122249389 818 835
f1, pre, rec [1068 1190 2598] 0.9444555720227957 0.9664054263508317 0.927871250092854
count 60
f1, pre, rec [1908] 0.9884918231374925 0.9795918367346939 0.9975550122249389 818 833
f1, pre, rec [1908] 0.945189509541374 0.9666251998572294 0.9290326461283888
count 61
f1, pre, rec [2282] 0.9884918231374925 0.9795918367346939 0.9975550122249389 818 833
f1, pre, rec [2282] 0.9458993835347531 0.9668377676748927 0.9301559636053813
count 62
f1, pre, rec [ 116 2128] 0.955503512880562 0.9714285714285714 0.9400921658986175 217 210
f1, pre, rec [ 116 2128] 0.9460542888467822 0.9669118128967261 0.9303162249326916
count 63
f1, pre, rec [616] 0.8178913738019169 0.9624060150375939 0.7111111111111111 180 133
f1, pre, rec [616] 0.9440199568619431 0.9668402922957875 0.9268367786815553
count 64
f1, pre, rec [956] 0.955503512880562 0.9714285714285714 0.9400921658986175 217 210
f1, pre, rec [956] 0.944199387424734 0.9669119841572372 0.927043894106822
count 65
f1, pre, rec [ 513 1507 2449] 0.9870740305522914 0.9882352941176471 0.9859154929577465 426 425
f1, pre, rec [ 513 1507 2449] 0.9448589973190041 0.9672400350797051 0.9279496110122207
count 66
f1, pre, rec [818 913] 0.9506346967559944 0.9413407821229051 0.9601139601139601 351 358
f1, pre, rec [818 913] 0.9449465079165343 0.9668476221561173 0.9284369496349744
count 67
f1, pre, rec [871] 0.9403747870528109 0.9550173010380623 0.9261744966442953 298 289
f1, pre, rec [871] 0.9448782732767772 0.9666710501991315 0.9284031816798896
count 68
f1, pre, rec [  86  659 1358] 0.8544891640866874 0.965034965034965 0.7666666666666667 180 143
f1, pre, rec [  86  659 1358] 0.9435490216710406 0.9666469901231878 0.9260247035179304
count 69
f1, pre, rec [1693 2228] 0.9548022598870056 0.9467787114845938 0.9629629629629629 351 357
f1, pre, rec [1693 2228] 0.9437121120799676 0.9663590440559618 0.9265600406113367
count 70
f1, pre, rec [ 880 2401] 0.9809523809523809 0.976303317535545 0.9856459330143541 418 422
f1, pre, rec [ 880 2401] 0.944244115921002 0.9665011051056701 0.9274041247885226
count 71
f1, pre, rec [665] 0.9809523809523809 0.976303317535545 0.9856459330143541 418 422
f1, pre, rec [665] 0.9447611337383452 0.9666391644356682 0.928224431946633
count 72
f1, pre, rec [1496 1517] 0.9439728353140917 0.9553264604810997 0.9328859060402684 298 291
f1, pre, rec [1496 1517] 0.9447501851491195 0.9664820435474104 0.9282891746423778
count 73
f1, pre, rec [ 773  860 1029] 0.9884918231374925 0.9795918367346939 0.9975550122249389 818 833
f1, pre, rec [ 773  860 1029] 0.9453493856695081 0.9666616297554554 0.9292380217325499
count 74
f1, pre, rec [ 401  983 2500] 0.9878934624697338 0.9784172661870504 0.9975550122249389 818 834
f1, pre, rec [ 401  983 2500] 0.9459243056262678 0.9668204897072338 0.9301612243067713
count 75
f1, pre, rec [2334] 0.8205128205128205 0.9696969696969697 0.7111111111111111 180 132
f1, pre, rec [2334] 0.9442521524914218 0.9668588427737635 0.9272405561308291
count 76
f1, pre, rec [733] 0.8205128205128205 0.9696969696969697 0.7111111111111111 180 132
f1, pre, rec [733] 0.9426240033864403 0.9668961865490688 0.9243967476437276
count 77
f1, pre, rec [410] 0.9530516431924883 0.9712918660287081 0.9354838709677419 217 209
f1, pre, rec [410] 0.9427594272800254 0.9669532732955577 0.9245407362583252
count 78
f1, pre, rec [782] 0.9577464788732395 0.947075208913649 0.9686609686609686 351 359
f1, pre, rec [782] 0.9429515689671177 0.9666984263163024 0.9251063802634872
count 79
f1, pre, rec [1508 1736] 0.9858823529411764 0.9882075471698113 0.9835680751173709 426 424
f1, pre, rec [1508 1736] 0.9434949966123589 0.9669706936688784 0.925846401717334
count 80
f1, pre, rec [1657 2440 2458] 0.9870740305522914 0.9882352941176471 0.9859154929577465 426 425
f1, pre, rec [1657 2440 2458] 0.9440397345366082 0.967236501174488 0.9265972653578392
count 81
f1, pre, rec [1992] 0.9421768707482994 0.9551724137931035 0.9295302013422819 298 290
f1, pre, rec [1992] 0.9440167362182339 0.9670875618241006 0.9266334744440669
count 82
f1, pre, rec [ 166  413 2015] 0.9532710280373832 0.966824644549763 0.9400921658986175 217 211
f1, pre, rec [ 166  413 2015] 0.9441295934355406 0.9670843555158769 0.9267976048276589
count 83
f1, pre, rec [ 902 1087 2491] 0.9884918231374925 0.9795918367346939 0.9975550122249389 818 833
f1, pre, rec [ 902 1087 2491] 0.9446640781307448 0.967235048060682 0.9276501037119635
count 84
f1, pre, rec [764] 0.9858823529411764 0.9882075471698113 0.9835680751173709 426 424
f1, pre, rec [764] 0.9451547718784881 0.9674847206691239 0.9283157938477422
count 85
f1, pre, rec [ 528 1147 2284] 0.9884918231374925 0.9795918367346939 0.9975550122249389 818 833
f1, pre, rec [ 528 1147 2284] 0.9456646195403587 0.967627157328719 0.9291303728874739
count 86
f1, pre, rec [ 474 2107] 0.952112676056338 0.9415041782729805 0.9629629629629629 351 359
f1, pre, rec [ 474 2107] 0.9457395969417074 0.9673234017583033 0.929523775097654
count 87
f1, pre, rec [   2 1400] 0.9530516431924883 0.9712918660287081 0.9354838709677419 217 209
f1, pre, rec [   2 1400] 0.9458236434503371 0.967369016290147 0.9295922819467355
count 88
f1, pre, rec [353] 0.9421768707482994 0.9551724137931035 0.9295302013422819 298 290
f1, pre, rec [353] 0.9457822028514503 0.9672304185344989 0.9295915764853213
count 89
f1, pre, rec [2149 2427] 0.9797859690844233 0.9739952718676123 0.9856459330143541 418 423
f1, pre, rec [2149 2427] 0.9461642676405848 0.9673064281225113 0.9302214007159846
count 90
f1, pre, rec [2448] 0.9858823529411764 0.9882075471698113 0.9835680751173709 426 424
f1, pre, rec [2448] 0.9466055796994802 0.9675386627785925 0.9308141415426667
count 91
f1, pre, rec [1441 1956] 0.976303317535545 0.9671361502347418 0.9856459330143541 418 426
f1, pre, rec [1441 1956] 0.9469319284669094 0.9675342395638248 0.9314166887016962
count 92
f1, pre, rec [1467] 0.9809523809523809 0.976303317535545 0.9856459330143541 418 422
f1, pre, rec [1467] 0.9473017159939253 0.9676295556287348 0.9320061370094426
count 93
f1, pre, rec [2173] 0.9506346967559944 0.9413407821229051 0.9601139601139601 351 358
f1, pre, rec [2173] 0.9473375544967434 0.9673468806448011 0.9323083716664804
count 94
f1, pre, rec [1038 2354 2364] 0.8178913738019169 0.9624060150375939 0.7111111111111111 180 133
f1, pre, rec [1038 2354 2364] 0.9459604674680749 0.9672943182447243 0.9299552093201466
count 95
f1, pre, rec [579 661] 0.9878934624697338 0.9784172661870504 0.9975550122249389 818 834
f1, pre, rec [579 661] 0.9464018674154607 0.9674114019072751 0.9306667861928286
count 96
f1, pre, rec [ 756 1090 1721] 0.9870740305522914 0.9882352941176471 0.9859154929577465 426 425
f1, pre, rec [ 756 1090 1721] 0.9468255357814694 0.9676283174511332 0.9312422935549631
count 97
f1, pre, rec [ 273 1547 2660] 0.9421768707482994 0.9551724137931035 0.9295302013422819 298 290
f1, pre, rec [ 273 1547 2660] 0.9467776113996842 0.9674999060732153 0.9312246431197809
count 98
f1, pre, rec [1154 2689] 0.9786223277909739 0.9716981132075472 0.9856459330143541 418 424
f1, pre, rec [1154 2689] 0.9471025574853096 0.9675427449215249 0.9317799624044194
count 99
f1, pre, rec [1781] 0.9858823529411764 0.9882075471698113 0.9835680751173709 426 424
f1, pre, rec [1781] 0.9474942725909243 0.9677514802977703 0.9323030746540453
count 100
f1, pre, rec [2199] 0.9530516431924883 0.9712918660287081 0.9354838709677419 217 209
f1, pre, rec [2199] 0.9475498462969401 0.9677868841550796 0.9323348826171822
F1, Pre, Rec 0.9475498462969401 0.9677868841550796 0.9323348826171822
NMI:  0.8546614296840152
ARI:  0.930071118566846
JAC:  0.9044082300178647
test1 time, avg time 0 0.0
==================================== 0.9705967593202477 0.958674890051266 0.9645989892906706
test1 time, test1 num 110.71187257766724 100
current best val score (precision, recall, f1score) : 0.9704391008886566 0.9596784615782263 0.9650287852993541
corresponding test1 score (precision, recall, f1score) : 0.9677868841550796 0.9323348826171822 0.9475498462969401
59 loss tensor(2.1256, grad_fn=<AddBackward0>)
60 loss tensor(2.1912, grad_fn=<AddBackward0>)
61 loss tensor(2.1004, grad_fn=<AddBackward0>)
62 loss tensor(2.1263, grad_fn=<AddBackward0>)
63 loss tensor(2.2801, grad_fn=<AddBackward0>)
64 loss tensor(2.1446, grad_fn=<AddBackward0>)
65 loss tensor(2.0351, grad_fn=<AddBackward0>)
66 loss tensor(2.0288, grad_fn=<AddBackward0>)
67 loss tensor(2.0216, grad_fn=<AddBackward0>)
68 loss tensor(2.0473, grad_fn=<AddBackward0>)

validation
num  all, output label  270800 39449.948598214585 38689.0
num  all, output_bin label_bin  270800 36879 38689
num  all, output_bin_0.4 label_bin_0.4  270800 38589 38689
iou_thr: 0.05, precision, recall, f1_score : 0.675 0.999 0.806
iou_thr: 0.10, precision, recall, f1_score : 0.764 0.999 0.866
iou_thr: 0.15, precision, recall, f1_score : 0.839 0.998 0.912
iou_thr: 0.20, precision, recall, f1_score : 0.894 0.990 0.939
iou_thr: 0.25, precision, recall, f1_score : 0.933 0.980 0.956
iou_thr: 0.30, precision, recall, f1_score : 0.957 0.973 0.965
iou_thr: 0.35, precision, recall, f1_score : 0.969 0.967 0.968
iou_thr: 0.40, precision, recall, f1_score : 0.976 0.960 0.968
iou_thr: 0.45, precision, recall, f1_score : 0.988 0.954 0.970
iou_thr: 0.50, precision, recall, f1_score : 0.991 0.945 0.968
iou_thr: 0.55, precision, recall, f1_score : 0.995 0.937 0.965
iou_thr: 0.60, precision, recall, f1_score : 0.997 0.927 0.961
iou_thr: 0.65, precision, recall, f1_score : 0.998 0.920 0.957
iou_thr: 0.70, precision, recall, f1_score : 0.998 0.911 0.953
iou_thr: 0.75, precision, recall, f1_score : 0.999 0.900 0.947
iou_thr: 0.80, precision, recall, f1_score : 0.999 0.891 0.942
iou_thr: 0.85, precision, recall, f1_score : 0.999 0.873 0.932
iou_thr: 0.90, precision, recall, f1_score : 1.000 0.841 0.914
iou_thr: 0.95, precision, recall, f1_score : 1.000 0.793 0.884
current best thr  0.45
current val score (precision, recall, f1score) : 0.9875274342915261 0.9536560779549743 0.9702962485700385
count 1
f1, pre, rec [2098] 0.9640287769784173 0.9738372093023255 0.9544159544159544 351 344
f1, pre, rec [2098] 0.9640287769784173 0.9738372093023255 0.9544159544159544
count 2
f1, pre, rec [151] 0.8284789644012944 0.9922480620155039 0.7111111111111111 180 129
f1, pre, rec [151] 0.8962538706898558 0.9830426356589147 0.8327635327635328
count 3
f1, pre, rec [ 101 1454 1959] 0.996341463414634 0.9939172749391727 0.9987775061124694 818 822
f1, pre, rec [ 101 1454 1959] 0.9296164015981153 0.9866675154190007 0.888101523879845
count 4
f1, pre, rec [2689] 0.9868263473053891 0.988009592326139 0.9856459330143541 418 417
f1, pre, rec [2689] 0.9439188880249337 0.9870030346457853 0.9124876261634722
count 5
f1, pre, rec [954] 0.9868263473053891 0.988009592326139 0.9856459330143541 418 417
f1, pre, rec [954] 0.9525003798810248 0.987204346181856 0.9271192875336485
count 6
f1, pre, rec [ 714  950 2433] 0.9868263473053891 0.988009592326139 0.9856459330143541 418 417
f1, pre, rec [ 714  950 2433] 0.9582213744517523 0.9873385538725699 0.9368737284470994
count 7
f1, pre, rec [1605 1637] 0.9868263473053891 0.988009592326139 0.9856459330143541 418 417
f1, pre, rec [1605 1637] 0.9623077991451289 0.987434416508794 0.9438411862424214
count 8
f1, pre, rec [1026 2405 2687] 0.9858156028368794 0.9928571428571429 0.9788732394366197 426 420
f1, pre, rec [1026 2405 2687] 0.9652462746065977 0.9881122573023376 0.9482201928916962
count 9
f1, pre, rec [658] 0.9668109668109668 0.97953216374269 0.9544159544159544 351 342
f1, pre, rec [658] 0.965420129295972 0.987158913573488 0.9489086108388362
count 10
f1, pre, rec [1116] 0.9281961471103327 0.9706959706959707 0.889261744966443 298 273
f1, pre, rec [1116] 0.9616977310774081 0.9855126192857362 0.9429439242515969
count 11
f1, pre, rec [ 466  988 1112] 0.985781990521327 0.9952153110047847 0.9765258215962441 426 418
f1, pre, rec [ 466  988 1112] 0.9638872092086733 0.986394682169286 0.9459968240102011
count 12
f1, pre, rec [ 684  946 2252] 0.8284789644012944 0.9922480620155039 0.7111111111111111 180 129
f1, pre, rec [ 684  946 2252] 0.9526031888080585 0.9868824638231376 0.9264230146019435
count 13
f1, pre, rec [ 754 1070 1260] 0.8722741433021807 0.9929078014184397 0.7777777777777778 180 141
f1, pre, rec [ 754 1070 1260] 0.9464240314614525 0.9873459513304685 0.9149887656154694
count 14
f1, pre, rec [ 856 2640 2645] 0.8205128205128205 0.9696969696969697 0.7111111111111111 180 132
f1, pre, rec [ 856 2640 2645] 0.9374303735365502 0.9860853097852187 0.9004260760080152
count 15
f1, pre, rec [ 198  575 1401] 0.9683908045977012 0.9768115942028985 0.9601139601139601 351 345
f1, pre, rec [ 198  575 1401] 0.9394944022739603 0.9854670620797307 0.9044052682817447
count 16
f1, pre, rec [  94 1812 1962] 0.9712643678160919 0.9797101449275363 0.9629629629629629 351 345
f1, pre, rec [  94 1812 1962] 0.9414800251203436 0.9851072547577184 0.908065124199321
count 17
f1, pre, rec [1289] 0.962085308056872 0.9902439024390244 0.9354838709677419 217 205
f1, pre, rec [1289] 0.9426921005871982 0.9854094105036775 0.9096779916562869
count 18
f1, pre, rec [692 713] 0.9868263473053891 0.988009592326139 0.9856459330143541 418 417
f1, pre, rec [692 713] 0.9451440031826532 0.9855538650493698 0.9138984328428462
count 19
f1, pre, rec [1030 1316 2404] 0.8507936507936508 0.9925925925925926 0.7444444444444445 180 135
f1, pre, rec [1030 1316 2404] 0.9401781951621795 0.9859243243937501 0.9049798018745093
count 20
f1, pre, rec [ 502 2420 2671] 0.9265734265734266 0.9671532846715328 0.889261744966443 298 274
f1, pre, rec [ 502 2420 2671] 0.9394979567327418 0.9849857724076392 0.904193899029106
count 21
f1, pre, rec [  31 2044 2340] 0.9868263473053891 0.988009592326139 0.9856459330143541 418 417
f1, pre, rec [  31 2044 2340] 0.9417516896171536 0.9851297638323298 0.9080725673141178
count 22
f1, pre, rec [  91 1821 2235] 0.9683908045977012 0.9768115942028985 0.9601139601139601 351 345
f1, pre, rec [  91 1821 2235] 0.9429625584799056 0.9847516652128102 0.9104380851686561
count 23
f1, pre, rec [167 437] 0.9645390070921986 0.9902912621359223 0.9400921658986175 217 206
f1, pre, rec [167 437] 0.9439006649413098 0.9849925172529455 0.9117273930264806
count 24
f1, pre, rec [   5 1497 2154] 0.9622641509433962 0.9855072463768116 0.9400921658986175 217 207
f1, pre, rec [   5 1497 2154] 0.9446658101913967 0.9850139642997733 0.9129092585628197
count 25
f1, pre, rec [  64 1728] 0.9869822485207101 0.9952267303102625 0.9788732394366197 426 419
f1, pre, rec [  64 1728] 0.9463584677245693 0.9854224749401927 0.9155478177977717
count 26
f1, pre, rec [ 871 2158] 0.9281961471103327 0.9706959706959707 0.889261744966443 298 273
f1, pre, rec [ 871 2158] 0.9456599169317141 0.9848560709307996 0.9145368149965668
count 27
f1, pre, rec [ 499 1472] 0.9263157894736842 0.9705882352941176 0.8859060402684564 298 272
f1, pre, rec [ 499 1472] 0.9449434677666019 0.9843276325738854 0.9134764159325627
count 28
f1, pre, rec [2004] 0.8258064516129032 0.9846153846153847 0.7111111111111111 180 130
f1, pre, rec [2004] 0.9406885743325412 0.9843379094325104 0.9062490836175109
count 29
f1, pre, rec [ 777 1497 2177] 0.9624413145539906 0.9808612440191388 0.9447004608294931 217 209
f1, pre, rec [ 777 1497 2177] 0.941438668822936 0.9842180244182562 0.9075749931765448
count 30
f1, pre, rec [ 863 2034 2147] 0.968299711815562 0.9795918367346939 0.9572649572649573 351 343
f1, pre, rec [ 863 2034 2147] 0.9423340369226901 0.9840638181621375 0.9092313253128252
count 31
f1, pre, rec [1496] 0.9281961471103327 0.9706959706959707 0.889261744966443 298 273
f1, pre, rec [1496] 0.9418779759610013 0.9836325972761321 0.9085871453016516
count 32
f1, pre, rec [1530 1586] 0.9868263473053891 0.988009592326139 0.9856459330143541 418 417
f1, pre, rec [1530 1586] 0.9432826125655134 0.9837693783714448 0.9109952324176736
count 33
f1, pre, rec [123 301] 0.9647058823529412 0.9855769230769231 0.9447004608294931 217 208
f1, pre, rec [123 301] 0.9439318025590718 0.983824152453429 0.9120166029756075
count 34
f1, pre, rec [1897] 0.8284789644012944 0.9922480620155039 0.7111111111111111 180 129
f1, pre, rec [1897] 0.9405361308485489 0.9840719144993725 0.9061076179207694
count 35
f1, pre, rec [143 213 443] 0.9683908045977012 0.9768115942028985 0.9601139601139601 351 345
f1, pre, rec [143 213 443] 0.9413319786699533 0.9838644767766161 0.9076506562691463
count 36
f1, pre, rec [2064] 0.9654178674351584 0.9766763848396501 0.9544159544159544 351 343
f1, pre, rec [2064] 0.9420010311356535 0.9836648075561448 0.90894969232878
count 37
f1, pre, rec [ 786 1796 1875] 0.9945222154595252 0.9903030303030304 0.9987775061124694 818 825
f1, pre, rec [ 786 1796 1875] 0.9434205226038662 0.9838442189817364 0.9113774710796905
count 38
f1, pre, rec [2220 2502] 0.996341463414634 0.9939172749391727 0.9987775061124694 818 822
f1, pre, rec [2220 2502] 0.9448131789409918 0.9841092994016689 0.9136774720016057
count 39
f1, pre, rec [ 156 2054 2312] 0.8333333333333333 0.9848484848484849 0.7222222222222222 180 132
f1, pre, rec [ 156 2054 2312] 0.9419547213613083 0.9841282528746641 0.9087683630329035
count 40
f1, pre, rec [ 632 1257 2252] 0.8444444444444444 0.9851851851851852 0.7388888888888889 180 135
f1, pre, rec [ 632 1257 2252] 0.9395169644383866 0.9841546761824272 0.9045213761793031
count 41
f1, pre, rec [835] 0.9281961471103327 0.9706959706959707 0.889261744966443 298 273
f1, pre, rec [835] 0.9392408469425805 0.9838264150730015 0.9041491900521601
count 42
f1, pre, rec [ 414 1450 1994] 0.9669811320754716 0.9903381642512077 0.9447004608294931 217 207
f1, pre, rec [ 414 1450 1994] 0.9399013299219351 0.9839814567201015 0.9051146964992395
count 43
f1, pre, rec [1510 2230] 0.9845788849347568 0.9952038369304557 0.9741784037558685 426 417
f1, pre, rec [1510 2230] 0.94094034282921 0.9842424423063889 0.906720829226138
count 44
f1, pre, rec [  98 2126] 0.9281961471103327 0.9706959706959707 0.889261744966443 298 273
f1, pre, rec [  98 2126] 0.9406507020174174 0.9839345679516067 0.9063240318565993
count 45
f1, pre, rec [1677 2101] 0.996341463414634 0.9939172749391727 0.9987775061124694 818 822
f1, pre, rec [1677 2101] 0.9418882744929111 0.9841564058846637 0.9083785535067297
count 46
f1, pre, rec [191 590] 0.9697841726618704 0.9796511627906976 0.9601139601139601 351 344
f1, pre, rec [191 590] 0.9424947070618015 0.9840584658174035 0.9095032362590608
count 47
f1, pre, rec [937] 0.9281961471103327 0.9706959706959707 0.889261744966443 298 273
f1, pre, rec [937] 0.9421904823819831 0.9837741574105645 0.9090725662315582
count 48
f1, pre, rec [1736 2316] 0.9834123222748815 0.992822966507177 0.9741784037558685 426 418
f1, pre, rec [1736 2316] 0.9430492707130851 0.9839626742667439 0.910428937846648
count 49
f1, pre, rec [ 269 1979 2328] 0.9845788849347568 0.9952038369304557 0.9741784037558685 426 417
f1, pre, rec [ 269 1979 2328] 0.9438968138604661 0.9841920857496769 0.9117299473549996
count 50
f1, pre, rec [2052 2155] 0.9268292682926829 0.9637681159420289 0.8926174496644296 298 276
f1, pre, rec [2052 2155] 0.9435554629491105 0.9837836063535239 0.9113476974011882
count 51
f1, pre, rec [438 866] 0.9669811320754716 0.9903381642512077 0.9447004608294931 217 207
f1, pre, rec [438 866] 0.9440147897947255 0.9839121270966157 0.9120016731546844
count 52
f1, pre, rec [ 426 2190] 0.9669811320754716 0.9903381642512077 0.9447004608294931 217 207
f1, pre, rec [ 426 2190] 0.9444564502232015 0.984035704734204 0.9126304959945846
count 53
f1, pre, rec [2091] 0.996341463414634 0.9939172749391727 0.9987775061124694 818 822
f1, pre, rec [2091] 0.9454354127362474 0.9842221494550525 0.9142559112798276
count 54
f1, pre, rec [ 876 1344 2387] 0.9868263473053891 0.988009592326139 0.9856459330143541 418 417
f1, pre, rec [ 876 1344 2387] 0.9462019115245648 0.9842922872859985 0.9155779487193558
count 55
f1, pre, rec [ 990 1169] 0.985781990521327 0.9952153110047847 0.9765258215962441 426 418
f1, pre, rec [ 990 1169] 0.9469215493245059 0.9844908877172491 0.9166860918625721
count 56
f1, pre, rec [2175] 0.996341463414634 0.9939172749391727 0.9987775061124694 818 822
f1, pre, rec [2175] 0.9478040477904012 0.9846592160604978 0.9181520099741773
count 57
f1, pre, rec [2154] 0.962085308056872 0.9902439024390244 0.9354838709677419 217 205
f1, pre, rec [2154] 0.9480545962161286 0.984757193014507 0.9184560777109066
count 58
f1, pre, rec [ 333 2263] 0.9281961471103327 0.9706959706959707 0.889261744966443 298 273
f1, pre, rec [ 333 2263] 0.9477122091625805 0.984514758146946 0.9179527271463468
count 59
f1, pre, rec [1068 1190 2598] 0.996341463414634 0.9939172749391727 0.9987775061124694 818 822
f1, pre, rec [1068 1190 2598] 0.9485364338109205 0.9846741228383397 0.9193226386542472
count 60
f1, pre, rec [1908] 0.996341463414634 0.9939172749391727 0.9987775061124694 818 822
f1, pre, rec [1908] 0.9493331843043157 0.9848281753733535 0.9206468864452175
count 61
f1, pre, rec [2282] 0.996341463414634 0.9939172749391727 0.9987775061124694 818 822
f1, pre, rec [2282] 0.9501038118307145 0.9849771770055801 0.9219277162758283
count 62
f1, pre, rec [ 116 2128] 0.9647058823529412 0.9855769230769231 0.9447004608294931 217 208
f1, pre, rec [ 116 2128] 0.9503393290972019 0.9849868503293113 0.922295018607339
count 63
f1, pre, rec [616] 0.8284789644012944 0.9922480620155039 0.7111111111111111 180 129
f1, pre, rec [616] 0.9484050375940922 0.9851021076576637 0.9189428930915258
count 64
f1, pre, rec [956] 0.9647058823529412 0.9855769230769231 0.9447004608294931 217 208
f1, pre, rec [956] 0.9486597382934492 0.9851095266485895 0.9193453550874315
count 65
f1, pre, rec [ 513 1507 2449] 0.9845788849347568 0.9952038369304557 0.9741784037558685 426 417
f1, pre, rec [ 513 1507 2449] 0.9492123405494692 0.9852648237298489 0.9201889404515614
count 66
f1, pre, rec [818 913] 0.968299711815562 0.9795918367346939 0.9572649572649573 351 343
f1, pre, rec [818 913] 0.94950154314441 0.9851788693814375 0.9207506982820673
count 67
f1, pre, rec [871] 0.9281961471103327 0.9706959706959707 0.889261744966443 298 273
f1, pre, rec [871] 0.9491835521588269 0.9849627067144903 0.9202807139042222
count 68
f1, pre, rec [  86  659 1358] 0.8625 0.9857142857142858 0.7666666666666667 180 140
f1, pre, rec [  86  659 1358] 0.9479087940388441 0.9849737593468402 0.9180216837977875
count 69
f1, pre, rec [1693 2228] 0.9697841726618704 0.9796511627906976 0.9601139601139601 351 344
f1, pre, rec [1693 2228] 0.9482258285116416 0.9848966202663164 0.9186317167878769
count 70
f1, pre, rec [ 880 2401] 0.9856459330143541 0.9856459330143541 0.9856459330143541 418 418
f1, pre, rec [ 880 2401] 0.9487604014331089 0.9849073247341456 0.9195890627339696
count 71
f1, pre, rec [665] 0.9868263473053891 0.988009592326139 0.9856459330143541 418 417
f1, pre, rec [665] 0.9492965415158172 0.9849510186438919 0.9205194411886228
count 72
f1, pre, rec [1496 1517] 0.9281961471103327 0.9706959706959707 0.889261744966443 298 273
f1, pre, rec [1496 1517] 0.9490034804824076 0.9847530318668374 0.9200853065188704
count 73
f1, pre, rec [ 773  860 1029] 0.996341463414634 0.9939172749391727 0.9987775061124694 818 822
f1, pre, rec [ 773  860 1029] 0.9496519460020272 0.9848785694431709 0.9211632818557691
count 74
f1, pre, rec [ 401  983 2500] 0.996341463414634 0.9939172749391727 0.9987775061124694 818 822
f1, pre, rec [ 401  983 2500] 0.950282885426522 0.9850007141120358 0.9222121227241029
count 75
f1, pre, rec [2334] 0.8284789644012944 0.9922480620155039 0.7111111111111111 180 129
f1, pre, rec [2334] 0.9486588331461856 0.9850973454174154 0.919397442569263
count 76
f1, pre, rec [733] 0.8284789644012944 0.9922480620155039 0.7111111111111111 180 129
f1, pre, rec [733] 0.9470775190837529 0.9851914337937061 0.9166568329448136
count 77
f1, pre, rec [410] 0.9669811320754716 0.9903381642512077 0.9447004608294931 217 207
f1, pre, rec [410] 0.9473360075641649 0.9852582744489984 0.9170210359043549
count 78
f1, pre, rec [782] 0.9727403156384505 0.9797687861271677 0.9658119658119658 351 346
f1, pre, rec [782] 0.9476617038215275 0.9851878963935903 0.9176465606467602
count 79
f1, pre, rec [1508 1736] 0.983372921615202 0.9951923076923077 0.971830985915493 426 416
f1, pre, rec [1508 1736] 0.9481137445530929 0.9853145345112956 0.9183324394476302
count 80
f1, pre, rec [1657 2440 2458] 0.9846153846153846 0.9928400954653938 0.9765258215962441 426 419
f1, pre, rec [1657 2440 2458] 0.9485700150538715 0.9854086040232218 0.9190598567244879
count 81
f1, pre, rec [1992] 0.93006993006993 0.9708029197080292 0.8926174496644296 298 274
f1, pre, rec [1992] 0.9483416189429588 0.9852282869329109 0.9187334072546105
count 82
f1, pre, rec [ 166  413 2015] 0.9671361502347418 0.9856459330143541 0.9493087557603687 217 209
f1, pre, rec [ 166  413 2015] 0.9485708205440779 0.9852333801778065 0.9191062773583393
count 83
f1, pre, rec [ 902 1087 2491] 0.996341463414634 0.9939172749391727 0.9987775061124694 818 822
f1, pre, rec [ 902 1087 2491] 0.9491463704581811 0.9853380054158953 0.9200661716806783
count 84
f1, pre, rec [764] 0.9845788849347568 0.9952038369304557 0.9741784037558685 426 417
f1, pre, rec [764] 0.9495681861067118 0.9854554557910686 0.9207103649196687
count 85
f1, pre, rec [ 528 1147 2284] 0.996341463414634 0.9939172749391727 0.9987775061124694 818 822
f1, pre, rec [ 528 1147 2284] 0.9501184599573933 0.9855550066045758 0.9216288018748782
count 86
f1, pre, rec [ 474 2107] 0.9669064748201439 0.9767441860465116 0.9572649572649573 351 344
f1, pre, rec [ 474 2107] 0.9503136694325416 0.985452555202738 0.9220431757747628
count 87
f1, pre, rec [   2 1400] 0.9647058823529412 0.9855769230769231 0.9447004608294931 217 208
f1, pre, rec [   2 1400] 0.9504790971672589 0.9854539847185332 0.9223036043386103
count 88
f1, pre, rec [353] 0.9281961471103327 0.9706959706959707 0.889261744966443 298 273
f1, pre, rec [353] 0.9502258818257029 0.9852862800137313 0.9219281286639266
count 89
f1, pre, rec [2149 2427] 0.9856459330143541 0.9856459330143541 0.9856459330143541 418 418
f1, pre, rec [2149 2427] 0.9506238599289462 0.9852903210586821 0.9226440590498864
count 90
f1, pre, rec [2448] 0.983372921615202 0.9951923076923077 0.971830985915493 426 416
f1, pre, rec [2448] 0.9509877383921267 0.9854003431323891 0.9231905804595043
count 91
f1, pre, rec [1441 1956] 0.9832935560859187 0.9809523809523809 0.9856459330143541 418 420
f1, pre, rec [1441 1956] 0.9513427473777729 0.9853514644271142 0.9238769030150521
count 92
f1, pre, rec [1467] 0.9868263473053891 0.988009592326139 0.9856459330143541 418 417
f1, pre, rec [1467] 0.9517284386813339 0.9853803571216687 0.9245483055150444
count 93
f1, pre, rec [2173] 0.9654178674351584 0.9766763848396501 0.9544159544159544 351 343
f1, pre, rec [2173] 0.9518756368399773 0.9852867660218622 0.924869463030108
count 94
f1, pre, rec [1038 2354 2364] 0.8284789644012944 0.9922480620155039 0.7111111111111111 180 129
f1, pre, rec [1038 2354 2364] 0.950562906282119 0.98536082236222 0.9225954380096931
count 95
f1, pre, rec [579 661] 0.996341463414634 0.9939172749391727 0.9987775061124694 818 822
f1, pre, rec [579 661] 0.9510447858308824 0.9854508902840827 0.9233973545160381
count 96
f1, pre, rec [ 756 1090 1721] 0.985781990521327 0.9952153110047847 0.9765258215962441 426 418
f1, pre, rec [ 756 1090 1721] 0.9514066317130746 0.9855526029999234 0.9239507760481236
count 97
f1, pre, rec [ 273 1547 2660] 0.9265734265734266 0.9671532846715328 0.889261744966443 298 274
f1, pre, rec [ 273 1547 2660] 0.9511506192889545 0.9853629193058163 0.9235931571709929
count 98
f1, pre, rec [1154 2689] 0.9856459330143541 0.9856459330143541 0.9856459330143541 418 418
f1, pre, rec [1154 2689] 0.9515026122861524 0.9853658072008014 0.9242263487612313
count 99
f1, pre, rec [1781] 0.983372921615202 0.9951923076923077 0.971830985915493 426 416
f1, pre, rec [1781] 0.9518245346026074 0.9854650647815237 0.9247072036819813
count 100
f1, pre, rec [2199] 0.9645390070921986 0.9902912621359223 0.9400921658986175 217 206
f1, pre, rec [2199] 0.9519516793275034 0.9855133267550678 0.9248610533041477
F1, Pre, Rec 0.9519516793275034 0.9855133267550678 0.9248610533041477
NMI:  0.8730564584843392
ARI:  0.9376296504795905
JAC:  0.9125990558928926
test1 time, avg time 0 0.0
==================================== 0.9873486013325781 0.9525073516017384 0.9696150891414342
test1 time, test1 num 112.65822052955627 100
current best val score (precision, recall, f1score) : 0.9875274342915261 0.9536560779549743 0.9702962485700385
corresponding test1 score (precision, recall, f1score) : 0.9855133267550678 0.9248610533041477 0.9519516793275034
69 loss tensor(1.8464, grad_fn=<AddBackward0>)
70 loss tensor(1.8856, grad_fn=<AddBackward0>)
71 loss tensor(1.9124, grad_fn=<AddBackward0>)
72 loss tensor(1.9006, grad_fn=<AddBackward0>)
73 loss tensor(1.8082, grad_fn=<AddBackward0>)
74 loss tensor(1.8081, grad_fn=<AddBackward0>)
75 loss tensor(1.7894, grad_fn=<AddBackward0>)
76 loss tensor(1.7923, grad_fn=<AddBackward0>)
77 loss tensor(1.7675, grad_fn=<AddBackward0>)
78 loss tensor(1.7437, grad_fn=<AddBackward0>)

validation
num  all, output label  270800 37894.79872402399 38689.0
num  all, output_bin label_bin  270800 36586 38689
num  all, output_bin_0.4 label_bin_0.4  270800 37554 38689
iou_thr: 0.05, precision, recall, f1_score : 0.750 0.999 0.857
iou_thr: 0.10, precision, recall, f1_score : 0.848 0.996 0.916
iou_thr: 0.15, precision, recall, f1_score : 0.922 0.986 0.953
iou_thr: 0.20, precision, recall, f1_score : 0.952 0.976 0.964
iou_thr: 0.25, precision, recall, f1_score : 0.967 0.970 0.968
iou_thr: 0.30, precision, recall, f1_score : 0.980 0.964 0.972
iou_thr: 0.35, precision, recall, f1_score : 0.988 0.959 0.973
iou_thr: 0.40, precision, recall, f1_score : 0.991 0.955 0.973
iou_thr: 0.45, precision, recall, f1_score : 0.995 0.949 0.971
iou_thr: 0.50, precision, recall, f1_score : 0.996 0.942 0.969
iou_thr: 0.55, precision, recall, f1_score : 0.997 0.935 0.965
iou_thr: 0.60, precision, recall, f1_score : 0.998 0.925 0.960
iou_thr: 0.65, precision, recall, f1_score : 0.998 0.919 0.957
iou_thr: 0.70, precision, recall, f1_score : 0.999 0.912 0.953
iou_thr: 0.75, precision, recall, f1_score : 1.000 0.900 0.947
iou_thr: 0.80, precision, recall, f1_score : 1.000 0.889 0.941
iou_thr: 0.85, precision, recall, f1_score : 1.000 0.867 0.929
iou_thr: 0.90, precision, recall, f1_score : 1.000 0.837 0.911
iou_thr: 0.95, precision, recall, f1_score : 1.000 0.785 0.879
current best thr  0.35
current val score (precision, recall, f1score) : 0.9881770250838792 0.9591873659179612 0.9734664165890639
count 1
f1, pre, rec [2098] 0.9744318181818182 0.9716713881019831 0.9772079772079773 351 353
f1, pre, rec [2098] 0.9744318181818182 0.9716713881019831 0.9772079772079773
count 2
f1, pre, rec [151] 0.8242811501597445 0.9699248120300752 0.7166666666666667 180 133
f1, pre, rec [151] 0.8993564841707813 0.9707981000660291 0.846937321937322
count 3
f1, pre, rec [ 101 1454 1959] 0.998165137614679 0.9987760097919217 0.9975550122249389 818 817
f1, pre, rec [ 101 1454 1959] 0.9322927019854138 0.98012406997466 0.897143218699861
count 4
f1, pre, rec [2689] 0.9856801909307875 0.9833333333333333 0.9880382775119617 418 420
f1, pre, rec [2689] 0.9456395742217573 0.9809263858143283 0.9198669834028862
count 5
f1, pre, rec [954] 0.9880382775119617 0.9880382775119617 0.9880382775119617 418 418
f1, pre, rec [954] 0.9541193148797982 0.9823487641538551 0.9335012422247013
count 6
f1, pre, rec [ 714  950 2433] 0.9856801909307875 0.9833333333333333 0.9880382775119617 418 420
f1, pre, rec [ 714  950 2433] 0.9593794608882963 0.9825128590171014 0.9425907481059114
count 7
f1, pre, rec [1605 1637] 0.986857825567503 0.9856801909307876 0.9880382775119617 418 419
f1, pre, rec [1605 1637] 0.9633049415567544 0.9829653350047709 0.9490832523067756
count 8
f1, pre, rec [1026 2405 2687] 0.9905660377358492 0.995260663507109 0.9859154929577465 426 422
f1, pre, rec [1026 2405 2687] 0.9667125785791413 0.9845022510675632 0.953687282388147
count 9
f1, pre, rec [658] 0.9744318181818182 0.9716713881019831 0.9772079772079773 351 353
f1, pre, rec [658] 0.9675702718683277 0.9830765996269432 0.9563006929236837
count 10
f1, pre, rec [1116] 0.9314586994727593 0.977859778597786 0.889261744966443 298 271
f1, pre, rec [1116] 0.9639591146287708 0.9825549175240275 0.9495967981279596
count 11
f1, pre, rec [ 466  988 1112] 0.9917355371900827 0.997624703087886 0.9859154929577465 426 421
f1, pre, rec [ 466  988 1112] 0.9664842439525265 0.9839248980298329 0.9528984976579402
count 12
f1, pre, rec [ 684  946 2252] 0.8280254777070063 0.9701492537313433 0.7222222222222222 180 134
f1, pre, rec [ 684  946 2252] 0.9549460134320665 0.9827769276716253 0.9336754747049637
count 13
f1, pre, rec [ 754 1070 1260] 0.8711656441717791 0.9726027397260274 0.7888888888888889 180 146
f1, pre, rec [ 754 1070 1260] 0.9485013696428136 0.9819942978296563 0.9225380450268041
count 14
f1, pre, rec [ 856 2640 2645] 0.8280254777070063 0.9701492537313433 0.7222222222222222 180 134
f1, pre, rec [ 856 2640 2645] 0.939895948790256 0.9811482232512053 0.908229771969334
count 15
f1, pre, rec [ 198  575 1401] 0.9702970297029703 0.9634831460674157 0.9772079772079773 351 356
f1, pre, rec [ 198  575 1401] 0.9419226875177702 0.9799705514389527 0.9128283189852434
count 16
f1, pre, rec [  94 1812 1962] 0.9744318181818182 0.9716713881019831 0.9772079772079773 351 353
f1, pre, rec [  94 1812 1962] 0.9439545081842732 0.9794518537303921 0.9168520476241643
count 17
f1, pre, rec [1289] 0.9694117647058823 0.9903846153846154 0.9493087557603687 217 208
f1, pre, rec [1289] 0.945451993862015 0.9800949573571112 0.9187612657498233
count 18
f1, pre, rec [692 713] 0.986857825567503 0.9856801909307876 0.9880382775119617 418 419
f1, pre, rec [692 713] 0.9477523178456533 0.9804052481112042 0.9226099886254977
count 19
f1, pre, rec [1030 1316 2404] 0.8463949843260187 0.9712230215827338 0.75 180 139
f1, pre, rec [1030 1316 2404] 0.9424177213446199 0.9799219730307583 0.9135252523820504
count 20
f1, pre, rec [ 502 2420 2671] 0.9333333333333333 0.9779411764705882 0.8926174496644296 298 272
f1, pre, rec [ 502 2420 2671] 0.9419635019440555 0.9798229332027498 0.9124798622461693
count 21
f1, pre, rec [  31 2044 2340] 0.9856801909307875 0.9833333333333333 0.9880382775119617 418 420
f1, pre, rec [  31 2044 2340] 0.9440452490386617 0.97999009511373 0.9160778820207308
count 22
f1, pre, rec [  91 1821 2235] 0.9744318181818182 0.9716713881019831 0.9772079772079773 351 353
f1, pre, rec [  91 1821 2235] 0.945426456726987 0.9796119720677414 0.9188565227110602
count 23
f1, pre, rec [167 437] 0.9694117647058823 0.9903846153846154 0.9493087557603687 217 208
f1, pre, rec [167 437] 0.9464692962043302 0.9800803478641273 0.920180532843639
count 24
f1, pre, rec [   5 1497 2154] 0.9671361502347418 0.9856459330143541 0.9493087557603687 217 209
f1, pre, rec [   5 1497 2154] 0.947330415122264 0.9803122472453868 0.9213942087985028
count 25
f1, pre, rec [  64 1728] 0.9917550058892814 0.9952718676122931 0.9882629107981221 426 423
f1, pre, rec [  64 1728] 0.9491073987529447 0.980910632060063 0.9240689568784876
count 26
f1, pre, rec [ 871 2158] 0.9314586994727593 0.977859778597786 0.889261744966443 298 271
f1, pre, rec [ 871 2158] 0.9484286026267837 0.9807932915422831 0.9227302179587936
count 27
f1, pre, rec [ 499 1472] 0.9314586994727593 0.977859778597786 0.889261744966443 298 271
f1, pre, rec [ 499 1472] 0.9478000876951532 0.9806846429147091 0.9214906448850029
count 28
f1, pre, rec [2004] 0.8242811501597445 0.9699248120300752 0.7166666666666667 180 133
f1, pre, rec [2004] 0.9433886970688886 0.9803003632402579 0.9141755028057765
count 29
f1, pre, rec [ 777 1497 2177] 0.9671361502347418 0.9856459330143541 0.9493087557603687 217 209
f1, pre, rec [ 777 1497 2177] 0.9442075747642629 0.9804846932324681 0.9153869942869693
count 30
f1, pre, rec [ 863 2034 2147] 0.9744318181818182 0.9716713881019831 0.9772079772079773 351 353
f1, pre, rec [ 863 2034 2147] 0.9452150495448479 0.9801909163947852 0.9174476937176697
count 31
f1, pre, rec [1496] 0.9314586994727593 0.977859778597786 0.889261744966443 298 271
f1, pre, rec [1496] 0.9447712963167161 0.9801157184013336 0.9165384695644043
count 32
f1, pre, rec [1530 1586] 0.9880382775119617 0.9880382775119617 0.9880382775119617 418 418
f1, pre, rec [1530 1586] 0.9461233894790675 0.9803632983735407 0.9187728385627655
count 33
f1, pre, rec [123 301] 0.9694117647058823 0.9903846153846154 0.9493087557603687 217 208
f1, pre, rec [123 301] 0.9468290978192739 0.9806669746466037 0.9196981693869353
count 34
f1, pre, rec [1897] 0.8242811501597445 0.9699248120300752 0.7166666666666667 180 133
f1, pre, rec [1897] 0.9432247464175231 0.980351028687294 0.913726654601045
count 35
f1, pre, rec [143 213 443] 0.9744318181818182 0.9716713881019831 0.9772079772079773 351 353
f1, pre, rec [143 213 443] 0.9441163770393601 0.980103038956285 0.9155404066755287
count 36
f1, pre, rec [2064] 0.9744318181818182 0.9716713881019831 0.9772079772079773 351 353
f1, pre, rec [2064] 0.9449584726266507 0.9798688264325544 0.9172533947458744
count 37
f1, pre, rec [ 786 1796 1875] 0.9969456322541234 0.9963369963369964 0.9975550122249389 818 819
f1, pre, rec [ 786 1796 1875] 0.9463635309949607 0.9803139121056474 0.919423708731795
count 38
f1, pre, rec [2220 2502] 0.998165137614679 0.9987760097919217 0.9975550122249389 818 817
f1, pre, rec [2220 2502] 0.9477267311691638 0.9807997567816021 0.921479795665825
count 39
f1, pre, rec [ 156 2054 2312] 0.8317460317460317 0.9703703703703703 0.7277777777777777 180 135
f1, pre, rec [ 156 2054 2312] 0.9447528670813912 0.9805323366172115 0.9165130772584391
count 40
f1, pre, rec [ 632 1257 2252] 0.8463949843260187 0.9712230215827338 0.75 180 139
f1, pre, rec [ 632 1257 2252] 0.9422939200125068 0.9802996037413495 0.9123502503269781
count 41
f1, pre, rec [835] 0.9314586994727593 0.977859778597786 0.889261744966443 298 271
f1, pre, rec [835] 0.9420296463408055 0.9802400958110188 0.9117871160498918
count 42
f1, pre, rec [ 414 1450 1994] 0.9694117647058823 0.9903846153846154 0.9493087557603687 217 208
f1, pre, rec [ 414 1450 1994] 0.942681601539974 0.9804816319913424 0.9126804884239509
count 43
f1, pre, rec [1510 2230] 0.9917355371900827 0.997624703087886 0.9859154929577465 426 421
f1, pre, rec [1510 2230] 0.9438223907411394 0.9808803080633551 0.9143836280642716
count 44
f1, pre, rec [  98 2126] 0.9314586994727593 0.977859778597786 0.889261744966443 298 271
f1, pre, rec [  98 2126] 0.943541397757767 0.9808116596664104 0.9138126761756845
count 45
f1, pre, rec [1677 2101] 0.9975550122249389 0.9975550122249389 0.9975550122249389 818 818
f1, pre, rec [1677 2101] 0.9447417003014819 0.981183734167711 0.9156736169767791
count 46
f1, pre, rec [191 590] 0.9744318181818182 0.9716713881019831 0.9772079772079773 351 353
f1, pre, rec [191 590] 0.9453871376467066 0.9809769440358472 0.917011320460066
count 47
f1, pre, rec [937] 0.9314586994727593 0.977859778597786 0.889261744966443 298 271
f1, pre, rec [937] 0.9450907878983247 0.9809106213669524 0.9164209039602015
count 48
f1, pre, rec [1736 2316] 0.9905660377358492 0.995260663507109 0.9859154929577465 426 422
f1, pre, rec [1736 2316] 0.9460381889366064 0.9812095805782057 0.9178687078976503
count 49
f1, pre, rec [ 269 1979 2328] 0.9917355371900827 0.997624703087886 0.9859154929577465 426 421
f1, pre, rec [ 269 1979 2328] 0.9469707878805549 0.9815445830784033 0.9192574177968359
count 50
f1, pre, rec [2052 2155] 0.9335664335664335 0.9744525547445255 0.8959731543624161 298 274
f1, pre, rec [2052 2155] 0.9467027007942724 0.9814027425117257 0.9187917325281475
count 51
f1, pre, rec [438 866] 0.9694117647058823 0.9903846153846154 0.9493087557603687 217 208
f1, pre, rec [438 866] 0.9471479765572451 0.9815788576660961 0.919390105532701
count 52
f1, pre, rec [ 426 2190] 0.9718309859154929 0.9904306220095693 0.9539170506912442 217 209
f1, pre, rec [ 426 2190] 0.9476226498141346 0.9817490839034705 0.9200540852472883
count 53
f1, pre, rec [2091] 0.998165137614679 0.9987760097919217 0.9975550122249389 818 817
f1, pre, rec [2091] 0.9485762816594279 0.9820703466560828 0.921516366888376
count 54
f1, pre, rec [ 876 1344 2387] 0.986857825567503 0.9856801909307876 0.9880382775119617 418 419
f1, pre, rec [ 876 1344 2387] 0.9492851991392071 0.9821371956241329 0.9227482541221461
count 55
f1, pre, rec [ 990 1169] 0.9917550058892814 0.9952718676122931 0.9882629107981221 426 423
f1, pre, rec [ 990 1169] 0.9500573774437538 0.9823760078420996 0.9239394296980729
count 56
f1, pre, rec [2175] 0.998165137614679 0.9987760097919217 0.9975550122249389 818 817
f1, pre, rec [2175] 0.9509164445896632 0.982668865019775 0.9252539936717669
count 57
f1, pre, rec [2154] 0.9694117647058823 0.9903846153846154 0.9493087557603687 217 208
f1, pre, rec [2154] 0.9512409238899477 0.9828042290612634 0.9256760070417424
count 58
f1, pre, rec [ 333 2263] 0.9314586994727593 0.977859778597786 0.889261744966443 298 271
f1, pre, rec [ 333 2263] 0.9508998510551685 0.9827189799153414 0.9250481749369958
count 59
f1, pre, rec [1068 1190 2598] 0.998165137614679 0.9987760097919217 0.9975550122249389 818 817
f1, pre, rec [1068 1190 2598] 0.9517009576070247 0.982991132964097 0.9262771043825541
count 60
f1, pre, rec [1908] 0.998165137614679 0.9987760097919217 0.9975550122249389 818 817
f1, pre, rec [1908] 0.9524753606071522 0.9832542142445608 0.9274650695132605
count 61
f1, pre, rec [2282] 0.998165137614679 0.9987760097919217 0.9975550122249389 818 817
f1, pre, rec [2282] 0.9532243733449804 0.9835086699092718 0.9286140849675502
count 62
f1, pre, rec [ 116 2128] 0.9694117647058823 0.9903846153846154 0.9493087557603687 217 208
f1, pre, rec [ 116 2128] 0.9534854603024143 0.9836195722556482 0.9289478699803376
count 63
f1, pre, rec [616] 0.8242811501597445 0.9699248120300752 0.7166666666666667 180 133
f1, pre, rec [616] 0.9514345982366577 0.9834021951092106 0.9255783270705968
count 64
f1, pre, rec [956] 0.9718309859154929 0.9904306220095693 0.9539170506912442 217 209
f1, pre, rec [956] 0.9517532917941395 0.9835120142795286 0.9260211196271695
count 65
f1, pre, rec [ 513 1507 2449] 0.9917355371900827 0.997624703087886 0.9859154929577465 426 421
f1, pre, rec [ 513 1507 2449] 0.9523684032617693 0.9837291325688879 0.9269425715245629
count 66
f1, pre, rec [818 913] 0.9744318181818182 0.9716713881019831 0.9772079772079773 351 353
f1, pre, rec [818 913] 0.9527026974272247 0.9835464394709046 0.9277041685803722
count 67
f1, pre, rec [871] 0.9314586994727593 0.977859778597786 0.889261744966443 298 271
f1, pre, rec [871] 0.9523856228308893 0.983461563935485 0.9271304010637463
count 68
f1, pre, rec [  86  659 1358] 0.8641975308641976 0.9722222222222222 0.7777777777777778 180 144
f1, pre, rec [  86  659 1358] 0.9510887391254969 0.9832962794985254 0.9249340389565998
count 69
f1, pre, rec [1693 2228] 0.9744318181818182 0.9716713881019831 0.9772079772079773 351 353
f1, pre, rec [1693 2228] 0.9514270446190667 0.9831278028116189 0.9256916322645907
count 70
f1, pre, rec [ 880 2401] 0.986857825567503 0.9856801909307876 0.9880382775119617 418 419
f1, pre, rec [ 880 2401] 0.9519331986326157 0.9831642654990357 0.9265822986252674
count 71
f1, pre, rec [665] 0.9880382775119617 0.9880382775119617 0.9880382775119617 418 418
f1, pre, rec [665] 0.952441720870353 0.9832329135555558 0.9274478757926856
count 72
f1, pre, rec [1496 1517] 0.9314586994727593 0.977859778597786 0.889261744966443 298 271
f1, pre, rec [1496 1517] 0.9521502900176085 0.9831582866811424 0.9269175128645435
count 73
f1, pre, rec [ 773  860 1029] 0.998165137614679 0.9987760097919217 0.9975550122249389 818 817
f1, pre, rec [ 773  860 1029] 0.9527806303956505 0.9833722280936188 0.927885149842083
count 74
f1, pre, rec [ 401  983 2500] 0.998165137614679 0.9987760097919217 0.9975550122249389 818 817
f1, pre, rec [ 401  983 2500] 0.9533939345472591 0.9835803873057581 0.9288266344688784
count 75
f1, pre, rec [2334] 0.8242811501597445 0.9699248120300752 0.7166666666666667 180 133
f1, pre, rec [2334] 0.9516724307554256 0.9833983129687489 0.9259978348981822
count 76
f1, pre, rec [733] 0.8242811501597445 0.9699248120300752 0.7166666666666667 180 133
f1, pre, rec [733] 0.9499962296949561 0.9832210300616611 0.9232434774214519
count 77
f1, pre, rec [410] 0.9694117647058823 0.9903846153846154 0.9493087557603687 217 208
f1, pre, rec [410] 0.9502483795002928 0.9833140636372839 0.9235819875297495
count 78
f1, pre, rec [782] 0.9773371104815863 0.971830985915493 0.9829059829059829 351 355
f1, pre, rec [782] 0.9505956709231299 0.9831668446921327 0.9243425515730345
count 79
f1, pre, rec [1508 1736] 0.9917355371900827 0.997624703087886 0.9859154929577465 426 421
f1, pre, rec [1508 1736] 0.9511164287239774 0.9833498555579016 0.9251219558943599
count 80
f1, pre, rec [1657 2440 2458] 0.9905660377358492 0.995260663507109 0.9859154929577465 426 422
f1, pre, rec [1657 2440 2458] 0.9516095488366257 0.9834987406572667 0.9258818751076522
count 81
f1, pre, rec [1992] 0.9352014010507881 0.978021978021978 0.8959731543624161 298 273
f1, pre, rec [1992] 0.9514069791108747 0.9834311263037445 0.9255126316416616
count 82
f1, pre, rec [ 166  413 2015] 0.9694117647058823 0.9903846153846154 0.9493087557603687 217 208
f1, pre, rec [ 166  413 2015] 0.9516265496669114 0.9835159249510722 0.9258028282772557
count 83
f1, pre, rec [ 902 1087 2491] 0.998165137614679 0.9987760097919217 0.9975550122249389 818 817
f1, pre, rec [ 902 1087 2491] 0.9521872555458001 0.9836997813949379 0.9266673124212036
count 84
f1, pre, rec [764] 0.9917355371900827 0.997624703087886 0.9859154929577465 426 421
f1, pre, rec [764] 0.9526580684225178 0.9838655542722348 0.9273726479037815
count 85
f1, pre, rec [ 528 1147 2284] 0.998165137614679 0.9987760097919217 0.9975550122249389 818 817
f1, pre, rec [ 528 1147 2284] 0.9531934457071314 0.9840409713959959 0.9281983227781481
count 86
f1, pre, rec [ 474 2107] 0.9730496453900709 0.9689265536723164 0.9772079772079773 351 354
f1, pre, rec [ 474 2107] 0.9534243317499563 0.9838652223526974 0.9287682024808205
count 87
f1, pre, rec [   2 1400] 0.9694117647058823 0.9903846153846154 0.9493087557603687 217 208
f1, pre, rec [   2 1400] 0.9536080953471509 0.9839401579047883 0.9290043007943786
count 88
f1, pre, rec [353] 0.9314586994727593 0.977859778597786 0.889261744966443 298 271
f1, pre, rec [353] 0.9533563976667601 0.9838710626853906 0.9285526808417884
count 89
f1, pre, rec [2149 2427] 0.986857825567503 0.9856801909307876 0.9880382775119617 418 419
f1, pre, rec [2149 2427] 0.9537328182049706 0.9838913899690468 0.9292210583324645
count 90
f1, pre, rec [2448] 0.9917355371900827 0.997624703087886 0.9859154929577465 426 421
f1, pre, rec [2448] 0.9541550706381384 0.9840439823370338 0.9298509964949676
count 91
f1, pre, rec [1441 1956] 0.9856801909307875 0.9833333333333333 0.9880382775119617 418 420
f1, pre, rec [1441 1956] 0.9545015005314643 0.9840361730073228 0.9304904171654841
count 92
f1, pre, rec [1467] 0.986857825567503 0.9856801909307876 0.9880382775119617 418 419
f1, pre, rec [1467] 0.9548531997166386 0.9840540427673605 0.9311159373866414
count 93
f1, pre, rec [2173] 0.9730496453900709 0.9689265536723164 0.9772079772079773 351 354
f1, pre, rec [2173] 0.9550488604228046 0.9838913815942956 0.9316115507180537
count 94
f1, pre, rec [1038 2354 2364] 0.8242811501597445 0.9699248120300752 0.7166666666666667 180 133
f1, pre, rec [1038 2354 2364] 0.9536577145689423 0.9837428010670166 0.9293249030153794
count 95
f1, pre, rec [579 661] 0.998165137614679 0.9987760097919217 0.9975550122249389 818 817
f1, pre, rec [579 661] 0.9541262137588974 0.983901045369384 0.9300431146912694
count 96
f1, pre, rec [ 756 1090 1721] 0.9905660377358492 0.995260663507109 0.9859154929577465 426 422
f1, pre, rec [ 756 1090 1721] 0.9545057952586573 0.9840193747249854 0.9306251186315452
count 97
f1, pre, rec [ 273 1547 2660] 0.9333333333333333 0.9779411764705882 0.8926174496644296 298 272
f1, pre, rec [ 273 1547 2660] 0.9542875224553035 0.9839567128873112 0.9302332869927089
count 98
f1, pre, rec [1154 2689] 0.9856801909307875 0.9833333333333333 0.9880382775119617 418 420
f1, pre, rec [1154 2689] 0.9546078558070942 0.9839503518714543 0.9308231338347421
count 99
f1, pre, rec [1781] 0.9917355371900827 0.997624703087886 0.9859154929577465 426 421
f1, pre, rec [1781] 0.9549828828917708 0.9840884766312162 0.931379622310732
count 100
f1, pre, rec [2199] 0.9694117647058823 0.9903846153846154 0.9493087557603687 217 208
f1, pre, rec [2199] 0.9551271717099119 0.9841514380187502 0.9315589136452285
F1, Pre, Rec 0.9551271717099119 0.9841514380187502 0.9315589136452285
NMI:  0.8819959606578965
ARI:  0.9424265880312245
JAC:  0.9186838578152632
test1 time, avg time 0 0.0
==================================== 0.988002254609872 0.9579202123506909 0.9727287141271602
test1 time, test1 num 112.4870228767395 100
current best val score (precision, recall, f1score) : 0.9881770250838792 0.9591873659179612 0.9734664165890639
corresponding test1 score (precision, recall, f1score) : 0.9841514380187502 0.9315589136452285 0.9551271717099119
79 loss tensor(1.6663, grad_fn=<AddBackward0>)
80 loss tensor(1.6103, grad_fn=<AddBackward0>)
81 loss tensor(1.6458, grad_fn=<AddBackward0>)
82 loss tensor(1.6829, grad_fn=<AddBackward0>)
83 loss tensor(1.5660, grad_fn=<AddBackward0>)
84 loss tensor(1.6141, grad_fn=<AddBackward0>)
85 loss tensor(1.6214, grad_fn=<AddBackward0>)
86 loss tensor(1.5582, grad_fn=<AddBackward0>)
87 loss tensor(1.5612, grad_fn=<AddBackward0>)
88 loss tensor(1.5583, grad_fn=<AddBackward0>)

validation
num  all, output label  270800 38923.98208322166 38689.0
num  all, output_bin label_bin  270800 37340 38689
num  all, output_bin_0.4 label_bin_0.4  270800 38501 38689
iou_thr: 0.05, precision, recall, f1_score : 0.757 1.000 0.862
iou_thr: 0.10, precision, recall, f1_score : 0.830 1.000 0.907
iou_thr: 0.15, precision, recall, f1_score : 0.885 0.999 0.938
iou_thr: 0.20, precision, recall, f1_score : 0.927 0.996 0.960
iou_thr: 0.25, precision, recall, f1_score : 0.950 0.990 0.970
iou_thr: 0.30, precision, recall, f1_score : 0.966 0.982 0.974
iou_thr: 0.35, precision, recall, f1_score : 0.978 0.973 0.976
iou_thr: 0.40, precision, recall, f1_score : 0.985 0.964 0.974
iou_thr: 0.45, precision, recall, f1_score : 0.988 0.960 0.974
iou_thr: 0.50, precision, recall, f1_score : 0.992 0.957 0.974
iou_thr: 0.55, precision, recall, f1_score : 0.994 0.949 0.971
iou_thr: 0.60, precision, recall, f1_score : 0.996 0.942 0.968
iou_thr: 0.65, precision, recall, f1_score : 0.998 0.936 0.966
iou_thr: 0.70, precision, recall, f1_score : 0.999 0.928 0.962
iou_thr: 0.75, precision, recall, f1_score : 1.000 0.922 0.959
iou_thr: 0.80, precision, recall, f1_score : 1.000 0.913 0.954
iou_thr: 0.85, precision, recall, f1_score : 1.000 0.900 0.948
iou_thr: 0.90, precision, recall, f1_score : 1.000 0.882 0.938
iou_thr: 0.95, precision, recall, f1_score : 1.000 0.840 0.913
current best thr  0.35
current val score (precision, recall, f1score) : 0.9780005714137295 0.9732482100855541 0.9756186034460422
count 1
f1, pre, rec [2098] 0.9816643159379407 0.9720670391061452 0.9914529914529915 351 358
f1, pre, rec [2098] 0.9816643159379407 0.9720670391061452 0.9914529914529915
count 2
f1, pre, rec [151] 0.8246153846153845 0.9241379310344827 0.7444444444444445 180 145
f1, pre, rec [151] 0.9031398502766625 0.9481024850703139 0.867948717948718
count 3
f1, pre, rec [ 101 1454 1959] 0.996341463414634 0.9939172749391727 0.9987775061124694 818 822
f1, pre, rec [ 101 1454 1959] 0.9342070546559863 0.9633740816932669 0.9115583140033018
count 4
f1, pre, rec [2689] 0.9880382775119617 0.9880382775119617 0.9880382775119617 418 418
f1, pre, rec [2689] 0.9476648603699802 0.9695401306479406 0.9306783048804668
count 5
f1, pre, rec [954] 0.9880382775119617 0.9880382775119617 0.9880382775119617 418 418
f1, pre, rec [954] 0.9557395437983764 0.9732397600207449 0.9421502994067656
count 6
f1, pre, rec [ 714  950 2433] 0.9880382775119617 0.9880382775119617 0.9880382775119617 418 418
f1, pre, rec [ 714  950 2433] 0.9611226660839739 0.9757061796026143 0.9497982957576316
count 7
f1, pre, rec [1605 1637] 0.9880382775119617 0.9880382775119617 0.9880382775119617 418 418
f1, pre, rec [1605 1637] 0.9649677534308293 0.9774679078753782 0.9552611502939644
count 8
f1, pre, rec [1026 2405 2687] 0.9893992932862191 0.9929078014184397 0.9859154929577465 426 423
f1, pre, rec [1026 2405 2687] 0.968021695912753 0.9793978945682609 0.9590929431269373
count 9
f1, pre, rec [658] 0.9830985915492959 0.9721448467966574 0.9943019943019943 351 359
f1, pre, rec [658] 0.9696969065390356 0.9785920003714161 0.9630050599241657
count 10
f1, pre, rec [1116] 0.9421487603305786 0.9283387622149837 0.9563758389261745 298 307
f1, pre, rec [1116] 0.9669420919181899 0.9735666765557728 0.9623421378243666
count 11
f1, pre, rec [ 466  988 1112] 0.9882075471698114 0.9928909952606635 0.9835680751173709 426 422
f1, pre, rec [ 466  988 1112] 0.9688753151228827 0.975323432801672 0.964271768487367
count 12
f1, pre, rec [ 684  946 2252] 0.8282208588957056 0.9246575342465754 0.75 180 146
f1, pre, rec [ 684  946 2252] 0.9571541104372846 0.9711012745887473 0.9464157877800864
count 13
f1, pre, rec [ 754 1070 1260] 0.8797653958944283 0.9316770186335404 0.8333333333333334 180 161
f1, pre, rec [ 754 1070 1260] 0.9512011323955263 0.9680686395152698 0.9377171374380284
count 14
f1, pre, rec [ 856 2640 2645] 0.8282208588957056 0.9246575342465754 0.75 180 146
f1, pre, rec [ 856 2640 2645] 0.9424168271455391 0.9649678462817917 0.9243087704781693
count 15
f1, pre, rec [ 198  575 1401] 0.9830985915492959 0.9721448467966574 0.9943019943019943 351 359
f1, pre, rec [ 198  575 1401] 0.9451289447724562 0.9654463129827827 0.9289749853997576
count 16
f1, pre, rec [  94 1812 1962] 0.9803370786516854 0.9667590027700831 0.9943019943019943 351 361
f1, pre, rec [  94 1812 1962] 0.947329453139908 0.965528356094489 0.9330579234561474
count 17
f1, pre, rec [1289] 0.9836829836829836 0.9952830188679245 0.9723502304147466 217 212
f1, pre, rec [1289] 0.9494678961130302 0.9672786303752792 0.9353692356301826
count 18
f1, pre, rec [692 713] 0.9880382775119617 0.9880382775119617 0.9880382775119617 418 418
f1, pre, rec [692 713] 0.9516106950796375 0.9684319441050948 0.9382952935125037
count 19
f1, pre, rec [1030 1316 2404] 0.8664688427299703 0.9299363057324841 0.8111111111111111 180 157
f1, pre, rec [1030 1316 2404] 0.9471295449559707 0.9664058578749574 0.9316013891755882
count 20
f1, pre, rec [ 502 2420 2671] 0.9421487603305786 0.9283387622149837 0.9563758389261745 298 307
f1, pre, rec [ 502 2420 2671] 0.9468805057247011 0.9645025030919587 0.9328401116631175
count 21
f1, pre, rec [  31 2044 2340] 0.9880382775119617 0.9880382775119617 0.9880382775119617 418 418
f1, pre, rec [  31 2044 2340] 0.9488403996193325 0.965623254254816 0.9354685957511577
count 22
f1, pre, rec [  91 1821 2235] 0.9817158931082981 0.9694444444444444 0.9943019943019943 351 360
f1, pre, rec [  91 1821 2235] 0.9503347402324672 0.9657969447179809 0.9381428411398322
count 23
f1, pre, rec [167 437] 0.9813953488372094 0.9906103286384976 0.9723502304147466 217 213
f1, pre, rec [167 437] 0.9516852014761518 0.9668757874971338 0.9396301189343937
count 24
f1, pre, rec [   5 1497 2154] 0.9813953488372094 0.9906103286384976 0.9723502304147466 217 213
f1, pre, rec [   5 1497 2154] 0.9529231242828625 0.9678647267113573 0.9409934569127417
count 25
f1, pre, rec [  64 1728] 0.9893992932862191 0.9929078014184397 0.9859154929577465 426 423
f1, pre, rec [  64 1728] 0.9543821710429968 0.9688664496996405 0.942790338354542
count 26
f1, pre, rec [ 871 2158] 0.9438943894389439 0.9285714285714286 0.959731543624161 298 308
f1, pre, rec [ 871 2158] 0.9539787948274564 0.9673166411947093 0.9434419231726043
count 27
f1, pre, rec [ 499 1472] 0.9437086092715231 0.9313725490196079 0.9563758389261745 298 306
f1, pre, rec [ 499 1472] 0.9535984175846441 0.9659853785215573 0.9439209570894032
count 28
f1, pre, rec [2004] 0.8246153846153845 0.9241379310344827 0.7444444444444445 180 145
f1, pre, rec [2004] 0.9489918806928849 0.9644908268255904 0.9367967959235118
count 29
f1, pre, rec [ 777 1497 2177] 0.9814814814814816 0.986046511627907 0.9769585253456221 217 215
f1, pre, rec [ 777 1497 2177] 0.9501122117545605 0.9652341263015324 0.9381816831449639
count 30
f1, pre, rec [ 863 2034 2147] 0.9830985915492959 0.9721448467966574 0.9943019943019943 351 359
f1, pre, rec [ 863 2034 2147] 0.9512117577477184 0.9654644836513698 0.9400523601835317
count 31
f1, pre, rec [1496] 0.9421487603305786 0.9283387622149837 0.9563758389261745 298 307
f1, pre, rec [1496] 0.9509194029923268 0.964266879734067 0.9405789240139394
count 32
f1, pre, rec [1530 1586] 0.9880382775119617 0.9880382775119617 0.9880382775119617 418 418
f1, pre, rec [1530 1586] 0.9520793678210654 0.9650097359146262 0.9420620288107526
count 33
f1, pre, rec [123 301] 0.9813953488372094 0.9906103286384976 0.9723502304147466 217 213
f1, pre, rec [123 301] 0.9529677308821607 0.9657855114517132 0.9429798531017828
count 34
f1, pre, rec [1897] 0.8246153846153845 0.9241379310344827 0.7444444444444445 180 145
f1, pre, rec [1897] 0.9491926618743145 0.9645605826159124 0.9371405763765669
count 35
f1, pre, rec [143 213 443] 0.9803370786516854 0.9667590027700831 0.9943019943019943 351 361
f1, pre, rec [143 213 443] 0.950082502353668 0.9646233946203172 0.9387737597458649
count 36
f1, pre, rec [2064] 0.9817158931082981 0.9694444444444444 0.9943019943019943 351 360
f1, pre, rec [2064] 0.9509612076524078 0.9647573126709873 0.9403162107057573
count 37
f1, pre, rec [ 786 1796 1875] 0.995739500912964 0.9915151515151515 1.0 818 825
f1, pre, rec [ 786 1796 1875] 0.9521714317945849 0.9654804975046134 0.9419292860920881
count 38
f1, pre, rec [2220 2502] 0.9969530773918343 0.9939246658566221 1.0 818 823
f1, pre, rec [2220 2502] 0.9533498961524073 0.966229028250719 0.9434574627738753
count 39
f1, pre, rec [ 156 2054 2312] 0.8353658536585366 0.9256756756756757 0.7611111111111111 180 148
f1, pre, rec [ 156 2054 2312] 0.9503246642935901 0.9651891986975127 0.9387819152953429
count 40
f1, pre, rec [ 632 1257 2252] 0.8502994011976047 0.922077922077922 0.7888888888888889 180 154
f1, pre, rec [ 632 1257 2252] 0.9478240327161904 0.9641114167820231 0.9350345896351817
count 41
f1, pre, rec [835] 0.9421487603305786 0.9283387622149837 0.9563758389261745 298 307
f1, pre, rec [835] 0.9476856114384926 0.9632389130120953 0.9355551079105718
count 42
f1, pre, rec [ 414 1450 1994] 0.9813953488372094 0.9906103286384976 0.9723502304147466 217 213
f1, pre, rec [ 414 1450 1994] 0.9484882242337003 0.9638906133841525 0.9364311822559094
count 43
f1, pre, rec [1510 2230] 0.9882075471698114 0.9928909952606635 0.9835680751173709 426 422
f1, pre, rec [1510 2230] 0.949411929418261 0.9645650408696528 0.9375273890666409
count 44
f1, pre, rec [  98 2126] 0.9438943894389439 0.9285714285714286 0.959731543624161 298 308
f1, pre, rec [  98 2126] 0.9492865307823675 0.9637470042265114 0.9380320289429481
count 45
f1, pre, rec [1677 2101] 0.996341463414634 0.9939172749391727 0.9987775061124694 818 822
f1, pre, rec [1677 2101] 0.9503321959519735 0.9644174546867927 0.9393819284356042
count 46
f1, pre, rec [191 590] 0.9816643159379407 0.9720670391061452 0.9914529914529915 351 358
f1, pre, rec [191 590] 0.9510133289951467 0.9645837500002569 0.940513908066417
count 47
f1, pre, rec [937] 0.9421487603305786 0.9283387622149837 0.9563758389261745 298 307
f1, pre, rec [937] 0.9508247211512197 0.9638125800473787 0.9408513959570503
count 48
f1, pre, rec [1736 2316] 0.9882075471698114 0.9928909952606635 0.9835680751173709 426 422
f1, pre, rec [1736 2316] 0.9516035300266071 0.9644183803643221 0.9417413267728901
count 49
f1, pre, rec [ 269 1979 2328] 0.9882075471698114 0.9928909952606635 0.9835680751173709 426 422
f1, pre, rec [ 269 1979 2328] 0.9523505507846318 0.9649994541377169 0.9425949338819611
count 50
f1, pre, rec [2052 2155] 0.9454545454545455 0.9315960912052117 0.959731543624161 298 307
f1, pre, rec [2052 2155] 0.9522126306780301 0.9643313868790669 0.9429376660768051
count 51
f1, pre, rec [438 866] 0.9836829836829836 0.9952830188679245 0.9723502304147466 217 212
f1, pre, rec [438 866] 0.9528296964232252 0.9649382816239465 0.9435143830246079
count 52
f1, pre, rec [ 426 2190] 0.9837587006960556 0.9906542056074766 0.9769585253456221 217 214
f1, pre, rec [ 426 2190] 0.9534244849669335 0.9654328186236297 0.9441575396077043
count 53
f1, pre, rec [2091] 0.996341463414634 0.9939172749391727 0.9987775061124694 818 822
f1, pre, rec [2091] 0.9542342392772676 0.9659702611956211 0.9451881050134546
count 54
f1, pre, rec [ 876 1344 2387] 0.9880382775119617 0.9880382775119617 0.9880382775119617 418 418
f1, pre, rec [ 876 1344 2387] 0.9548602399853174 0.9663789281644422 0.9459816267263899
count 55
f1, pre, rec [ 990 1169] 0.9905882352941175 0.9929245283018868 0.9882629107981221 426 424
f1, pre, rec [ 990 1169] 0.9555098399000229 0.9668615754396684 0.9467503773458759
count 56
f1, pre, rec [2175] 0.996341463414634 0.9939172749391727 0.9987775061124694 818 822
f1, pre, rec [2175] 0.9562389760342125 0.967344712930731 0.9476794332167079
count 57
f1, pre, rec [2154] 0.9836829836829836 0.9952830188679245 0.9723502304147466 217 212
f1, pre, rec [2154] 0.956720449852612 0.9678348586489274 0.9481122542201823
count 58
f1, pre, rec [ 333 2263] 0.9421487603305786 0.9283387622149837 0.9563758389261745 298 307
f1, pre, rec [ 333 2263] 0.9564692138263701 0.9671538914690317 0.9482547298185615
count 59
f1, pre, rec [1068 1190 2598] 0.9969530773918343 0.9939246658566221 1.0 818 823
f1, pre, rec [1068 1190 2598] 0.9571553810054457 0.9676076334078045 0.949131768296213
count 60
f1, pre, rec [1908] 0.996341463414634 0.9939172749391727 0.9987775061124694 818 822
f1, pre, rec [1908] 0.9578084823789322 0.9680461274333273 0.9499591972598173
count 61
f1, pre, rec [2282] 0.996341463414634 0.9939172749391727 0.9987775061124694 818 822
f1, pre, rec [2282] 0.9584401705926324 0.9684702446055543 0.9507594974049427
count 62
f1, pre, rec [ 116 2128] 0.9837587006960556 0.9906542056074766 0.9769585253456221 217 214
f1, pre, rec [ 116 2128] 0.9588485339813972 0.9688280504281659 0.9511820623717279
count 63
f1, pre, rec [616] 0.8246153846153845 0.9241379310344827 0.7444444444444445 180 145
f1, pre, rec [616] 0.9567178490708257 0.9681186834536629 0.9479005128808187
count 64
f1, pre, rec [956] 0.9837587006960556 0.9906542056074766 0.9769585253456221 217 214
f1, pre, rec [956] 0.9571403623774699 0.9684708009873163 0.9483545443255812
count 65
f1, pre, rec [ 513 1507 2449] 0.9882075471698114 0.9928909952606635 0.9835680751173709 426 422
f1, pre, rec [ 513 1507 2449] 0.9576183190665829 0.9688464962838294 0.9488962909531472
count 66
f1, pre, rec [818 913] 0.9830985915492959 0.9721448467966574 0.9943019943019943 351 359
f1, pre, rec [818 913] 0.9580043838011694 0.9688964712915995 0.9495842561554024
count 67
f1, pre, rec [871] 0.9438943894389439 0.9285714285714286 0.959731543624161 298 308
f1, pre, rec [871] 0.95779378687039 0.9682946049823433 0.9497357082071749
count 68
f1, pre, rec [  86  659 1358] 0.8647058823529411 0.91875 0.8166666666666667 180 160
f1, pre, rec [  86  659 1358] 0.9564248470980745 0.96756600785025 0.9477788105374616
count 69
f1, pre, rec [1693 2228] 0.9830985915492959 0.9721448467966574 0.9943019943019943 351 359
f1, pre, rec [1693 2228] 0.9568114231046139 0.9676323678349805 0.9484530595775272
count 70
f1, pre, rec [ 880 2401] 0.9880382775119617 0.9880382775119617 0.9880382775119617 418 418
f1, pre, rec [ 880 2401] 0.9572575210247188 0.967923880830366 0.9490185626908763
count 71
f1, pre, rec [665] 0.9880382775119617 0.9880382775119617 0.9880382775119617 418 418
f1, pre, rec [665] 0.9576910528062292 0.9682071821920786 0.9495681361390605
count 72
f1, pre, rec [1496 1517] 0.9438943894389439 0.9285714285714286 0.959731543624161 298 308
f1, pre, rec [1496 1517] 0.9574994324816836 0.967656685614014 0.9497092945763536
count 73
f1, pre, rec [ 773  860 1029] 0.996341463414634 0.9939172749391727 0.9987775061124694 818 822
f1, pre, rec [ 773  860 1029] 0.9580315150972035 0.9680164197143587 0.9503814618576704
count 74
f1, pre, rec [ 401  983 2500] 0.9969530773918343 0.9939246658566221 1.0 818 823
f1, pre, rec [ 401  983 2500] 0.9585574821552391 0.9683665311487136 0.9510519826433775
count 75
f1, pre, rec [2334] 0.8246153846153845 0.9241379310344827 0.7444444444444445 180 145
f1, pre, rec [2334] 0.9567715875213744 0.9677768164805239 0.9482972154673917
count 76
f1, pre, rec [733] 0.8246153846153845 0.9241379310344827 0.7444444444444445 180 145
f1, pre, rec [733] 0.9550326901147166 0.9672026206193918 0.9456149421644581
count 77
f1, pre, rec [410] 0.9813953488372094 0.9906103286384976 0.9723502304147466 217 213
f1, pre, rec [410] 0.9553750623059178 0.967506616827432 0.9459621537001761
count 78
f1, pre, rec [782] 0.9830985915492959 0.9721448467966574 0.9943019943019943 351 359
f1, pre, rec [782] 0.9557304921680123 0.967566081314217 0.9465818952463533
count 79
f1, pre, rec [1508 1736] 0.987012987012987 0.9928741092636579 0.9812206572769953 426 421
f1, pre, rec [1508 1736] 0.9561264731154171 0.967886436098387 0.9470203605885132
count 80
f1, pre, rec [1657 2440 2458] 0.9893992932862191 0.9929078014184397 0.9859154929577465 426 423
f1, pre, rec [1657 2440 2458] 0.9565423833675523 0.9681992031648876 0.9475065497431286
count 81
f1, pre, rec [1992] 0.9438943894389439 0.9285714285714286 0.959731543624161 298 308
f1, pre, rec [1992] 0.9563862352943595 0.9677099713797832 0.9476574755935117
count 82
f1, pre, rec [ 166  413 2015] 0.9837587006960556 0.9906542056074766 0.9769585253456221 217 214
f1, pre, rec [ 166  413 2015] 0.9567200458480387 0.9679897791142672 0.9480148054685374
count 83
f1, pre, rec [ 902 1087 2491] 0.996341463414634 0.9939172749391727 0.9987775061124694 818 822
f1, pre, rec [ 902 1087 2491] 0.9571974123247448 0.9683021585820373 0.9486264042714765
count 84
f1, pre, rec [764] 0.9893992932862191 0.9929078014184397 0.9859154929577465 426 423
f1, pre, rec [764] 0.9575807680504766 0.9685950829015182 0.949070321993932
count 85
f1, pre, rec [ 528 1147 2284] 0.9969530773918343 0.9939246658566221 1.0 818 823
f1, pre, rec [ 528 1147 2284] 0.9580439716897867 0.9688930779951077 0.9496694946763563
count 86
f1, pre, rec [ 474 2107] 0.9802816901408451 0.9693593314763231 0.9914529914529915 351 359
f1, pre, rec [ 474 2107] 0.9583025498113107 0.968898499547215 0.9501553492900381
count 87
f1, pre, rec [   2 1400] 0.9837587006960556 0.9906542056074766 0.9769585253456221 217 214
f1, pre, rec [   2 1400] 0.9585951492467675 0.9691485651341144 0.9504634317734356
count 88
f1, pre, rec [353] 0.9421487603305786 0.9283387622149837 0.9563758389261745 298 307
f1, pre, rec [353] 0.9584082584636291 0.9686848173736696 0.9505306182183532
count 89
f1, pre, rec [2149 2427] 0.986857825567503 0.9856801909307876 0.9880382775119617 418 419
f1, pre, rec [2149 2427] 0.9587279165209759 0.9688757766271204 0.9509520525924386
count 90
f1, pre, rec [2448] 0.9882075471698114 0.9928909952606635 0.9835680751173709 426 422
f1, pre, rec [2448] 0.9590554679726295 0.9691426123897154 0.9513144528427158
count 91
f1, pre, rec [1441 1956] 0.9833333333333333 0.9786729857819905 0.9880382775119617 418 422
f1, pre, rec [1441 1956] 0.9593222577018681 0.9692473417676525 0.9517180113555646
count 92
f1, pre, rec [1467] 0.9880382775119617 0.9880382775119617 0.9880382775119617 418 418
f1, pre, rec [1467] 0.9596343883519778 0.9694515910692211 0.9521127968572646
count 93
f1, pre, rec [2173] 0.9817158931082981 0.9694444444444444 0.9943019943019943 351 360
f1, pre, rec [2173] 0.959871823886992 0.9694515142237934 0.9525664441416165
count 94
f1, pre, rec [1038 2354 2364] 0.8246153846153845 0.9241379310344827 0.7444444444444445 180 145
f1, pre, rec [1038 2354 2364] 0.9584329255968685 0.9689694548281623 0.9503523803150508
count 95
f1, pre, rec [579 661] 0.996341463414634 0.9939172749391727 0.9987775061124694 818 822
f1, pre, rec [579 661] 0.9588319628370556 0.96923206346091 0.9508621184813394
count 96
f1, pre, rec [ 756 1090 1721] 0.9893992932862191 0.9929078014184397 0.9859154929577465 426 423
f1, pre, rec [ 756 1090 1721] 0.9591503725292344 0.9694786857313008 0.951227257798802
count 97
f1, pre, rec [ 273 1547 2660] 0.9438943894389439 0.9285714285714286 0.959731543624161 298 308
f1, pre, rec [ 273 1547 2660] 0.9589930943530458 0.9690569614306836 0.9513149308485479
count 98
f1, pre, rec [1154 2689] 0.9880382775119617 0.9880382775119617 0.9880382775119617 418 418
f1, pre, rec [1154 2689] 0.9592894737730348 0.9692506483294722 0.9516896588757257
count 99
f1, pre, rec [1781] 0.987012987012987 0.9928741092636579 0.9812206572769953 426 421
f1, pre, rec [1781] 0.959569509260307 0.9694892691469892 0.9519879517888697
count 100
f1, pre, rec [2199] 0.9813953488372094 0.9906103286384976 0.9723502304147466 217 213
f1, pre, rec [2199] 0.9597877676560761 0.9697004797419042 0.9521915745751285
F1, Pre, Rec 0.9597877676560761 0.9697004797419042 0.9521915745751285
NMI:  0.8886349275723623
ARI:  0.9478206456337424
JAC:  0.9271750340444921
test1 time, avg time 0 0.0
==================================== 0.9777550966999031 0.9722590886616181 0.9749993475821395
test1 time, test1 num 115.00099515914917 100
current best val score (precision, recall, f1score) : 0.9780005714137295 0.9732482100855541 0.9756186034460422
corresponding test1 score (precision, recall, f1score) : 0.9697004797419042 0.9521915745751285 0.9597877676560761
89 loss tensor(1.4882, grad_fn=<AddBackward0>)
90 loss tensor(1.4585, grad_fn=<AddBackward0>)
91 loss tensor(1.4484, grad_fn=<AddBackward0>)
92 loss tensor(1.5009, grad_fn=<AddBackward0>)
93 loss tensor(1.4355, grad_fn=<AddBackward0>)
94 loss tensor(1.4617, grad_fn=<AddBackward0>)
95 loss tensor(1.4341, grad_fn=<AddBackward0>)
96 loss tensor(1.4078, grad_fn=<AddBackward0>)
97 loss tensor(1.4860, grad_fn=<AddBackward0>)
98 loss tensor(1.4125, grad_fn=<AddBackward0>)

validation
num  all, output label  270800 38753.090930178456 38689.0
num  all, output_bin label_bin  270800 37319 38689
num  all, output_bin_0.4 label_bin_0.4  270800 38234 38689
iou_thr: 0.05, precision, recall, f1_score : 0.764 1.000 0.866
iou_thr: 0.10, precision, recall, f1_score : 0.841 1.000 0.914
iou_thr: 0.15, precision, recall, f1_score : 0.898 0.999 0.946
iou_thr: 0.20, precision, recall, f1_score : 0.934 0.995 0.964
iou_thr: 0.25, precision, recall, f1_score : 0.959 0.987 0.973
iou_thr: 0.30, precision, recall, f1_score : 0.975 0.981 0.978
iou_thr: 0.35, precision, recall, f1_score : 0.985 0.973 0.979
iou_thr: 0.40, precision, recall, f1_score : 0.988 0.967 0.977
iou_thr: 0.45, precision, recall, f1_score : 0.992 0.964 0.978
iou_thr: 0.50, precision, recall, f1_score : 0.994 0.959 0.976
iou_thr: 0.55, precision, recall, f1_score : 0.996 0.954 0.975
iou_thr: 0.60, precision, recall, f1_score : 0.997 0.946 0.971
iou_thr: 0.65, precision, recall, f1_score : 0.998 0.937 0.967
iou_thr: 0.70, precision, recall, f1_score : 0.999 0.930 0.963
iou_thr: 0.75, precision, recall, f1_score : 1.000 0.920 0.958
iou_thr: 0.80, precision, recall, f1_score : 1.000 0.911 0.953
iou_thr: 0.85, precision, recall, f1_score : 1.000 0.900 0.947
iou_thr: 0.90, precision, recall, f1_score : 1.000 0.881 0.937
iou_thr: 0.95, precision, recall, f1_score : 1.000 0.832 0.908
current best thr  0.35
current val score (precision, recall, f1score) : 0.9845948632107548 0.9730155858254285 0.9787709787709789
count 1
f1, pre, rec [2098] 0.9857954545454546 0.9830028328611898 0.9886039886039886 351 353
f1, pre, rec [2098] 0.9857954545454546 0.9830028328611898 0.9886039886039886
count 2
f1, pre, rec [151] 0.8437499999999999 0.9642857142857143 0.75 180 140
f1, pre, rec [151] 0.9147727272727273 0.9736442735734521 0.8693019943019943
count 3
f1, pre, rec [ 101 1454 1959] 0.9987789987789988 0.9975609756097561 1.0 818 820
f1, pre, rec [ 101 1454 1959] 0.9427748177748178 0.9816165075855534 0.9128679962013294
count 4
f1, pre, rec [2689] 0.9880382775119617 0.9880382775119617 0.9880382775119617 418 418
f1, pre, rec [2689] 0.9540906827091038 0.9832219500671555 0.9316605665289875
count 5
f1, pre, rec [954] 0.9880382775119617 0.9880382775119617 0.9880382775119617 418 418
f1, pre, rec [954] 0.9608802016696754 0.9841852155561167 0.9429361087255824
count 6
f1, pre, rec [ 714  950 2433] 0.9892473118279569 0.9880668257756563 0.9904306220095693 418 419
f1, pre, rec [ 714  950 2433] 0.9656080533627223 0.9848321505927067 0.9508518609395802
count 7
f1, pre, rec [1605 1637] 0.9892473118279569 0.9880668257756563 0.9904306220095693 418 419
f1, pre, rec [1605 1637] 0.9689850902863272 0.9852942470474139 0.9565059696638644
count 8
f1, pre, rec [1026 2405 2687] 0.9964912280701755 0.993006993006993 1.0 426 429
f1, pre, rec [1026 2405 2687] 0.9724233575093083 0.9862583402923613 0.9619427234558813
count 9
f1, pre, rec [658] 0.9872340425531915 0.9830508474576272 0.9914529914529915 351 354
f1, pre, rec [658] 0.9740689891808508 0.985901952199613 0.9652216421222268
count 10
f1, pre, rec [1116] 0.9494949494949495 0.9527027027027027 0.9463087248322147 298 296
f1, pre, rec [1116] 0.9716115852122608 0.9825820272499219 0.9633303503932256
count 11
f1, pre, rec [ 466  988 1112] 0.9964912280701755 0.993006993006993 1.0 426 429
f1, pre, rec [ 466  988 1112] 0.9738733709266166 0.9835297514096557 0.9666639549029323
count 12
f1, pre, rec [ 684  946 2252] 0.8437499999999999 0.9642857142857143 0.75 180 140
f1, pre, rec [ 684  946 2252] 0.9630297566827318 0.9819260816493273 0.948608625327688
count 13
f1, pre, rec [ 754 1070 1260] 0.8855421686746988 0.9671052631578947 0.8166666666666667 180 152
f1, pre, rec [ 754 1070 1260] 0.9570691729898062 0.9807860186884477 0.9384592438922248
count 14
f1, pre, rec [ 856 2640 2645] 0.8437499999999999 0.9642857142857143 0.75 180 140
f1, pre, rec [ 856 2640 2645] 0.9489749463476772 0.9796074255168239 0.9249978693284945
count 15
f1, pre, rec [ 198  575 1401] 0.9857954545454546 0.9830028328611898 0.9886039886039886 351 353
f1, pre, rec [ 198  575 1401] 0.9514296468941957 0.9798337860064483 0.929238277280194
count 16
f1, pre, rec [  94 1812 1962] 0.9857954545454546 0.9830028328611898 0.9886039886039886 351 353
f1, pre, rec [  94 1812 1962] 0.9535775098723994 0.9800318514348697 0.9329486342379313
count 17
f1, pre, rec [1289] 0.9672897196261683 0.981042654028436 0.9539170506912442 217 211
f1, pre, rec [1289] 0.9543841104461505 0.9800913104109619 0.9341820704998909
count 18
f1, pre, rec [692 713] 0.9880382775119617 0.9880382775119617 0.9880382775119617 418 418
f1, pre, rec [692 713] 0.9562537863942511 0.9805328085832397 0.9371740820005614
count 19
f1, pre, rec [1030 1316 2404] 0.8821752265861027 0.9668874172185431 0.8111111111111111 180 151
f1, pre, rec [1030 1316 2404] 0.9523549148254012 0.979814630090361 0.9305391887958535
count 20
f1, pre, rec [ 502 2420 2671] 0.9514237855946399 0.9498327759197325 0.9530201342281879 298 299
f1, pre, rec [ 502 2420 2671] 0.9523083583638631 0.9783155373818294 0.9316632360674701
count 21
f1, pre, rec [  31 2044 2340] 0.9892473118279569 0.9880668257756563 0.9904306220095693 418 419
f1, pre, rec [  31 2044 2340] 0.9540673561478675 0.9787798844482022 0.9344616830170939
count 22
f1, pre, rec [  91 1821 2235] 0.9857954545454546 0.9830028328611898 0.9886039886039886 351 353
f1, pre, rec [  91 1821 2235] 0.9555095424386668 0.9789718366487925 0.9369226969074073
count 23
f1, pre, rec [167 437] 0.9672897196261683 0.981042654028436 0.9539170506912442 217 211
f1, pre, rec [167 437] 0.9560217240555148 0.9790618721870379 0.9376615818545306
count 24
f1, pre, rec [   5 1497 2154] 0.9674418604651163 0.9765258215962441 0.9585253456221198 217 213
f1, pre, rec [   5 1497 2154] 0.9564975630725815 0.9789562034124214 0.9385309053448468
count 25
f1, pre, rec [  64 1728] 0.9964912280701755 0.993006993006993 1.0 426 429
f1, pre, rec [  64 1728] 0.9580973096724853 0.9795182349962043 0.940989669131053
count 26
f1, pre, rec [ 871 2158] 0.9494949494949495 0.9527027027027027 0.9463087248322147 298 296
f1, pre, rec [ 871 2158] 0.9577664496656569 0.9784868683695311 0.9411942481964822
count 27
f1, pre, rec [ 499 1472] 0.9494949494949495 0.9527027027027027 0.9463087248322147 298 296
f1, pre, rec [ 499 1472] 0.9574600978074825 0.9775318992707597 0.941383673257065
count 28
f1, pre, rec [2004] 0.8437499999999999 0.9642857142857143 0.75 180 140
f1, pre, rec [2004] 0.9533990228857867 0.9770588212355795 0.9345485420693126
count 29
f1, pre, rec [ 777 1497 2177] 0.9674418604651163 0.9765258215962441 0.9585253456221198 217 213
f1, pre, rec [ 777 1497 2177] 0.9538832586643843 0.9770404419376714 0.9353753283987198
count 30
f1, pre, rec [ 863 2034 2147] 0.9857954545454546 0.9830028328611898 0.9886039886039886 351 353
f1, pre, rec [ 863 2034 2147] 0.9549469985270865 0.9772391883017887 0.9371496170722288
count 31
f1, pre, rec [1496] 0.9494949494949495 0.9527027027027027 0.9463087248322147 298 296
f1, pre, rec [1496] 0.9547711259776627 0.9764476887663343 0.9374450721612605
count 32
f1, pre, rec [1530 1586] 0.9880382775119617 0.9880382775119617 0.9880382775119617 418 418
f1, pre, rec [1530 1586] 0.9558107244631096 0.9768098946646351 0.9390261098284699
count 33
f1, pre, rec [123 301] 0.9696969696969696 0.9811320754716981 0.9585253456221198 217 212
f1, pre, rec [123 301] 0.9562315197732265 0.9769408698406067 0.9396169957616108
count 34
f1, pre, rec [1897] 0.8437499999999999 0.9642857142857143 0.75 180 140
f1, pre, rec [1897] 0.9529232397798963 0.9765686593831099 0.9340400252980341
count 35
f1, pre, rec [143 213 443] 0.9857954545454546 0.9830028328611898 0.9886039886039886 351 353
f1, pre, rec [143 213 443] 0.9538624459160551 0.976752492911055 0.9355989956782041
count 36
f1, pre, rec [2064] 0.9843971631205674 0.980225988700565 0.9886039886039886 351 354
f1, pre, rec [2064] 0.9547106325050694 0.9768489789052082 0.9370713565928094
count 37
f1, pre, rec [ 786 1796 1875] 0.9975609756097561 0.9951338199513382 1.0 818 822
f1, pre, rec [ 786 1796 1875] 0.9558687498862771 0.9773431637983468 0.9387721307389496
count 38
f1, pre, rec [2220 2502] 0.9987789987789988 0.9975609756097561 1.0 818 820
f1, pre, rec [2220 2502] 0.9569979669624014 0.9778752114775946 0.9403833904563457
count 39
f1, pre, rec [ 156 2054 2312] 0.8509316770186335 0.9647887323943662 0.7611111111111111 180 142
f1, pre, rec [ 156 2054 2312] 0.9542783185023048 0.9775396607318708 0.9357866653449295
count 40
f1, pre, rec [ 632 1257 2252] 0.8685015290519876 0.9659863945578231 0.7888888888888889 180 147
f1, pre, rec [ 632 1257 2252] 0.9521338987660469 0.9772508290775196 0.9321142209335285
count 41
f1, pre, rec [835] 0.9494949494949495 0.9527027027027027 0.9463087248322147 298 296
f1, pre, rec [835] 0.9520695341496787 0.9766520942878899 0.9324604283456915
count 42
f1, pre, rec [ 414 1450 1994] 0.9696969696969696 0.9811320754716981 0.9585253456221198 217 212
f1, pre, rec [ 414 1450 1994] 0.9524892349960427 0.976758760506552 0.9330810216141779
count 43
f1, pre, rec [1510 2230] 0.9964912280701755 0.993006993006993 1.0 426 429
f1, pre, rec [1510 2230] 0.9535125371605574 0.9771366263786553 0.9346372769254762
count 44
f1, pre, rec [  98 2126] 0.9496644295302014 0.9496644295302014 0.9496644295302014 298 298
f1, pre, rec [  98 2126] 0.9534250801689584 0.9765122582684632 0.9349788031210381
count 45
f1, pre, rec [1677 2101] 0.9981696156192801 0.9963459196102314 1.0 818 821
f1, pre, rec [1677 2101] 0.9544194031789657 0.9769530062982803 0.9364237186072373
count 46
f1, pre, rec [191 590] 0.9857954545454546 0.9830028328611898 0.9886039886039886 351 353
f1, pre, rec [191 590] 0.9551014912521502 0.9770845242670392 0.9375580723028188
count 47
f1, pre, rec [937] 0.9494949494949495 0.9527027027027027 0.9463087248322147 298 296
f1, pre, rec [937] 0.9549822031296565 0.9765657621060959 0.937744256399189
count 48
f1, pre, rec [1736 2316] 0.9964912280701755 0.993006993006993 1.0 426 429
f1, pre, rec [1736 2316] 0.955846974482584 0.9769082877498646 0.9390412510575392
count 49
f1, pre, rec [ 269 1979 2328] 0.9964912280701755 0.993006993006993 1.0 426 429
f1, pre, rec [ 269 1979 2328] 0.9566764490455961 0.9772368327551121 0.9402853071584057
count 50
f1, pre, rec [2052 2155] 0.9494949494949495 0.9527027027027027 0.9463087248322147 298 296
f1, pre, rec [2052 2155] 0.9565328190545831 0.9767461501540639 0.940405775511882
count 51
f1, pre, rec [438 866] 0.9672897196261683 0.981042654028436 0.9539170506912442 217 211
f1, pre, rec [438 866] 0.9567437386736338 0.9768303953280711 0.9406707024761832
count 52
f1, pre, rec [ 426 2190] 0.9696969696969696 0.9811320754716981 0.9585253456221198 217 212
f1, pre, rec [ 426 2190] 0.9569928392702364 0.9769131199462179 0.9410140609982205
count 53
f1, pre, rec [2091] 0.9987789987789988 0.9975609756097561 1.0 818 820
f1, pre, rec [2091] 0.9577812573741752 0.9773027021285488 0.942127003243537
count 54
f1, pre, rec [ 876 1344 2387] 0.9892473118279569 0.9880668257756563 0.9904306220095693 418 419
f1, pre, rec [ 876 1344 2387] 0.9583639620862824 0.9775020377516433 0.9430215147021672
count 55
f1, pre, rec [ 990 1169] 0.9964912280701755 0.993006993006993 1.0 426 429
f1, pre, rec [ 990 1169] 0.9590571851041714 0.9777839460290133 0.9440574871621279
count 56
f1, pre, rec [2175] 0.9987789987789988 0.9975609756097561 1.0 818 820
f1, pre, rec [2175] 0.9597665032055076 0.9781371072715267 0.9450564606056613
count 57
f1, pre, rec [2154] 0.9672897196261683 0.981042654028436 0.9539170506912442 217 211
f1, pre, rec [2154] 0.9598984894585016 0.9781880817760338 0.9452119095545312
count 58
f1, pre, rec [ 333 2263] 0.9463087248322147 0.9463087248322147 0.9463087248322147 298 298
f1, pre, rec [ 333 2263] 0.9596641831718414 0.9776384376907955 0.945230820162767
count 59
f1, pre, rec [1068 1190 2598] 0.9987789987789988 0.9975609756097561 1.0 818 820
f1, pre, rec [1068 1190 2598] 0.9603271461482339 0.9779761078250152 0.946159111346449
count 60
f1, pre, rec [1908] 0.9987789987789988 0.9975609756097561 1.0 818 820
f1, pre, rec [1908] 0.9609680103587467 0.9783025222880943 0.9470564594906749
count 61
f1, pre, rec [2282] 0.9987789987789988 0.9975609756097561 1.0 818 820
f1, pre, rec [2282] 0.9615878626279313 0.9786182346376298 0.9479243863842703
count 62
f1, pre, rec [ 116 2128] 0.9672897196261683 0.981042654028436 0.9539170506912442 217 211
f1, pre, rec [ 116 2128] 0.9616798280633866 0.9786573381761912 0.9480210422601894
count 63
f1, pre, rec [616] 0.8437499999999999 0.9642857142857143 0.75 180 140
f1, pre, rec [616] 0.9598079260306345 0.9784292171620567 0.9448778511132022
count 64
f1, pre, rec [956] 0.9696969696969696 0.9811320754716981 0.9585253456221198 217 212
f1, pre, rec [956] 0.9599624423379209 0.9784714493231448 0.945091093214904
count 65
f1, pre, rec [ 513 1507 2449] 0.9964912280701755 0.993006993006993 1.0 426 429
f1, pre, rec [ 513 1507 2449] 0.9605244236568787 0.9786950730721271 0.9459358456269824
count 66
f1, pre, rec [818 913] 0.9857954545454546 0.9830028328611898 0.9886039886039886 351 353
f1, pre, rec [818 913] 0.9609073180642813 0.9787603421598402 0.9465823326417856
count 67
f1, pre, rec [871] 0.9494949494949495 0.9527027027027027 0.9463087248322147 298 296
f1, pre, rec [871] 0.9607369842050377 0.9783714221679427 0.9465782489431352
count 68
f1, pre, rec [  86  659 1358] 0.8727272727272728 0.96 0.8 180 150
f1, pre, rec [  86  659 1358] 0.9594427237421295 0.9781012541948847 0.9444226864586774
count 69
f1, pre, rec [1693 2228] 0.9843971631205674 0.980225988700565 0.9886039886039886 351 354
f1, pre, rec [1693 2228] 0.9598043822838458 0.9781320474485902 0.945062995185421
count 70
f1, pre, rec [ 880 2401] 0.9880382775119617 0.9880382775119617 0.9880382775119617 418 418
f1, pre, rec [ 880 2401] 0.9602077236442474 0.9782735650209241 0.9456769277900859
count 71
f1, pre, rec [665] 0.9880382775119617 0.9880382775119617 0.9880382775119617 418 418
f1, pre, rec [665] 0.9605997032761872 0.9784110961827697 0.946273566518563
count 72
f1, pre, rec [1496 1517] 0.9478991596638656 0.9494949494949495 0.9463087248322147 298 297
f1, pre, rec [1496 1517] 0.9604233068371271 0.9780094830343278 0.9462740548284749
count 73
f1, pre, rec [ 773  860 1029] 0.9987789987789988 0.9975609756097561 1.0 818 820
f1, pre, rec [ 773  860 1029] 0.9609487272746869 0.9782773116997446 0.9470100266801397
count 74
f1, pre, rec [ 401  983 2500] 0.9987789987789988 0.9975609756097561 1.0 818 820
f1, pre, rec [ 401  983 2500] 0.9614599471598805 0.9785379017525826 0.9477261074006783
count 75
f1, pre, rec [2334] 0.8437499999999999 0.9642857142857143 0.75 180 140
f1, pre, rec [2334] 0.9598904811977487 0.9783478725863576 0.9450897593020026
count 76
f1, pre, rec [733] 0.8437499999999999 0.9642857142857143 0.75 180 140
f1, pre, rec [733] 0.9583623169714626 0.9781628441876649 0.942522788784871
count 77
f1, pre, rec [410] 0.9672897196261683 0.981042654028436 0.9539170506912442 217 211
f1, pre, rec [410] 0.9584782572656795 0.9782002443154671 0.9426707662122265
count 78
f1, pre, rec [782] 0.9857954545454546 0.9830028328611898 0.9886039886039886 351 353
f1, pre, rec [782] 0.9588284777436252 0.9782618159634893 0.9432596536787875
count 79
f1, pre, rec [1508 1736] 0.9964912280701755 0.993006993006993 1.0 426 429
f1, pre, rec [1508 1736] 0.9593052214186448 0.9784484637741664 0.9439778859107015
count 80
f1, pre, rec [1657 2440 2458] 0.9964912280701755 0.993006993006993 1.0 426 429
f1, pre, rec [1657 2440 2458] 0.9597700465017889 0.9786304453895767 0.9446781623368178
count 81
f1, pre, rec [1992] 0.9512605042016806 0.9528619528619529 0.9496644295302014 298 297
f1, pre, rec [1992] 0.9596649904240098 0.9783123158521986 0.9447397211910571
count 82
f1, pre, rec [ 166  413 2015] 0.9696969696969696 0.9811320754716981 0.9585253456221198 217 212
f1, pre, rec [ 166  413 2015] 0.9597873316346557 0.9783467031646315 0.9449078385621676
count 83
f1, pre, rec [ 902 1087 2491] 0.9987789987789988 0.9975609756097561 1.0 818 820
f1, pre, rec [ 902 1087 2491] 0.9602571107568767 0.9785782004230065 0.9455715995433464
count 84
f1, pre, rec [764] 0.9964912280701755 0.993006993006993 1.0 426 429
f1, pre, rec [764] 0.9606884692963207 0.9787499717632919 0.9462195566916398
count 85
f1, pre, rec [ 528 1147 2284] 0.9981696156192801 0.9963459196102314 1.0 818 821
f1, pre, rec [ 528 1147 2284] 0.9611294239589436 0.9789569829144324 0.9468522677893852
count 86
f1, pre, rec [ 474 2107] 0.9843971631205674 0.980225988700565 0.9886039886039886 351 354
f1, pre, rec [ 474 2107] 0.9613999790654741 0.9789717387956666 0.9473377529151364
count 87
f1, pre, rec [   2 1400] 0.9696969696969696 0.9811320754716981 0.9585253456221198 217 212
f1, pre, rec [   2 1400] 0.961495346773882 0.9789965702517128 0.9474663459347569
count 88
f1, pre, rec [353] 0.9494949494949495 0.9527027027027027 0.9463087248322147 298 296
f1, pre, rec [353] 0.9613589786229851 0.9786977763022923 0.9474531911495009
count 89
f1, pre, rec [2149 2427] 0.986857825567503 0.9856801909307876 0.9880382775119617 418 419
f1, pre, rec [2149 2427] 0.961645482521238 0.9787762303992418 0.9479092033558206
count 90
f1, pre, rec [2448] 0.9964912280701755 0.993006993006993 1.0 426 429
f1, pre, rec [2448] 0.9620326574717818 0.9789343499837723 0.9484879899852003
count 91
f1, pre, rec [1441 1956] 0.9833333333333333 0.9786729857819905 0.9880382775119617 418 422
f1, pre, rec [1441 1956] 0.9622667308328977 0.9789314778496867 0.9489226085294505
count 92
f1, pre, rec [1467] 0.9880382775119617 0.9880382775119617 0.9880382775119617 418 418
f1, pre, rec [1467] 0.9625468563402788 0.9790304648025375 0.9493477788444779
count 93
f1, pre, rec [2173] 0.9843971631205674 0.980225988700565 0.9886039886039886 351 354
f1, pre, rec [2173] 0.9627818058755507 0.9790433198982152 0.9497698886268381
count 94
f1, pre, rec [1038 2354 2364] 0.8437499999999999 0.9642857142857143 0.75 180 140
f1, pre, rec [1038 2354 2364] 0.961515510068364 0.9788863240938268 0.9476446770457015
count 95
f1, pre, rec [579 661] 0.9987789987789988 0.9975609756097561 1.0 818 820
f1, pre, rec [579 661] 0.9619077573179496 0.9790828993729419 0.9481957857083784
count 96
f1, pre, rec [ 756 1090 1721] 0.9964912280701755 0.993006993006993 1.0 426 429
f1, pre, rec [ 756 1090 1721] 0.962268001804952 0.9792279420149632 0.9487354129405827
count 97
f1, pre, rec [ 273 1547 2660] 0.9496644295302014 0.9496644295302014 0.9496644295302014 298 298
f1, pre, rec [ 273 1547 2660] 0.9621380680701607 0.9789231635357388 0.9487449904311973
count 98
f1, pre, rec [1154 2689] 0.9892473118279569 0.9880668257756563 0.9904306220095693 418 419
f1, pre, rec [1154 2689] 0.9624146930064646 0.9790164662116565 0.9491703540187317
count 99
f1, pre, rec [1781] 0.9964912280701755 0.993006993006993 1.0 426 429
f1, pre, rec [1781] 0.9627589004313506 0.9791577846641345 0.9496837847862193
count 100
f1, pre, rec [2199] 0.9672897196261683 0.981042654028436 0.9539170506912442 217 211
f1, pre, rec [2199] 0.9628042086232987 0.9791766333577776 0.9497261174452696
F1, Pre, Rec 0.9628042086232987 0.9791766333577776 0.9497261174452696
NMI:  0.8984215956614798
ARI:  0.9524996104148852
JAC:  0.9319979649530304
test1 time, avg time 0 0.0
==================================== 0.9845488583030111 0.9717125979129259 0.9780886147237174
test1 time, test1 num 115.03974103927612 100
current best val score (precision, recall, f1score) : 0.9845948632107548 0.9730155858254285 0.9787709787709789
corresponding test1 score (precision, recall, f1score) : 0.9791766333577776 0.9497261174452696 0.9628042086232987
99 loss tensor(1.3821, grad_fn=<AddBackward0>)
num  all, output label  270800 38905.48472957569 38689.0
num  all, output_bin label_bin  270800 37420 38689
num  all, output_bin_0.4 label_bin_0.4  270800 38417 38689
iou_thr: 0.05, precision, recall, f1_score : 0.768 1.000 0.868
iou_thr: 0.10, precision, recall, f1_score : 0.838 1.000 0.912
iou_thr: 0.15, precision, recall, f1_score : 0.893 0.999 0.943
iou_thr: 0.20, precision, recall, f1_score : 0.928 0.997 0.961
iou_thr: 0.25, precision, recall, f1_score : 0.955 0.990 0.972
iou_thr: 0.30, precision, recall, f1_score : 0.973 0.982 0.978
iou_thr: 0.35, precision, recall, f1_score : 0.983 0.976 0.980
iou_thr: 0.40, precision, recall, f1_score : 0.988 0.970 0.979
iou_thr: 0.45, precision, recall, f1_score : 0.992 0.966 0.979
iou_thr: 0.50, precision, recall, f1_score : 0.993 0.961 0.977
iou_thr: 0.55, precision, recall, f1_score : 0.996 0.957 0.976
iou_thr: 0.60, precision, recall, f1_score : 0.997 0.950 0.973
iou_thr: 0.65, precision, recall, f1_score : 0.998 0.942 0.969
iou_thr: 0.70, precision, recall, f1_score : 0.999 0.933 0.965
iou_thr: 0.75, precision, recall, f1_score : 1.000 0.923 0.960
iou_thr: 0.80, precision, recall, f1_score : 1.000 0.915 0.956
iou_thr: 0.85, precision, recall, f1_score : 1.000 0.905 0.950
iou_thr: 0.90, precision, recall, f1_score : 1.000 0.887 0.940
iou_thr: 0.95, precision, recall, f1_score : 1.000 0.842 0.914
current best thr  0.35
current val score (precision, recall, f1score) : 0.9833407085404899 0.9764274083072708 0.9798718647057298
count 1
f1, pre, rec [2098] 0.9900709219858155 0.9858757062146892 0.9943019943019943 351 354
f1, pre, rec [2098] 0.9900709219858155 0.9858757062146892 0.9943019943019943
count 2
f1, pre, rec [151] 0.8385093167701864 0.9507042253521126 0.75 180 142
f1, pre, rec [151] 0.9142901193780009 0.968289965783401 0.8721509971509971
count 3
f1, pre, rec [ 101 1454 1959] 0.9987789987789988 0.9975609756097561 1.0 818 820
f1, pre, rec [ 101 1454 1959] 0.9424530791783335 0.9780469690588527 0.914767331433998
count 4
f1, pre, rec [2689] 0.9880668257756564 0.9857142857142858 0.9904306220095693 418 420
f1, pre, rec [2689] 0.9538565158276642 0.979963798222711 0.9336831540778909
count 5
f1, pre, rec [954] 0.9880668257756564 0.9857142857142858 0.9904306220095693 418 420
f1, pre, rec [954] 0.9606985778172626 0.9811138957210259 0.9450326476642266
count 6
f1, pre, rec [ 714  950 2433] 0.9880668257756564 0.9857142857142858 0.9904306220095693 418 420
f1, pre, rec [ 714  950 2433] 0.965259952476995 0.9818806273865692 0.9525989767217836
count 7
f1, pre, rec [1605 1637] 0.9880668257756564 0.9857142857142858 0.9904306220095693 418 420
f1, pre, rec [1605 1637] 0.9685180772339467 0.9824282928619573 0.9580034974771816
count 8
f1, pre, rec [1026 2405 2687] 0.9964912280701755 0.993006993006993 1.0 426 429
f1, pre, rec [1026 2405 2687] 0.9720147210884753 0.9837506303800868 0.9632530602925339
count 9
f1, pre, rec [658] 0.9900709219858155 0.9858757062146892 0.9943019943019943 351 354
f1, pre, rec [658] 0.9740209656326242 0.9839867499172649 0.9667029418491406
count 10
f1, pre, rec [1116] 0.9584026622296173 0.9504950495049505 0.9664429530201343 298 303
f1, pre, rec [1116] 0.9724591352923234 0.9806375798760335 0.9666769429662401
count 11
f1, pre, rec [ 466  988 1112] 0.9964912280701755 0.993006993006993 1.0 426 429
f1, pre, rec [ 466  988 1112] 0.9746438709994009 0.981762071978848 0.9697063117874909
count 12
f1, pre, rec [ 684  946 2252] 0.8385093167701864 0.9507042253521126 0.75 180 142
f1, pre, rec [ 684  946 2252] 0.963299324813633 0.9791739180932867 0.9513974524718667
count 13
f1, pre, rec [ 754 1070 1260] 0.886904761904762 0.9551282051282052 0.8277777777777777 180 156
f1, pre, rec [ 754 1070 1260] 0.9574228199744892 0.9773242478652034 0.9418882467261676
count 14
f1, pre, rec [ 856 2640 2645] 0.8421052631578947 0.951048951048951 0.7555555555555555 180 143
f1, pre, rec [ 856 2640 2645] 0.9491858516304467 0.9754474409497569 0.9285787687854096
count 15
f1, pre, rec [ 198  575 1401] 0.9886685552407932 0.9830985915492958 0.9943019943019943 351 355
f1, pre, rec [ 198  575 1401] 0.9518180318711363 0.9759575176563928 0.9329603171531818
count 16
f1, pre, rec [  94 1812 1962] 0.9900709219858155 0.9858757062146892 0.9943019943019943 351 354
f1, pre, rec [  94 1812 1962] 0.9542088375033038 0.9765774044412863 0.9367941719749826
count 17
f1, pre, rec [1289] 0.965034965034965 0.9764150943396226 0.9539170506912442 217 212
f1, pre, rec [1289] 0.9548456685345779 0.9765678567882472 0.9378014001347627
count 18
f1, pre, rec [692 713] 0.9880668257756564 0.9857142857142858 0.9904306220095693 418 420
f1, pre, rec [692 713] 0.9566912883813045 0.9770759917285825 0.9407252457944743
count 19
f1, pre, rec [1030 1316 2404] 0.886904761904762 0.9551282051282052 0.8277777777777777 180 156
f1, pre, rec [1030 1316 2404] 0.9530183133035918 0.9759208450654048 0.9347806422146482
count 20
f1, pre, rec [ 502 2420 2671] 0.9601328903654486 0.9506578947368421 0.9697986577181208 298 304
f1, pre, rec [ 502 2420 2671] 0.9533740421566845 0.9746576975489767 0.9365315429898218
count 21
f1, pre, rec [  31 2044 2340] 0.9868891537544695 0.9833729216152018 0.9904306220095693 418 421
f1, pre, rec [  31 2044 2340] 0.9549699998518171 0.975072708218797 0.9390981658002859
count 22
f1, pre, rec [  91 1821 2235] 0.9900709219858155 0.9858757062146892 0.9943019943019943 351 354
f1, pre, rec [  91 1821 2235] 0.9565654963124534 0.9755637535822466 0.9416074307321818
count 23
f1, pre, rec [167 437] 0.965034965034965 0.9764150943396226 0.9539170506912442 217 212
f1, pre, rec [167 437] 0.9569337340829974 0.9756007683977846 0.9421426315999671
count 24
f1, pre, rec [   5 1497 2154] 0.9651972157772621 0.9719626168224299 0.9585253456221198 217 214
f1, pre, rec [   5 1497 2154] 0.9572780458202584 0.9754491787488115 0.9428252446842236
count 25
f1, pre, rec [  64 1728] 0.9964912280701755 0.993006993006993 1.0 426 429
f1, pre, rec [  64 1728] 0.9588465731102552 0.9761514913191388 0.9451122348968546
count 26
f1, pre, rec [ 871 2158] 0.9617304492512478 0.9537953795379538 0.9697986577181208 298 303
f1, pre, rec [ 871 2158] 0.9589574914233704 0.9752916408660164 0.9460617126976725
count 27
f1, pre, rec [ 499 1472] 0.9600000000000001 0.9536423841059603 0.9664429530201343 298 302
f1, pre, rec [ 499 1472] 0.9589961028521344 0.9744898165415699 0.9468165734503563
count 28
f1, pre, rec [2004] 0.8385093167701864 0.9507042253521126 0.75 180 142
f1, pre, rec [2004] 0.9546930033492077 0.9736403311419464 0.9397874101128435
count 29
f1, pre, rec [ 777 1497 2177] 0.9607390300230947 0.9629629629629629 0.9585253456221198 217 216
f1, pre, rec [ 777 1497 2177] 0.9549014870276176 0.9732721460323263 0.94043354582006
count 30
f1, pre, rec [ 863 2034 2147] 0.9900709219858155 0.9858757062146892 0.9943019943019943 351 354
f1, pre, rec [ 863 2034 2147] 0.9560738015262242 0.9736922647050716 0.9422291607694578
count 31
f1, pre, rec [1496] 0.9600000000000001 0.9536423841059603 0.9664429530201343 298 302
f1, pre, rec [1496] 0.9562004530898944 0.9730454943631649 0.9430102508420604
count 32
f1, pre, rec [1530 1586] 0.9880668257756564 0.9857142857142858 0.9904306220095693 418 420
f1, pre, rec [1530 1586] 0.9571962772363245 0.9734413940928874 0.944492137441045
count 33
f1, pre, rec [123 301] 0.965034965034965 0.9764150943396226 0.9539170506912442 217 212
f1, pre, rec [123 301] 0.9574338132302227 0.9735315062215764 0.9447777408728693
count 34
f1, pre, rec [1897] 0.8385093167701864 0.9507042253521126 0.75 180 142
f1, pre, rec [1897] 0.9539360339225746 0.9728601156077685 0.9390489837883731
count 35
f1, pre, rec [143 213 443] 0.9900709219858155 0.9858757062146892 0.9943019943019943 351 354
f1, pre, rec [143 213 443] 0.9549684592958101 0.9732319896251093 0.9406276412316195
count 36
f1, pre, rec [2064] 0.9872340425531915 0.9830508474576272 0.9914529914529915 351 354
f1, pre, rec [2064] 0.955864725497404 0.9735047356760125 0.9420394565155463
count 37
f1, pre, rec [ 786 1796 1875] 0.9975609756097561 0.9951338199513382 1.0 818 822
f1, pre, rec [ 786 1796 1875] 0.9569916511761163 0.9740893055212917 0.9436059576908018
count 38
f1, pre, rec [2220 2502] 0.9987789987789988 0.9975609756097561 1.0 818 820
f1, pre, rec [2220 2502] 0.9580913182182973 0.9747069810499355 0.9450900114357808
count 39
f1, pre, rec [ 156 2054 2312] 0.845679012345679 0.9513888888888888 0.7611111111111111 180 144
f1, pre, rec [ 156 2054 2312] 0.9552089514010507 0.9741090812509342 0.9403726037351482
count 40
f1, pre, rec [ 632 1257 2252] 0.8700906344410877 0.9536423841059603 0.8 180 151
f1, pre, rec [ 632 1257 2252] 0.9530809934770517 0.9735974138223099 0.9368632886417695
count 41
f1, pre, rec [835] 0.9600000000000001 0.9536423841059603 0.9664429530201343 298 302
f1, pre, rec [835] 0.9532497497337089 0.9731107057804478 0.93758474387051
count 42
f1, pre, rec [ 414 1450 1994] 0.9629629629629628 0.9674418604651163 0.9585253456221198 217 215
f1, pre, rec [ 414 1450 1994] 0.9534810167153578 0.9729757332729398 0.9380833296265008
count 43
f1, pre, rec [1510 2230] 0.9964912280701755 0.993006993006993 1.0 426 429
f1, pre, rec [1510 2230] 0.9544812541887258 0.973441576522569 0.9395232521933263
count 44
f1, pre, rec [  98 2126] 0.956953642384106 0.9444444444444444 0.9697986577181208 298 306
f1, pre, rec [  98 2126] 0.9545374448295298 0.9727825507935207 0.9402113295916172
count 45
f1, pre, rec [1677 2101] 0.9981696156192801 0.9963459196102314 1.0 818 821
f1, pre, rec [1677 2101] 0.9555070486248577 0.9733061812116699 0.9415399667118035
count 46
f1, pre, rec [191 590] 0.9900709219858155 0.9858757062146892 0.9943019943019943 351 354
f1, pre, rec [191 590] 0.956258437176183 0.9735794317552139 0.9426869673115902
count 47
f1, pre, rec [937] 0.9584026622296173 0.9504950495049505 0.9664429530201343 298 303
f1, pre, rec [937] 0.9563040589858305 0.9730882746860593 0.9431924138160273
count 48
f1, pre, rec [1736 2316] 0.9964912280701755 0.993006993006993 1.0 426 429
f1, pre, rec [1736 2316] 0.9571412916750877 0.9735032479844121 0.94437590519486
count 49
f1, pre, rec [ 269 1979 2328] 0.9964912280701755 0.993006993006993 1.0 426 429
f1, pre, rec [ 269 1979 2328] 0.957944351601518 0.9739012835971179 0.9455110908031282
count 50
f1, pre, rec [2052 2155] 0.9601328903654486 0.9506578947368421 0.9697986577181208 298 304
f1, pre, rec [2052 2155] 0.9579881223767966 0.9734364158199124 0.9459968421414281
count 51
f1, pre, rec [438 866] 0.965034965034965 0.9764150943396226 0.9539170506912442 217 212
f1, pre, rec [438 866] 0.9581262957622511 0.9734948212810831 0.9461521403482873
count 52
f1, pre, rec [ 426 2190] 0.9674418604651163 0.9765258215962441 0.9585253456221198 217 213
f1, pre, rec [ 426 2190] 0.9583054412373061 0.9735531097486825 0.9463900866035533
count 53
f1, pre, rec [2091] 0.9987789987789988 0.9975609756097561 1.0 818 820
f1, pre, rec [2091] 0.9590690932663946 0.9740060883498348 0.9474015944034863
count 54
f1, pre, rec [ 876 1344 2387] 0.9868891537544695 0.9833729216152018 0.9904306220095693 418 421
f1, pre, rec [ 876 1344 2387] 0.9595842795717293 0.9741795482251193 0.9481984282480433
count 55
f1, pre, rec [ 990 1169] 0.9964912280701755 0.993006993006993 1.0 426 429
f1, pre, rec [ 990 1169] 0.9602553149989738 0.9745218654029716 0.9491402750071698
count 56
f1, pre, rec [2175] 0.9987789987789988 0.9975609756097561 1.0 818 820
f1, pre, rec [2175] 0.9609432379236171 0.9749332780852357 0.9500484843820418
count 57
f1, pre, rec [2154] 0.965034965034965 0.9764150943396226 0.9539170506912442 217 212
f1, pre, rec [2154] 0.9610150226097811 0.9749592748616284 0.9501163539664138
count 58
f1, pre, rec [ 333 2263] 0.9584026622296173 0.9504950495049505 0.9664429530201343 298 303
f1, pre, rec [ 333 2263] 0.9609699819135714 0.9745374778727202 0.9503978470535469
count 59
f1, pre, rec [1068 1190 2598] 0.9987789987789988 0.9975609756097561 1.0 818 820
f1, pre, rec [1068 1190 2598] 0.9616108127079006 0.9749277066479242 0.9512385615102664
count 60
f1, pre, rec [1908] 0.9987789987789988 0.9975609756097561 1.0 818 820
f1, pre, rec [1908] 0.9622302824757524 0.9753049277972881 0.952051252151762
count 61
f1, pre, rec [2282] 0.9987789987789988 0.9975609756097561 1.0 818 820
f1, pre, rec [2282] 0.9628294417594122 0.9756697810401155 0.9528372971984544
count 62
f1, pre, rec [ 116 2128] 0.9627906976744186 0.971830985915493 0.9539170506912442 217 213
f1, pre, rec [ 116 2128] 0.9628288168548156 0.9756078649897184 0.9528547125773704
count 63
f1, pre, rec [616] 0.8385093167701864 0.9507042253521126 0.75 180 142
f1, pre, rec [616] 0.9608554914566468 0.9752125691224548 0.9496347965047137
count 64
f1, pre, rec [956] 0.9674418604651163 0.9765258215962441 0.9585253456221198 217 213
f1, pre, rec [956] 0.9609584034724041 0.9752330886923578 0.9497737113346733
count 65
f1, pre, rec [ 513 1507 2449] 0.9964912280701755 0.993006993006993 1.0 426 429
f1, pre, rec [ 513 1507 2449] 0.9615050623123699 0.9755065333741214 0.950546423467986
count 66
f1, pre, rec [818 913] 0.9900709219858155 0.9858757062146892 0.9943019943019943 351 354
f1, pre, rec [818 913] 0.9619378783680281 0.975663642053524 0.9512093866624406
count 67
f1, pre, rec [871] 0.9600000000000001 0.9536423841059603 0.9664429530201343 298 302
f1, pre, rec [871] 0.9619089548102965 0.9753349665617692 0.9514367533244957
count 68
f1, pre, rec [  86  659 1358] 0.8674698795180723 0.9473684210526315 0.8 180 152
f1, pre, rec [  86  659 1358] 0.9605201448795284 0.9749236938336937 0.9492097422461944
count 69
f1, pre, rec [1693 2228] 0.9886685552407932 0.9830985915492958 0.9943019943019943 351 355
f1, pre, rec [1693 2228] 0.9609280928557786 0.9750421706121806 0.9498632531455538
count 70
f1, pre, rec [ 880 2401] 0.9880668257756564 0.9857142857142858 0.9904306220095693 418 420
f1, pre, rec [ 880 2401] 0.9613157890403483 0.9751946293993535 0.9504427869864683
count 71
f1, pre, rec [665] 0.9880668257756564 0.9857142857142858 0.9904306220095693 418 420
f1, pre, rec [665] 0.9616925642056344 0.9753427935728032 0.9510059959304556
count 72
f1, pre, rec [1496 1517] 0.9584026622296173 0.9504950495049505 0.9664429530201343 298 303
f1, pre, rec [1496 1517] 0.9616468711226341 0.9749976860163052 0.9512203981122567
count 73
f1, pre, rec [ 773  860 1029] 0.9987789987789988 0.9975609756097561 1.0 818 820
f1, pre, rec [ 773  860 1029] 0.9621555304055981 0.9753067721751196 0.9518886118367463
count 74
f1, pre, rec [ 401  983 2500] 0.9987789987789988 0.9975609756097561 1.0 818 820
f1, pre, rec [ 401  983 2500] 0.9626504421403739 0.9756075046539661 0.9525387657308444
count 75
f1, pre, rec [2334] 0.8385093167701864 0.9507042253521126 0.75 180 142
f1, pre, rec [2334] 0.9609952271354381 0.9752754609299413 0.9498382488544331
count 76
f1, pre, rec [733] 0.8385093167701864 0.9507042253521126 0.75 180 142
f1, pre, rec [733] 0.9593835704201057 0.9749521551986542 0.9472087982116116
count 77
f1, pre, rec [410] 0.965034965034965 0.9764150943396226 0.9539170506912442 217 212
f1, pre, rec [410] 0.9594569651553636 0.9749711544082772 0.9472959183736848
count 78
f1, pre, rec [782] 0.9900709219858155 0.9858757062146892 0.9943019943019943 351 354
f1, pre, rec [782] 0.959849451781395 0.9751109563545132 0.9478985603727657
count 79
f1, pre, rec [1508 1736] 0.9964912280701755 0.993006993006993 1.0 426 429
f1, pre, rec [1508 1736] 0.9603132717344175 0.9753374884640382 0.9485580722667812
count 80
f1, pre, rec [1657 2440 2458] 0.9964912280701755 0.993006993006993 1.0 426 429
f1, pre, rec [1657 2440 2458] 0.9607654961886144 0.9755583572708251 0.9492010963634465
count 81
f1, pre, rec [1992] 0.9617304492512478 0.9537953795379538 0.9697986577181208 298 303
f1, pre, rec [1992] 0.9607774091893877 0.9752896785333821 0.9494553872443684
count 82
f1, pre, rec [ 166  413 2015] 0.9674418604651163 0.9765258215962441 0.9585253456221198 217 213
f1, pre, rec [ 166  413 2015] 0.9608586829854331 0.9753047534487829 0.9495659964928775
count 83
f1, pre, rec [ 902 1087 2491] 0.9987789987789988 0.9975609756097561 1.0 818 820
f1, pre, rec [ 902 1087 2491] 0.9613155542600544 0.9755729007037344 0.9501736350893489
count 84
f1, pre, rec [764] 0.9964912280701755 0.993006993006993 1.0 426 429
f1, pre, rec [764] 0.9617343122816034 0.9757804494216302 0.9507668061001899
count 85
f1, pre, rec [ 528 1147 2284] 0.9987789987789988 0.9975609756097561 1.0 818 820
f1, pre, rec [ 528 1147 2284] 0.9621701321227493 0.9760366909061964 0.9513460201460701
count 86
f1, pre, rec [ 474 2107] 0.9886685552407932 0.9830985915492958 0.9943019943019943 351 355
f1, pre, rec [ 474 2107] 0.9624782533217964 0.9761188060299534 0.9518455082176506
count 87
f1, pre, rec [   2 1400] 0.965034965034965 0.9764150943396226 0.9539170506912442 217 212
f1, pre, rec [   2 1400] 0.9625076408127522 0.9761222116427083 0.9518693190506804
count 88
f1, pre, rec [353] 0.9584026622296173 0.9504950495049505 0.9664429530201343 298 303
f1, pre, rec [353] 0.9624609933288529 0.9758309938911428 0.9520349285276061
count 89
f1, pre, rec [2149 2427] 0.9868891537544695 0.9833729216152018 0.9904306220095693 418 421
f1, pre, rec [2149 2427] 0.9627354670415004 0.9759157346520873 0.9524663408139202
count 90
f1, pre, rec [2448] 0.9964912280701755 0.993006993006993 1.0 426 429
f1, pre, rec [2448] 0.9631105310529301 0.9761056375226973 0.9529944925826545
count 91
f1, pre, rec [1441 1956] 0.9833729216152018 0.9764150943396226 0.9904306220095693 418 424
f1, pre, rec [1441 1956] 0.9633331946854825 0.9761090381470592 0.9534058786203128
count 92
f1, pre, rec [1467] 0.9880668257756564 0.9857142857142858 0.9904306220095693 418 420
f1, pre, rec [1467] 0.96360203850168 0.9762134430119203 0.9538083214832396
count 93
f1, pre, rec [2173] 0.9872340425531915 0.9830508474576272 0.9914529914529915 351 354
f1, pre, rec [2173] 0.9638561460721264 0.9762869634898311 0.9542131028807637
count 94
f1, pre, rec [1038 2354 2364] 0.8385093167701864 0.9507042253521126 0.75 180 142
f1, pre, rec [1038 2354 2364] 0.962522669164659 0.976014806701132 0.9520406230628833
count 95
f1, pre, rec [579 661] 0.9987789987789988 0.9975609756097561 1.0 818 820
f1, pre, rec [579 661] 0.9629043147395469 0.9762416084791176 0.9525454586095897
count 96
f1, pre, rec [ 756 1090 1721] 0.9964912280701755 0.993006993006993 1.0 426 429
f1, pre, rec [ 756 1090 1721] 0.9632541784200742 0.9764162479012829 0.9530397767490731
count 97
f1, pre, rec [ 273 1547 2660] 0.9617304492512478 0.9537953795379538 0.9697986577181208 298 303
f1, pre, rec [ 273 1547 2660] 0.963238469871942 0.9761830430727949 0.9532125487178262
count 98
f1, pre, rec [1154 2689] 0.9880668257756564 0.9857142857142858 0.9904306220095693 418 420
f1, pre, rec [1154 2689] 0.9634918204423881 0.9762803006507692 0.9535923249759052
count 99
f1, pre, rec [1781] 0.9964912280701755 0.993006993006993 1.0 426 429
f1, pre, rec [1781] 0.9638251477921637 0.9764492571392159 0.9540610893700879
count 100
f1, pre, rec [2199] 0.965034965034965 0.9764150943396226 0.9539170506912442 217 212
f1, pre, rec [2199] 0.9638372459645916 0.97644891551122 0.9540596489832995
F1, Pre, Rec 0.9638372459645916 0.97644891551122 0.9540596489832995
NMI:  0.9013036976208422
ARI:  0.9540468088034468
JAC:  0.9340854872934243
test1 time, avg time 0 0.0
==================================== 0.9832069481252131 0.9751216592500065 0.9791476129504297
test1 time, test1 num 112.58629441261292 100
current best val score (precision, recall, f1score) : 0.9833407085404899 0.9764274083072708 0.9798718647057298
corresponding test1 score (precision, recall, f1score) : 0.97644891551122 0.9540596489832995 0.9638372459645916
./GCN_model.pt
Final Results
best val score (precision, recall, f1score) : 0.9833407085404899 0.9764274083072708 0.9798718647057298
test1 score (precision, recall, f1score) : 0.97644891551122 0.9540596489832995 0.9638372459645916
## Finishing Time: 2026-01-03 03:59:23
## Running Time: 26391
= = = = = = = = = = = = = = = = = = = = 
