nohup: ignoring input
Loaded dense features: 2708 nodes, feature dim: 1433, matrix shape: (2708, 1433)
Found 7 communities
Generating training queries...
Generated 100 queries
Generating validation queries...
Generated 100 queries
Generating test queries...
Generated 100 queries
100 100 100
-------------------- 100 100
-------------------- 100 100
-------------------- 100 100
25 100 100
QD_GCN
0 loss tensor(41.4433, grad_fn=<AddBackward0>)
1 loss tensor(24.2112, grad_fn=<AddBackward0>)
2 loss tensor(19.8564, grad_fn=<AddBackward0>)
3 loss tensor(17.4904, grad_fn=<AddBackward0>)
4 loss tensor(16.1490, grad_fn=<AddBackward0>)
5 loss tensor(13.3237, grad_fn=<AddBackward0>)
6 loss tensor(11.1506, grad_fn=<AddBackward0>)
7 loss tensor(9.8514, grad_fn=<AddBackward0>)
8 loss tensor(8.7225, grad_fn=<AddBackward0>)

validation
num  all, output label  270800 34179.43519205648 38547.0
num  all, output_bin label_bin  270800 28022 38547
num  all, output_bin_0.4 label_bin_0.4  270800 32547 38547
iou_thr: 0.05, precision, recall, f1_score : 0.477 0.927 0.630
iou_thr: 0.10, precision, recall, f1_score : 0.608 0.880 0.719
iou_thr: 0.15, precision, recall, f1_score : 0.691 0.841 0.759
iou_thr: 0.20, precision, recall, f1_score : 0.748 0.810 0.778
iou_thr: 0.25, precision, recall, f1_score : 0.790 0.779 0.785
iou_thr: 0.30, precision, recall, f1_score : 0.824 0.746 0.783
iou_thr: 0.35, precision, recall, f1_score : 0.848 0.716 0.776
iou_thr: 0.40, precision, recall, f1_score : 0.866 0.691 0.769
iou_thr: 0.45, precision, recall, f1_score : 0.883 0.670 0.762
iou_thr: 0.50, precision, recall, f1_score : 0.897 0.652 0.755
iou_thr: 0.55, precision, recall, f1_score : 0.908 0.636 0.748
iou_thr: 0.60, precision, recall, f1_score : 0.917 0.617 0.738
iou_thr: 0.65, precision, recall, f1_score : 0.925 0.598 0.727
iou_thr: 0.70, precision, recall, f1_score : 0.932 0.578 0.714
iou_thr: 0.75, precision, recall, f1_score : 0.939 0.557 0.699
iou_thr: 0.80, precision, recall, f1_score : 0.947 0.533 0.682
iou_thr: 0.85, precision, recall, f1_score : 0.954 0.508 0.663
iou_thr: 0.90, precision, recall, f1_score : 0.960 0.473 0.634
iou_thr: 0.95, precision, recall, f1_score : 0.966 0.422 0.587
current best thr  0.25
current val score (precision, recall, f1score) : 0.7902933052742338 0.7793862038550341 0.7848018599305138
count 1
f1, pre, rec [213 824] 0.6551226551226552 0.6637426900584795 0.6467236467236467 351 342
f1, pre, rec [213 824] 0.6551226551226552 0.6637426900584795 0.6467236467236467
count 2
f1, pre, rec [ 954 1610] 0.8963855421686746 0.9029126213592233 0.8899521531100478 418 412
f1, pre, rec [ 954 1610] 0.7757540986456649 0.7833276557088514 0.7683378999168473
count 3
f1, pre, rec [1349 2680] 0.8940316686967112 0.9106699751861043 0.8779904306220095 418 403
f1, pre, rec [1349 2680] 0.815179955329347 0.8257750955346023 0.8048887434852348
count 4
f1, pre, rec [1812] 0.6563467492260062 0.7186440677966102 0.603988603988604 351 295
f1, pre, rec [1812] 0.7754716538035118 0.7989923386001043 0.754663708611077
count 5
f1, pre, rec [487] 0.8946078431372548 0.9170854271356784 0.8732057416267942 418 398
f1, pre, rec [487] 0.7992988916702604 0.822610956307219 0.7783721152142205
count 6
f1, pre, rec [2165] 0.5906040268456376 0.7457627118644068 0.4888888888888889 180 118
f1, pre, rec [2165] 0.7645164141994899 0.8098029155667503 0.7301249108266652
count 7
f1, pre, rec [2017] 0.7895716945996275 0.8870292887029289 0.7114093959731543 298 239
f1, pre, rec [2017] 0.7680957399709382 0.8208352545862044 0.7274512658475922
count 8
f1, pre, rec [793] 0.8299477655252465 0.7900552486187845 0.8740831295843521 818 905
f1, pre, rec [793] 0.7758272431652267 0.816987753840277 0.7457802488146872
count 9
f1, pre, rec [1448 2000] 0.5987654320987654 0.6736111111111112 0.5388888888888889 180 144
f1, pre, rec [1448 2000] 0.7561537086022866 0.8010570157592585 0.7227923199340429
count 10
f1, pre, rec [ 138 1359 2010] 0.6331360946745562 0.6772151898734177 0.5944444444444444 180 158
f1, pre, rec [ 138 1359 2010] 0.7438519472095135 0.7886728331706745 0.7099575323850831
count 11
f1, pre, rec [1114 1140] 0.9018181818181819 0.914004914004914 0.8899521531100478 418 407
f1, pre, rec [1114 1140] 0.7582125139921199 0.8000666587010599 0.7263206797237163
count 12
f1, pre, rec [1456 1858 2496] 0.8212506917542889 0.750252780586451 0.9070904645476773 818 989
f1, pre, rec [1456 1858 2496] 0.7634656954723006 0.7959155021915091 0.7413848284590463
count 13
f1, pre, rec [1397 1707 2078] 0.8101694915254237 0.7531512605042017 0.8765281173594132 818 952
f1, pre, rec [1397 1707 2078] 0.7670582951686946 0.7926259451386393 0.7517804660667669
count 14
f1, pre, rec [1017] 0.5508196721311476 0.672 0.4666666666666667 180 125
f1, pre, rec [1017] 0.7516126792374412 0.7840098062001651 0.7314151946810454
count 15
f1, pre, rec [  17  555 2607] 0.7765957446808511 0.8233082706766918 0.7348993288590604 298 266
f1, pre, rec [  17  555 2607] 0.7532782169336686 0.7866297038319335 0.731647470292913
count 16
f1, pre, rec [ 733 1911] 0.5923566878980893 0.6940298507462687 0.5166666666666667 180 134
f1, pre, rec [ 733 1911] 0.7432206213689448 0.7808422130140795 0.7182111700662727
count 17
f1, pre, rec [2211] 0.5625000000000001 0.75 0.45 180 108
f1, pre, rec [2211] 0.7325899965825363 0.779027965189722 0.7024340424153154
count 18
f1, pre, rec [1008 1668] 0.8187066974595842 0.7757111597374179 0.8667481662591687 818 914
f1, pre, rec [1008 1668] 0.7373742577423723 0.7788436982201494 0.711562604851085
count 19
f1, pre, rec [ 811  946 1599] 0.6455331412103746 0.6706586826347305 0.6222222222222222 180 167
f1, pre, rec [ 811  946 1599] 0.732540514767004 0.7731497500314432 0.706860479449566
count 20
f1, pre, rec [1509] 0.8959608323133414 0.9172932330827067 0.8755980861244019 418 399
f1, pre, rec [1509] 0.7407115306443209 0.7803569241840063 0.7152973597833078
count 21
f1, pre, rec [538] 0.7743467933491687 0.7836538461538461 0.7652582159624414 426 416
f1, pre, rec [538] 0.7423132098207423 0.7805139204682844 0.7176764481727903
count 22
f1, pre, rec [ 916 1041 2325] 0.7614781634938409 0.728051391862955 0.7981220657276995 426 467
f1, pre, rec [ 916 1041 2325] 0.7431843440786103 0.778129260077133 0.721333067152559
count 23
f1, pre, rec [ 358 1367 2552] 0.8086283185840707 0.7383838383838384 0.8936430317848411 818 990
f1, pre, rec [ 358 1367 2552] 0.7460297342744999 0.7764011982643811 0.7288248047452669
count 24
f1, pre, rec [ 441  710 2147] 0.6592797783933518 0.6415094339622641 0.6780626780626781 351 371
f1, pre, rec [ 441  710 2147] 0.742415152779452 0.7707807080851262 0.7267097161334922
count 25
f1, pre, rec [898] 0.8853267570900123 0.9134860050890585 0.8588516746411483 418 393
f1, pre, rec [898] 0.7481316169518745 0.7764889199652835 0.7319953944737985
count 26
f1, pre, rec [1148 2076] 0.7147147147147147 0.7777777777777778 0.6611111111111111 180 153
f1, pre, rec [1148 2076] 0.7468463514812144 0.7765384914196102 0.7292690758829259
count 27
f1, pre, rec [ 912 1132 2482] 0.6541049798115747 0.6198979591836735 0.6923076923076923 351 392
f1, pre, rec [ 912 1132 2482] 0.7434114858638203 0.7707369902256866 0.7279001357505099
count 28
f1, pre, rec [ 609 1847] 0.6527777777777778 0.6368563685636857 0.6695156695156695 351 369
f1, pre, rec [ 609 1847] 0.7401745677178903 0.7659555394520438 0.7258149762421227
count 29
f1, pre, rec [569] 0.6446776611694153 0.680379746835443 0.6125356125356125 351 316
f1, pre, rec [569] 0.7368815709403566 0.7630046500514712 0.7219087912867258
count 30
f1, pre, rec [2253] 0.783427495291902 0.8927038626609443 0.697986577181208 298 233
f1, pre, rec [2253] 0.7384331017520748 0.7673279571384537 0.7211113841498752
count 31
f1, pre, rec [ 876 1143 1368] 0.8859543817527011 0.8891566265060241 0.8827751196172249 418 415
f1, pre, rec [ 876 1143 1368] 0.7431918527198369 0.771257914214827 0.7263263433584994
count 32
f1, pre, rec [ 671 1157 2703] 0.779964221824687 0.8352490421455939 0.7315436241610739 298 261
f1, pre, rec [ 671 1157 2703] 0.7443409892543635 0.7732576369626635 0.7264893833835798
count 33
f1, pre, rec [965] 0.8253783469150175 0.7877777777777778 0.8667481662591687 818 900
f1, pre, rec [965] 0.7467966667592318 0.7736976412297881 0.7307396495313249
count 34
f1, pre, rec [ 161 1982 2356] 0.8196166854565953 0.7604602510460251 0.8887530562347188 818 956
f1, pre, rec [ 161 1982 2356] 0.7489384320150366 0.7733083062243834 0.73538710266966
count 35
f1, pre, rec [ 298 1028] 0.7808564231738034 0.8611111111111112 0.7142857142857143 217 180
f1, pre, rec [ 298 1028] 0.7498503746195727 0.7758169577925755 0.7347842058586902
count 36
f1, pre, rec [ 801 2006] 0.7927461139896372 0.9053254437869822 0.7050691244239631 217 169
f1, pre, rec [ 801 2006] 0.7510419229354078 0.7794144157368647 0.7339587869299478
count 37
f1, pre, rec [ 350 1185 2209] 0.8423645320197044 0.9047619047619048 0.7880184331797235 217 189
f1, pre, rec [ 350 1185 2209] 0.7535101015593078 0.7828021857105144 0.735419858450212
count 38
f1, pre, rec [ 201 2126] 0.7843137254901962 0.8365019011406845 0.738255033557047 298 263
f1, pre, rec [ 201 2126] 0.7543207232416996 0.7842153361165716 0.7354944683214445
count 39
f1, pre, rec [2658] 0.7842401500938087 0.8893617021276595 0.7013422818791947 298 235
f1, pre, rec [2658] 0.7550878880327793 0.7869113967835225 0.7346187712331816
count 40
f1, pre, rec [ 988 1522] 0.7749419953596287 0.7660550458715596 0.784037558685446 426 436
f1, pre, rec [ 988 1522] 0.7555842407159505 0.7863899880107235 0.7358542409194883
count 41
f1, pre, rec [2401] 0.8918918918918918 0.9166666666666666 0.868421052631579 418 396
f1, pre, rec [2401] 0.7589088175739003 0.7895674679779415 0.7390875777905148
count 42
f1, pre, rec [1026 1743] 0.7850467289719625 0.7813953488372093 0.7887323943661971 426 430
f1, pre, rec [1026 1743] 0.7595311487976637 0.789372893712686 0.740269597232793
count 43
f1, pre, rec [ 427 2320] 0.8041237113402061 0.9122807017543859 0.7188940092165899 217 171
f1, pre, rec [ 427 2320] 0.7605681851358623 0.7922312148299347 0.7397724905347417
count 44
f1, pre, rec [496] 0.8156682027649769 0.7712418300653595 0.8655256723716381 818 918
f1, pre, rec [496] 0.7618204582637967 0.7917541833580125 0.7426305173946712
count 45
f1, pre, rec [1537 1733] 0.7514450867052023 0.7403189066059226 0.7629107981220657 426 439
f1, pre, rec [1537 1733] 0.7615898944513835 0.790611177207966 0.7430811902997244
count 46
f1, pre, rec [ 207 2081] 0.7602739726027397 0.7762237762237763 0.7449664429530202 298 286
f1, pre, rec [ 207 2081] 0.7615612874546739 0.7902984076213532 0.7431221740530569
count 47
f1, pre, rec [  36  296 2234] 0.7821100917431192 0.7645739910313901 0.8004694835680751 426 446
f1, pre, rec [  36  296 2234] 0.7619984960565557 0.7897510796088008 0.7443423295746531
count 48
f1, pre, rec [1328] 0.661608497723824 0.7077922077922078 0.6210826210826211 351 308
f1, pre, rec [1328] 0.7599070377579572 0.7880436031126218 0.741774418981069
count 49
f1, pre, rec [2666] 0.8995098039215687 0.9221105527638191 0.8779904306220095 418 398
f1, pre, rec [2666] 0.7627560738021125 0.790779663309585 0.7445543375859861
count 50
f1, pre, rec [ 412 1244] 0.7963302752293577 0.8785425101214575 0.7281879194630873 298 247
f1, pre, rec [ 412 1244] 0.7634275578306574 0.7925349202458224 0.7442270092235281
count 51
f1, pre, rec [1256 1457 2651] 0.7228915662650601 0.7894736842105263 0.6666666666666666 180 152
f1, pre, rec [1256 1457 2651] 0.7626327344666262 0.7924748960098362 0.7427062181930014
count 52
f1, pre, rec [2] 0.8258706467661691 0.8972972972972973 0.7649769585253456 217 185
f1, pre, rec [2] 0.7638488481646942 0.7944907114192106 0.7431345016609311
count 53
f1, pre, rec [1944] 0.6886227544910181 0.7255520504731862 0.6552706552706553 351 317
f1, pre, rec [1944] 0.7624294879067004 0.7931899819673988 0.7414766932384731
count 54
f1, pre, rec [1177 1927] 0.8253968253968255 0.7695560253699789 0.8899755501222494 818 946
f1, pre, rec [1177 1927] 0.7635955497120731 0.7927523161044836 0.7442266720696542
count 55
f1, pre, rec [123 124] 0.8092783505154639 0.9181286549707602 0.7235023041474654 217 171
f1, pre, rec [123 124] 0.7644261460903166 0.7950318859020522 0.7438498653801598
count 56
f1, pre, rec [1104] 0.82183908045977 0.7754880694143167 0.8740831295843521 818 922
f1, pre, rec [1104] 0.7654513770611996 0.7946828891790568 0.746175459383806
count 57
f1, pre, rec [2418] 0.7712177121771219 0.8565573770491803 0.7013422818791947 298 244
f1, pre, rec [2418] 0.7655525408351631 0.7957684065101116 0.7453889124100409
count 58
f1, pre, rec [ 179 1091] 0.6025641025641025 0.7121212121212122 0.5222222222222223 180 132
f1, pre, rec [ 179 1091] 0.762742395347731 0.7943262135034065 0.7415412108550786
count 59
f1, pre, rec [2489] 0.8842364532019704 0.9111675126903553 0.8588516746411483 418 394
f1, pre, rec [2489] 0.7648016166672944 0.796306574506575 0.7435295238006052
count 60
f1, pre, rec [ 292 1891] 0.8201027984009138 0.7695605573419079 0.8777506112469438 818 933
f1, pre, rec [ 292 1891] 0.7657233030295214 0.7958608075538306 0.7457665419247109
count 61
f1, pre, rec [1557 1588 1811] 0.900726392251816 0.9117647058823529 0.8899521531100478 418 408
f1, pre, rec [1557 1588 1811] 0.7679364684266082 0.7977608714608555 0.7481302404687328
count 62
f1, pre, rec [ 617 1167] 0.7855477855477855 0.7800925925925926 0.7910798122065728 426 432
f1, pre, rec [ 617 1167] 0.7682205219285627 0.7974758992210449 0.7488229754967625
count 63
f1, pre, rec [ 465 1189 1964] 0.7801578354002254 0.7505422993492408 0.812206572769953 426 461
f1, pre, rec [ 465 1189 1964] 0.7684100030947796 0.796730921445302 0.7498290643423687
count 64
f1, pre, rec [996] 0.783427495291902 0.8927038626609443 0.697986577181208 298 233
f1, pre, rec [996] 0.7686446514103596 0.7982304986517964 0.7490190254804756
count 65
f1, pre, rec [1490 1583 1692] 0.8963855421686746 0.9029126213592233 0.8899521531100478 418 412
f1, pre, rec [1490 1583 1692] 0.7706098958835644 0.7998409928472953 0.7511872274440075
count 66
f1, pre, rec [  37  745 2263] 0.7771836007130125 0.8288973384030418 0.7315436241610739 298 263
f1, pre, rec [  37  745 2263] 0.7707094974718894 0.8002812405072307 0.7508895970912358
count 67
f1, pre, rec [  76 1961] 0.6394366197183099 0.6323119777158774 0.6467236467236467 351 359
f1, pre, rec [  76 1961] 0.7687502007890001 0.7977742365849718 0.7493348814141075
count 68
f1, pre, rec [1610] 0.8929889298892989 0.9189873417721519 0.868421052631579 418 395
f1, pre, rec [1610] 0.7705772409228281 0.7995567822494891 0.7510861486378939
count 69
f1, pre, rec [613] 0.6031746031746033 0.7037037037037037 0.5277777777777778 180 135
f1, pre, rec [613] 0.7681511157380712 0.7981676071981009 0.7478497954370227
count 70
f1, pre, rec [1228 2289 2626] 0.7989690721649484 0.9064327485380117 0.7142857142857143 217 171
f1, pre, rec [1228 2289 2626] 0.7685913722584552 0.7997142520743853 0.7473703085634326
count 71
f1, pre, rec [1020 1965] 0.8163265306122448 0.9142857142857143 0.7373271889400922 217 175
f1, pre, rec [1020 1965] 0.7692636984324521 0.801327934640742 0.7472288561743714
count 72
f1, pre, rec [  91 1810 1916] 0.6809651474530831 0.6430379746835443 0.7236467236467237 351 395
f1, pre, rec [  91 1810 1916] 0.7680373296688499 0.7991294629746698 0.7469013265559319
count 73
f1, pre, rec [1289] 0.7634408602150538 0.9161290322580645 0.6543778801843319 217 155
f1, pre, rec [1289] 0.7679743643338663 0.8007321968004697 0.7456338820850881
count 74
f1, pre, rec [1274 1762 2474] 0.8194522079373953 0.7548918640576725 0.8960880195599022 818 971
f1, pre, rec [1274 1762 2474] 0.7686700108690492 0.800112732844486 0.747667046105018
count 75
f1, pre, rec [483] 0.8176538908246225 0.7787610619469026 0.8606356968215159 818 904
f1, pre, rec [483] 0.7693231292684569 0.7998280438991849 0.7491732947812381
count 76
f1, pre, rec [ 467 1149 2455] 0.7781420765027321 0.7280163599182005 0.8356807511737089 426 489
f1, pre, rec [ 467 1149 2455] 0.7694391680478553 0.7988831533204878 0.7503115507864022
count 77
f1, pre, rec [437] 0.7774798927613942 0.9294871794871795 0.6682027649769585 217 156
f1, pre, rec [437] 0.7695435930441349 0.8005793095044708 0.7492452029187471
count 78
f1, pre, rec [1880 1989 2227] 0.6053412462908011 0.6496815286624203 0.5666666666666667 180 157
f1, pre, rec [1880 1989 2227] 0.7674384347524255 0.7986447225705984 0.7469044524539769
count 79
f1, pre, rec [ 574 1732 2304] 0.7735426008968609 0.740343347639485 0.8098591549295775 426 466
f1, pre, rec [ 574 1732 2304] 0.7675157026783044 0.7979067304828628 0.7477013474220224
count 80
f1, pre, rec [1448 2010 2211] 0.6196319018404907 0.6917808219178082 0.5611111111111111 180 146
f1, pre, rec [1448 2010 2211] 0.7656671551678318 0.7965801566257996 0.745368969468136
count 81
f1, pre, rec [ 214 2651] 0.5816023738872403 0.6242038216560509 0.5444444444444444 180 157
f1, pre, rec [ 214 2651] 0.763394750460664 0.7944520537249385 0.7428884197764855
count 82
f1, pre, rec [ 901 1462] 0.6872246696035242 0.7090909090909091 0.6666666666666666 351 330
f1, pre, rec [ 901 1462] 0.762465847035577 0.7934110641562307 0.7419588862019755
count 83
f1, pre, rec [615 944] 0.6547619047619048 0.7051282051282052 0.6111111111111112 180 156
f1, pre, rec [615 944] 0.761168209176858 0.7923474152522787 0.7403824069840134
count 84
f1, pre, rec [1026 1519 2114] 0.7639956092206368 0.7175257731958763 0.8169014084507042 426 485
f1, pre, rec [1026 1519 2114] 0.7612018687011887 0.7914566814182739 0.7412933474776644
count 85
f1, pre, rec [ 558 2238] 0.766839378238342 0.8757396449704142 0.6820276497695853 217 169
f1, pre, rec [ 558 2238] 0.7612681923428023 0.7924482456953578 0.7405961039752165
count 86
f1, pre, rec [1283] 0.7603305785123967 0.9452054794520548 0.6359447004608295 217 146
f1, pre, rec [1283] 0.7612572898564022 0.7942244925995054 0.7393792271901655
count 87
f1, pre, rec [1918 2301] 0.6393210749646393 0.6348314606741573 0.6438746438746439 351 356
f1, pre, rec [1918 2301] 0.7598557241679912 0.7923923887842717 0.7382814733589526
count 88
f1, pre, rec [360 529] 0.7897623400365631 0.8674698795180723 0.7248322147651006 298 249
f1, pre, rec [360 529] 0.7601955720755885 0.7932455420880647 0.7381286408749315
count 89
f1, pre, rec [  73  227 2034] 0.6666666666666667 0.6404199475065617 0.6951566951566952 351 381
f1, pre, rec [  73  227 2034] 0.7591446854979602 0.791528400575913 0.7376458100241647
count 90
f1, pre, rec [1296 2171] 0.761795166858458 0.7471783295711061 0.7769953051643192 426 443
f1, pre, rec [1296 2171] 0.7591741352908546 0.7910356220091929 0.7380830266368332
count 91
f1, pre, rec [303 413] 0.7916666666666666 0.9101796407185628 0.7004608294930875 217 167
f1, pre, rec [303 413] 0.7595311960752044 0.7923448969400652 0.7376695958989897
count 92
f1, pre, rec [1592 1868] 0.6416184971098265 0.6510263929618768 0.6324786324786325 351 341
f1, pre, rec [1592 1868] 0.7582495363038416 0.7908088262446501 0.736526215861812
count 93
f1, pre, rec [1607] 0.8875154511742893 0.9181585677749361 0.8588516746411483 418 391
f1, pre, rec [1607] 0.7596394923777174 0.7921781783041155 0.7378415433755683
count 94
f1, pre, rec [1178] 0.7564894932014834 0.7989556135770235 0.7183098591549296 426 383
f1, pre, rec [1178] 0.7596059817481831 0.7922502786793593 0.7376337595008806
count 95
f1, pre, rec [1948] 0.8238702201622248 0.7830396475770925 0.8691931540342298 818 908
f1, pre, rec [1948] 0.7602824474156992 0.7921533246677565 0.7390185952328107
count 96
f1, pre, rec [1043 1482] 0.7827076222980659 0.7593818984547461 0.8075117370892019 426 453
f1, pre, rec [1043 1482] 0.7605160429873905 0.7918119556447043 0.7397320654604814
count 97
f1, pre, rec [1203 1499] 0.7929203539823009 0.8389513108614233 0.7516778523489933 298 267
f1, pre, rec [1203 1499] 0.7608501080491936 0.7922979283788972 0.739855217902631
count 98
f1, pre, rec [ 963 1947 2656] 0.7888040712468194 0.8806818181818182 0.7142857142857143 217 176
f1, pre, rec [ 963 1947 2656] 0.7611353525716184 0.7931998048054576 0.7395943046004174
count 99
f1, pre, rec [ 949 2117 2539] 0.8990384615384615 0.9033816425120773 0.8947368421052632 418 414
f1, pre, rec [ 949 2117 2539] 0.7625283132682532 0.7943127526610799 0.7411614009388502
count 100
f1, pre, rec [623] 0.7902621722846441 0.8940677966101694 0.7080536912751678 298 236
f1, pre, rec [623] 0.7628056518584171 0.7953103031005709 0.7408303238422134
F1, Pre, Rec 0.7628056518584171 0.7953103031005709 0.7408303238422134
NMI:  0.48993829294968905
ARI:  0.6647408332760881
JAC:  0.6251708005463429
test1 time, avg time 0 0.0
==================================== 0.7876517425923508 0.7834588418592573 0.7855496973247412
test1 time, test1 num 85.32143187522888 100
current best val score (precision, recall, f1score) : 0.7902933052742338 0.7793862038550341 0.7848018599305138
corresponding test1 score (precision, recall, f1score) : 0.7953103031005709 0.7408303238422134 0.7628056518584171
9 loss tensor(7.9661, grad_fn=<AddBackward0>)
10 loss tensor(7.2133, grad_fn=<AddBackward0>)
11 loss tensor(6.5468, grad_fn=<AddBackward0>)
12 loss tensor(6.1865, grad_fn=<AddBackward0>)
13 loss tensor(5.6830, grad_fn=<AddBackward0>)
14 loss tensor(5.3964, grad_fn=<AddBackward0>)
15 loss tensor(5.0768, grad_fn=<AddBackward0>)
16 loss tensor(4.7024, grad_fn=<AddBackward0>)
17 loss tensor(4.6470, grad_fn=<AddBackward0>)
18 loss tensor(4.2683, grad_fn=<AddBackward0>)

validation
num  all, output label  270800 40065.45295650792 38547.0
num  all, output_bin label_bin  270800 32667 38547
num  all, output_bin_0.4 label_bin_0.4  270800 37452 38547
iou_thr: 0.05, precision, recall, f1_score : 0.433 0.986 0.602
iou_thr: 0.10, precision, recall, f1_score : 0.557 0.964 0.706
iou_thr: 0.15, precision, recall, f1_score : 0.666 0.938 0.779
iou_thr: 0.20, precision, recall, f1_score : 0.741 0.915 0.819
iou_thr: 0.25, precision, recall, f1_score : 0.795 0.893 0.841
iou_thr: 0.30, precision, recall, f1_score : 0.839 0.870 0.854
iou_thr: 0.35, precision, recall, f1_score : 0.873 0.849 0.861
iou_thr: 0.40, precision, recall, f1_score : 0.900 0.824 0.860
iou_thr: 0.45, precision, recall, f1_score : 0.915 0.802 0.855
iou_thr: 0.50, precision, recall, f1_score : 0.927 0.786 0.850
iou_thr: 0.55, precision, recall, f1_score : 0.938 0.769 0.845
iou_thr: 0.60, precision, recall, f1_score : 0.947 0.753 0.839
iou_thr: 0.65, precision, recall, f1_score : 0.956 0.735 0.831
iou_thr: 0.70, precision, recall, f1_score : 0.963 0.719 0.823
iou_thr: 0.75, precision, recall, f1_score : 0.968 0.702 0.814
iou_thr: 0.80, precision, recall, f1_score : 0.973 0.685 0.804
iou_thr: 0.85, precision, recall, f1_score : 0.977 0.664 0.791
iou_thr: 0.90, precision, recall, f1_score : 0.981 0.632 0.769
iou_thr: 0.95, precision, recall, f1_score : 0.989 0.578 0.729
current best thr  0.35
current val score (precision, recall, f1score) : 0.8734112997970735 0.8486004098892261 0.8608271161462651
count 1
f1, pre, rec [213 824] 0.7828571428571429 0.7851002865329513 0.7806267806267806 351 349
f1, pre, rec [213 824] 0.7828571428571429 0.7851002865329513 0.7806267806267806
count 2
f1, pre, rec [ 954 1610] 0.9427207637231504 0.9404761904761905 0.9449760765550239 418 420
f1, pre, rec [ 954 1610] 0.8627889532901467 0.8627882385045709 0.8628014285909023
count 3
f1, pre, rec [1349 2680] 0.943847072879331 0.9427207637231504 0.9449760765550239 418 419
f1, pre, rec [1349 2680] 0.8898083264865414 0.8894324135774307 0.890192977912276
count 4
f1, pre, rec [1812] 0.7947598253275109 0.8125 0.7777777777777778 351 336
f1, pre, rec [1812] 0.8660462011967838 0.8701993101830731 0.8620891778786515
count 5
f1, pre, rec [487] 0.937799043062201 0.937799043062201 0.937799043062201 418 418
f1, pre, rec [487] 0.8803967695698672 0.8837192567588985 0.8772311509153614
count 6
f1, pre, rec [2165] 0.7003154574132492 0.8102189781021898 0.6166666666666667 180 137
f1, pre, rec [2165] 0.8503832175437642 0.8714692103161138 0.8338037368739123
count 7
f1, pre, rec [2017] 0.8411214953271028 0.9493670886075949 0.7550335570469798 298 237
f1, pre, rec [2017] 0.8490601143699555 0.8825974786434683 0.8225508540414934
count 8
f1, pre, rec [793] 0.8753762793497893 0.8623962040332147 0.8887530562347188 818 843
f1, pre, rec [793] 0.8523496349924348 0.8800723193171865 0.8308261293156466
count 9
f1, pre, rec [1448 2000] 0.6869300911854104 0.7583892617449665 0.6277777777777778 180 149
f1, pre, rec [1448 2000] 0.8339696856805432 0.8665519795869399 0.8082652013669944
count 10
f1, pre, rec [ 138 1359 2010] 0.6846846846846847 0.7450980392156863 0.6333333333333333 180 153
f1, pre, rec [ 138 1359 2010] 0.8190411855809574 0.8544065855498145 0.7907720145636283
count 11
f1, pre, rec [1114 1140] 0.939068100358423 0.9379474940334129 0.9401913875598086 418 419
f1, pre, rec [1114 1140] 0.8299527232879996 0.862001213593778 0.8043555939269175
count 12
f1, pre, rec [1456 1858 2496] 0.8769050410316529 0.8423423423423423 0.9144254278728606 818 888
f1, pre, rec [1456 1858 2496] 0.8338654164333041 0.8603629743228249 0.8135280800890793
count 13
f1, pre, rec [1397 1707 2078] 0.8714285714285714 0.8491879350348028 0.8948655256723717 818 862
f1, pre, rec [1397 1707 2078] 0.8367548898944785 0.859503355916054 0.8197848066724094
count 14
f1, pre, rec [1017] 0.6953846153846154 0.7793103448275862 0.6277777777777778 180 145
f1, pre, rec [1017] 0.826657013143774 0.8537752836954491 0.8060700188942215
count 15
f1, pre, rec [  17  555 2607] 0.8388278388278387 0.9233870967741935 0.7684563758389261 298 248
f1, pre, rec [  17  555 2607] 0.8274684015227117 0.8584160712340321 0.8035624426905351
count 16
f1, pre, rec [ 733 1911] 0.6869300911854104 0.7583892617449665 0.6277777777777778 180 149
f1, pre, rec [ 733 1911] 0.8186847571266304 0.8521643956409655 0.7925759011334879
count 17
f1, pre, rec [2211] 0.7003154574132492 0.8102189781021898 0.6166666666666667 180 137
f1, pre, rec [2211] 0.8117218571434902 0.8496970181386846 0.7822282991060279
count 18
f1, pre, rec [1008 1668] 0.868564506359782 0.8607442977190877 0.8765281173594132 818 833
f1, pre, rec [1008 1668] 0.8148797820999509 0.8503107558931514 0.7874671778978826
count 19
f1, pre, rec [ 811  946 1599] 0.7083333333333333 0.7628205128205128 0.6611111111111111 180 156
f1, pre, rec [ 811  946 1599] 0.8092720742701289 0.8457060062577494 0.7808168585933156
count 20
f1, pre, rec [1509] 0.937799043062201 0.937799043062201 0.937799043062201 418 418
f1, pre, rec [1509] 0.8156984227097326 0.8503106580979718 0.7886659678167599
count 21
f1, pre, rec [538] 0.889156626506024 0.9133663366336634 0.8661971830985915 426 404
f1, pre, rec [538] 0.8191964324143179 0.8533133094568144 0.7923579304492281
count 22
f1, pre, rec [ 916 1041 2325] 0.8907363420427553 0.9014423076923077 0.8802816901408451 426 416
f1, pre, rec [ 916 1041 2325] 0.8224482464883377 0.8555009911947913 0.7963544649806651
count 23
f1, pre, rec [ 358 1367 2552] 0.8696158323632129 0.83 0.91320293398533 818 900
f1, pre, rec [ 358 1367 2552] 0.8244990110915932 0.8543922524471916 0.8014348331982594
count 24
f1, pre, rec [ 441  710 2147] 0.7769985974754559 0.7651933701657458 0.7891737891737892 351 362
f1, pre, rec [ 441  710 2147] 0.8225198271909208 0.8506756323521314 0.8009239563639063
count 25
f1, pre, rec [898] 0.9387755102040818 0.9421686746987952 0.9354066985645934 418 415
f1, pre, rec [898] 0.8271700545114471 0.8543353540459979 0.8063032660519339
count 26
f1, pre, rec [1148 2076] 0.7387387387387387 0.803921568627451 0.6833333333333333 180 153
f1, pre, rec [1148 2076] 0.8237688500586506 0.8523963622991307 0.8015736532550647
count 27
f1, pre, rec [ 912 1132 2482] 0.788135593220339 0.7815126050420168 0.7948717948717948 351 357
f1, pre, rec [ 912 1132 2482] 0.8224490998053798 0.8497710379562747 0.8013254362779065
count 28
f1, pre, rec [ 609 1847] 0.7954866008462623 0.7877094972067039 0.8034188034188035 351 358
f1, pre, rec [ 609 1847] 0.8214861534139829 0.8475545543580758 0.8014001993900814
count 29
f1, pre, rec [569] 0.786743515850144 0.7959183673469388 0.7777777777777778 351 343
f1, pre, rec [569] 0.8202881314290229 0.845773996185278 0.8005856331275882
count 30
f1, pre, rec [2253] 0.8401486988847583 0.9416666666666667 0.7583892617449665 298 240
f1, pre, rec [2253] 0.820950150344214 0.8489704185346576 0.7991790874148342
count 31
f1, pre, rec [ 876 1143 1368] 0.9404761904761906 0.9360189573459715 0.9449760765550239 418 422
f1, pre, rec [ 876 1143 1368] 0.8248058290581488 0.8517784359156678 0.8038822160967757
count 32
f1, pre, rec [ 671 1157 2703] 0.836036036036036 0.9027237354085603 0.7785234899328859 298 257
f1, pre, rec [ 671 1157 2703] 0.8251567730262077 0.8533704765248207 0.8030897559041542
count 33
f1, pre, rec [965] 0.8755261575466026 0.8615384615384616 0.8899755501222494 818 845
f1, pre, rec [965] 0.8266831180116743 0.8536179912222037 0.805722658759248
count 34
f1, pre, rec [ 161 1982 2356] 0.874251497005988 0.8568075117370892 0.8924205378973105 818 852
f1, pre, rec [ 161 1982 2356] 0.8280821879820952 0.8537118006491121 0.8082725963809557
count 35
f1, pre, rec [ 298 1028] 0.8699763593380615 0.8932038834951457 0.847926267281106 217 206
f1, pre, rec [ 298 1028] 0.8292791643065515 0.8548401458732845 0.8094055584066743
count 36
f1, pre, rec [ 801 2006] 0.8743961352657005 0.9187817258883249 0.8341013824884793 217 197
f1, pre, rec [ 801 2006] 0.8305324134998612 0.8566163008737023 0.8100915535200578
count 37
f1, pre, rec [ 350 1185 2209] 0.8761904761904762 0.9064039408866995 0.847926267281106 217 203
f1, pre, rec [ 350 1185 2209] 0.8317664151942021 0.8579619127659456 0.8111141133514376
count 38
f1, pre, rec [ 201 2126] 0.8354430379746836 0.9058823529411765 0.7751677852348994 298 255
f1, pre, rec [ 201 2126] 0.8318631684252674 0.8592229769810832 0.8101681573483708
count 39
f1, pre, rec [2658] 0.8487084870848709 0.9426229508196722 0.7718120805369127 298 244
f1, pre, rec [2658] 0.8322950996729497 0.8613614378487393 0.809184668199359
count 40
f1, pre, rec [ 988 1522] 0.887039239001189 0.8987951807228916 0.8755868544600939 426 415
f1, pre, rec [ 988 1522] 0.8336637031561557 0.8622972814205931 0.8108447228558774
count 41
f1, pre, rec [2401] 0.9365269461077844 0.9376498800959233 0.9354066985645934 418 417
f1, pre, rec [2401] 0.8361725627403417 0.8641351496809672 0.8138828198243826
count 42
f1, pre, rec [1026 1743] 0.8982035928143713 0.9168704156479217 0.8802816901408451 426 409
f1, pre, rec [1026 1743] 0.8376494920278186 0.8653907512516089 0.815463745308108
count 43
f1, pre, rec [ 427 2320] 0.8786407766990292 0.9282051282051282 0.8341013824884793 217 195
f1, pre, rec [ 427 2320] 0.8386027777178466 0.8668515507156442 0.8158971787309072
count 44
f1, pre, rec [496] 0.868421052631579 0.8501170960187353 0.8875305623471883 818 854
f1, pre, rec [496] 0.8392804657840679 0.8664712221998054 0.8175252101767317
count 45
f1, pre, rec [1537 1733] 0.8878281622911695 0.9029126213592233 0.8732394366197183 426 412
f1, pre, rec [1537 1733] 0.8403593034842258 0.8672810310700146 0.818763304097687
count 46
f1, pre, rec [ 207 2081] 0.8241563055062168 0.8754716981132076 0.7785234899328859 298 265
f1, pre, rec [ 207 2081] 0.8400070643977473 0.8674590890492145 0.817888525528887
count 47
f1, pre, rec [  36  296 2234] 0.886255924170616 0.8947368421052632 0.8779342723004695 426 418
f1, pre, rec [  36  296 2234] 0.8409910826907872 0.8680394667738113 0.8191660946091336
count 48
f1, pre, rec [1328] 0.777456647398844 0.7888563049853372 0.7663817663817664 351 341
f1, pre, rec [1328] 0.839667448622205 0.8663898175698846 0.8180664211043968
count 49
f1, pre, rec [2666] 0.9400479616306955 0.9423076923076923 0.937799043062201 418 416
f1, pre, rec [2666] 0.8417160305203374 0.8679391619522889 0.8205099440014948
count 50
f1, pre, rec [ 412 1244] 0.8385899814471243 0.9377593360995851 0.7583892617449665 298 241
f1, pre, rec [ 412 1244] 0.8416535095388731 0.8693355654352348 0.8192675303563642
count 51
f1, pre, rec [1256 1457 2651] 0.7418397626112759 0.7961783439490446 0.6944444444444444 180 157
f1, pre, rec [1256 1457 2651] 0.8396963772461752 0.8679011101119761 0.8168200188678952
count 52
f1, pre, rec [2] 0.8771084337349397 0.9191919191919192 0.8387096774193549 217 198
f1, pre, rec [2] 0.8404158398709591 0.868887471825052 0.8172409738400386
count 53
f1, pre, rec [1944] 0.7848837209302325 0.8011869436201781 0.7692307692307693 351 337
f1, pre, rec [1944] 0.8393680640418888 0.8676101033683563 0.8163351209228825
count 54
f1, pre, rec [1177 1927] 0.8788598574821852 0.8545034642032333 0.9046454767726161 818 866
f1, pre, rec [1177 1927] 0.8400993935500424 0.8673673878282614 0.8179704978830628
count 55
f1, pre, rec [123 124] 0.8765133171912834 0.923469387755102 0.8341013824884793 217 196
f1, pre, rec [123 124] 0.840761464888974 0.8683874241905677 0.8182637866940703
count 56
f1, pre, rec [1104] 0.8729216152019001 0.848729792147806 0.8985330073349633 818 866
f1, pre, rec [1104] 0.8413357532874192 0.868036395046947 0.8196971656340862
count 57
f1, pre, rec [2418] 0.8330275229357798 0.9190283400809717 0.761744966442953 298 247
f1, pre, rec [2418] 0.8411899948601974 0.8689309905738596 0.818680460385119
count 58
f1, pre, rec [ 179 1091] 0.691131498470948 0.7687074829931972 0.6277777777777778 180 147
f1, pre, rec [ 179 1091] 0.8386027794052103 0.8672029990638482 0.8153890348229235
count 59
f1, pre, rec [2489] 0.9413173652694611 0.9424460431654677 0.9401913875598086 418 417
f1, pre, rec [2489] 0.8403437045893501 0.8684783048960791 0.8175043289371079
count 60
f1, pre, rec [ 292 1891] 0.8706586826347307 0.8532863849765259 0.8887530562347188 818 852
f1, pre, rec [ 292 1891] 0.8408489542234399 0.8682251062307532 0.8186918077254014
count 61
f1, pre, rec [1557 1588 1811] 0.9392133492252681 0.9358669833729216 0.9425837320574163 418 421
f1, pre, rec [1557 1588 1811] 0.8424614852890436 0.8693339894625921 0.8207228228783853
count 62
f1, pre, rec [ 617 1167] 0.8902147971360382 0.9053398058252428 0.8755868544600939 426 412
f1, pre, rec [ 617 1167] 0.8432316999962532 0.8699147284361832 0.8216077266135742
count 63
f1, pre, rec [ 465 1189 1964] 0.8839390386869871 0.882903981264637 0.8849765258215962 426 427
f1, pre, rec [ 465 1189 1964] 0.8438778482294396 0.870120907052508 0.822613580569257
count 64
f1, pre, rec [996] 0.8348794063079776 0.9336099585062241 0.7550335570469798 298 241
f1, pre, rec [996] 0.8437372475744167 0.8711129234814723 0.8215576427017215
count 65
f1, pre, rec [1490 1583 1692] 0.9428571428571428 0.9383886255924171 0.9473684210526315 418 422
f1, pre, rec [1490 1583 1692] 0.8452621690403048 0.8721479342831792 0.8234931931378893
count 66
f1, pre, rec [  37  745 2263] 0.8409506398537477 0.9236947791164659 0.7718120805369127 298 249
f1, pre, rec [  37  745 2263] 0.8451968428405084 0.8729289470836835 0.8227101459772684
count 67
f1, pre, rec [  76 1961] 0.7752808988764044 0.7645429362880887 0.7863247863247863 351 361
f1, pre, rec [  76 1961] 0.8441533212888054 0.8713112454300179 0.8221670809078283
count 68
f1, pre, rec [1610] 0.9387755102040818 0.9421686746987952 0.9354066985645934 418 415
f1, pre, rec [1610] 0.8455448240669712 0.8723532664486764 0.8238323694027807
count 69
f1, pre, rec [613] 0.6937500000000001 0.7928571428571428 0.6166666666666667 180 140
f1, pre, rec [613] 0.8433448990804934 0.8712011487154658 0.8208299679138515
count 70
f1, pre, rec [1228 2289 2626] 0.8819277108433735 0.9242424242424242 0.8433179723502304 217 198
f1, pre, rec [1228 2289 2626] 0.8438960821056773 0.8719588812229938 0.8211512251200855
count 71
f1, pre, rec [1020 1965] 0.8722891566265061 0.9141414141414141 0.8341013824884793 217 198
f1, pre, rec [1020 1965] 0.8442959845637172 0.8725530014049433 0.8213336217027389
count 72
f1, pre, rec [  91 1810 1916] 0.7932489451476793 0.7833333333333333 0.8034188034188035 351 360
f1, pre, rec [  91 1810 1916] 0.8435869979051611 0.8713138393483931 0.8210848047821286
count 73
f1, pre, rec [1289] 0.8731707317073171 0.927461139896373 0.8248847926267281 217 193
f1, pre, rec [1289] 0.843992254532588 0.8720829804517901 0.8211368594101368
count 74
f1, pre, rec [1274 1762 2474] 0.8737403675163011 0.8481012658227848 0.9009779951100244 818 869
f1, pre, rec [1274 1762 2474] 0.8443942560593949 0.8717589032270738 0.8222157936763516
count 75
f1, pre, rec [483] 0.8709288299155611 0.8595238095238096 0.882640586797066 818 840
f1, pre, rec [483] 0.8447480503774771 0.8715957686443636 0.8230214575846277
count 76
f1, pre, rec [ 467 1149 2455] 0.8992974238875878 0.897196261682243 0.9014084507042254 426 428
f1, pre, rec [ 467 1149 2455] 0.8454658052920838 0.8719326172369672 0.8240528653888329
count 77
f1, pre, rec [437] 0.880195599022005 0.9375 0.8294930875576036 217 192
f1, pre, rec [437] 0.8459168415742906 0.8727841416884352 0.824123517624791
count 78
f1, pre, rec [1880 1989 2227] 0.6946107784431139 0.7532467532467533 0.6444444444444445 180 154
f1, pre, rec [1880 1989 2227] 0.8439770202520961 0.871251611067388 0.8218199397635044
count 79
f1, pre, rec [ 574 1732 2304] 0.8878394332939786 0.8931116389548693 0.8826291079812206 426 421
f1, pre, rec [ 574 1732 2304] 0.8445322406703477 0.8715283202811536 0.8225896760700577
count 80
f1, pre, rec [1448 2010 2211] 0.6909090909090909 0.76 0.6333333333333333 180 150
f1, pre, rec [1448 2010 2211] 0.842611951298332 0.8701342162776392 0.8202239717858488
count 81
f1, pre, rec [ 214 2651] 0.6686217008797654 0.7080745341614907 0.6333333333333333 180 161
f1, pre, rec [ 214 2651] 0.8404639235153868 0.8681334794613905 0.8179166799531018
count 82
f1, pre, rec [ 901 1462] 0.7808417997097242 0.7958579881656804 0.7663817663817664 351 338
f1, pre, rec [ 901 1462] 0.839736824444586 0.867252071030955 0.8172882053973538
count 83
f1, pre, rec [615 944] 0.6990881458966565 0.7718120805369127 0.6388888888888888 180 149
f1, pre, rec [615 944] 0.8380422620524421 0.8661021916274124 0.8151388160418301
count 84
f1, pre, rec [1026 1519 2114] 0.8915094339622641 0.8957345971563981 0.8873239436619719 426 422
f1, pre, rec [1026 1519 2114] 0.8386787760037496 0.8664549583599003 0.8159981627992127
count 85
f1, pre, rec [ 558 2238] 0.8701923076923077 0.9095477386934674 0.8341013824884793 217 199
f1, pre, rec [ 558 2238] 0.8390495234353798 0.8669619322461775 0.8162111418543806
count 86
f1, pre, rec [1283] 0.880195599022005 0.9375 0.8294930875576036 217 192
f1, pre, rec [1283] 0.839527966174759 0.8677821423363382 0.816365583083488
count 87
f1, pre, rec [1918 2301] 0.7859154929577464 0.7771587743732591 0.7948717948717948 351 359
f1, pre, rec [1918 2301] 0.8389117308504255 0.8667404944287166 0.8161185280465719
count 88
f1, pre, rec [360 529] 0.8460111317254174 0.946058091286307 0.7651006711409396 298 241
f1, pre, rec [360 529] 0.8389924058603686 0.8676418307566437 0.8155387796726443
count 89
f1, pre, rec [  73  227 2034] 0.7752808988764044 0.7645429362880887 0.7863247863247863 351 361
f1, pre, rec [  73  227 2034] 0.8382765462313353 0.8664834162120533 0.8152105325563762
count 90
f1, pre, rec [1296 2171] 0.894484412470024 0.9142156862745098 0.8755868544600939 426 408
f1, pre, rec [1296 2171] 0.8389010780784318 0.8670137747683029 0.8158813805775286
count 91
f1, pre, rec [303 413] 0.8771084337349397 0.9191919191919192 0.8387096774193549 217 198
f1, pre, rec [303 413] 0.8393209391296023 0.8675871609707602 0.8161322409823839
count 92
f1, pre, rec [1592 1868] 0.7813822284908322 0.7737430167597765 0.7891737891737892 351 358
f1, pre, rec [1592 1868] 0.8386911705357025 0.8665671159249887 0.8158392143322905
count 93
f1, pre, rec [1607] 0.9376498800959233 0.9399038461538461 0.9354066985645934 418 416
f1, pre, rec [1607] 0.8397552426815114 0.8673556829166967 0.8171248862057561
count 94
f1, pre, rec [1178] 0.8934624697336562 0.9225 0.8661971830985915 426 400
f1, pre, rec [1178] 0.8403265961607895 0.8679423245877957 0.817646931917382
count 95
f1, pre, rec [1948] 0.8745519713261649 0.8551401869158879 0.8948655256723717 818 856
f1, pre, rec [1948] 0.8406868632677935 0.8678075652438809 0.8184597592200661
count 96
f1, pre, rec [1043 1482] 0.8915094339622641 0.8957345971563981 0.8873239436619719 426 422
f1, pre, rec [1043 1482] 0.841216265045861 0.8680984718263028 0.8191770944746692
count 97
f1, pre, rec [1203 1499] 0.8372943327239487 0.9196787148594378 0.7684563758389261 298 249
f1, pre, rec [1203 1499] 0.8411758327538824 0.8686302269091187 0.8186542004681152
count 98
f1, pre, rec [ 963 1947 2656] 0.8714285714285713 0.9014778325123153 0.8433179723502304 217 203
f1, pre, rec [ 963 1947 2656] 0.8414845341689302 0.8689654065581309 0.8189058716097695
count 99
f1, pre, rec [ 949 2117 2539] 0.9428571428571428 0.9383886255924171 0.9473684210526315 418 422
f1, pre, rec [ 949 2117 2539] 0.8425084999132556 0.869666651194841 0.8202034731192933
count 100
f1, pre, rec [623] 0.8401486988847583 0.9416666666666667 0.7583892617449665 298 240
f1, pre, rec [623] 0.8424849019029707 0.8703866513495592 0.81958533100555
F1, Pre, Rec 0.8424849019029707 0.8703866513495592 0.81958533100555
NMI:  0.6202572110064969
ARI:  0.7748262879803282
JAC:  0.7348740522896745
test1 time, avg time 0 0.0
==================================== 0.8723597183699595 0.8493897688911971 0.8607215219851064
test1 time, test1 num 85.13016629219055 100
current best val score (precision, recall, f1score) : 0.8734112997970735 0.8486004098892261 0.8608271161462651
corresponding test1 score (precision, recall, f1score) : 0.8703866513495592 0.81958533100555 0.8424849019029707
19 loss tensor(4.1370, grad_fn=<AddBackward0>)
20 loss tensor(3.9429, grad_fn=<AddBackward0>)
21 loss tensor(3.7797, grad_fn=<AddBackward0>)
22 loss tensor(3.5412, grad_fn=<AddBackward0>)
23 loss tensor(3.5017, grad_fn=<AddBackward0>)
24 loss tensor(3.4315, grad_fn=<AddBackward0>)
25 loss tensor(3.3532, grad_fn=<AddBackward0>)
26 loss tensor(3.2244, grad_fn=<AddBackward0>)
27 loss tensor(3.0542, grad_fn=<AddBackward0>)
28 loss tensor(2.9676, grad_fn=<AddBackward0>)

validation
num  all, output label  270800 40035.222866187985 38547.0
num  all, output_bin label_bin  270800 33228 38547
num  all, output_bin_0.4 label_bin_0.4  270800 37144 38547
iou_thr: 0.05, precision, recall, f1_score : 0.457 0.994 0.626
iou_thr: 0.10, precision, recall, f1_score : 0.593 0.976 0.738
iou_thr: 0.15, precision, recall, f1_score : 0.716 0.958 0.819
iou_thr: 0.20, precision, recall, f1_score : 0.799 0.939 0.864
iou_thr: 0.25, precision, recall, f1_score : 0.857 0.923 0.889
iou_thr: 0.30, precision, recall, f1_score : 0.895 0.904 0.899
iou_thr: 0.35, precision, recall, f1_score : 0.917 0.884 0.900
iou_thr: 0.40, precision, recall, f1_score : 0.937 0.862 0.898
iou_thr: 0.45, precision, recall, f1_score : 0.951 0.844 0.894
iou_thr: 0.50, precision, recall, f1_score : 0.962 0.829 0.890
iou_thr: 0.55, precision, recall, f1_score : 0.969 0.814 0.885
iou_thr: 0.60, precision, recall, f1_score : 0.975 0.801 0.880
iou_thr: 0.65, precision, recall, f1_score : 0.980 0.789 0.874
iou_thr: 0.70, precision, recall, f1_score : 0.983 0.777 0.868
iou_thr: 0.75, precision, recall, f1_score : 0.986 0.759 0.858
iou_thr: 0.80, precision, recall, f1_score : 0.989 0.740 0.846
iou_thr: 0.85, precision, recall, f1_score : 0.992 0.717 0.832
iou_thr: 0.90, precision, recall, f1_score : 0.994 0.687 0.813
iou_thr: 0.95, precision, recall, f1_score : 0.997 0.645 0.783
current best thr  0.35
current val score (precision, recall, f1score) : 0.9171871634718932 0.8838041870962721 0.9001862837061209
count 1
f1, pre, rec [213 824] 0.8519553072625698 0.8356164383561644 0.8689458689458689 351 365
f1, pre, rec [213 824] 0.8519553072625698 0.8356164383561644 0.8689458689458689
count 2
f1, pre, rec [ 954 1610] 0.9569377990430622 0.9569377990430622 0.9569377990430622 418 418
f1, pre, rec [ 954 1610] 0.9044465531528161 0.8962771186996132 0.9129418339944655
count 3
f1, pre, rec [1349 2680] 0.9582836710369488 0.9548693586698337 0.9617224880382775 418 421
f1, pre, rec [1349 2680] 0.9223922591141936 0.9158078653563534 0.9292020520090695
count 4
f1, pre, rec [1812] 0.8623595505617978 0.850415512465374 0.8746438746438746 351 361
f1, pre, rec [1812] 0.9073840819760948 0.8994597771336086 0.9155625076677707
count 5
f1, pre, rec [487] 0.9593301435406698 0.9593301435406698 0.9593301435406698 418 418
f1, pre, rec [487] 0.9177732942890098 0.9114338504150208 0.9243160348423505
count 6
f1, pre, rec [2165] 0.7266881028938906 0.8625954198473282 0.6277777777777778 180 131
f1, pre, rec [2165] 0.8859257623898232 0.903294111987072 0.8748929919982551
count 7
f1, pre, rec [2017] 0.8638838475499092 0.9407114624505929 0.7986577181208053 298 253
f1, pre, rec [2017] 0.8827769174126926 0.908639447767575 0.8640022385871908
count 8
f1, pre, rec [793] 0.929192546583851 0.9444444444444444 0.9144254278728606 818 792
f1, pre, rec [793] 0.8885788710590874 0.9131150723521837 0.8703051372478995
count 9
f1, pre, rec [1448 2000] 0.7238095238095237 0.8444444444444444 0.6333333333333333 180 135
f1, pre, rec [1448 2000] 0.8702711658091359 0.9054850025846571 0.8439749368129478
count 10
f1, pre, rec [ 138 1359 2010] 0.7335423197492164 0.841726618705036 0.65 180 139
f1, pre, rec [ 138 1359 2010] 0.856598281203144 0.899109164196695 0.824577443131653
count 11
f1, pre, rec [1114 1140] 0.9569377990430622 0.9569377990430622 0.9569377990430622 418 418
f1, pre, rec [1114 1140] 0.8657200555522274 0.9043663128190921 0.836610202759963
count 12
f1, pre, rec [1456 1858 2496] 0.9350490196078431 0.9373464373464373 0.9327628361858191 818 814
f1, pre, rec [1456 1858 2496] 0.8714974692235288 0.9071146565297042 0.8446229222121177
count 13
f1, pre, rec [1397 1707 2078] 0.9256505576208178 0.9384422110552764 0.91320293398533 818 796
f1, pre, rec [1397 1707 2078] 0.8756630914079356 0.9095244684162866 0.849898307733134
count 14
f1, pre, rec [1017] 0.7261146496815286 0.8507462686567164 0.6333333333333333 180 134
f1, pre, rec [1017] 0.8649810598560495 0.9053260255763175 0.8344293809902911
count 15
f1, pre, rec [  17  555 2607] 0.8566308243727598 0.9192307692307692 0.802013422818792 298 260
f1, pre, rec [  17  555 2607] 0.8644243774904968 0.9062530084866142 0.8322683171121912
count 16
f1, pre, rec [ 733 1911] 0.7232704402515723 0.8333333333333334 0.6388888888888888 180 138
f1, pre, rec [ 733 1911] 0.855602256413064 0.9016955287895342 0.8201821028482348
count 17
f1, pre, rec [2211] 0.7243589743589745 0.8560606060606061 0.6277777777777778 180 132
f1, pre, rec [2211] 0.8478820633510588 0.8990111215701855 0.808864201373502
count 18
f1, pre, rec [1008 1668] 0.9255784865540962 0.9475032010243278 0.9046454767726161 818 781
f1, pre, rec [1008 1668] 0.852198531306783 0.9017051259843044 0.8141853833401195
count 19
f1, pre, rec [ 811  946 1599] 0.7244582043343654 0.8181818181818182 0.65 180 143
f1, pre, rec [ 811  946 1599] 0.8454753562029715 0.8973091624157524 0.8055440473748501
count 20
f1, pre, rec [1509] 0.9592326139088729 0.9615384615384616 0.9569377990430622 418 416
f1, pre, rec [1509] 0.8511632190882666 0.9005206273718878 0.8131137349582607
count 21
f1, pre, rec [538] 0.9153754469606675 0.9297820823244553 0.9014084507042254 426 413
f1, pre, rec [538] 0.8542209442250476 0.9019140299886766 0.817318245231878
count 22
f1, pre, rec [ 916 1041 2325] 0.915576694411415 0.927710843373494 0.903755868544601 426 415
f1, pre, rec [ 916 1041 2325] 0.8570098419607916 0.9030866124152592 0.821247228109729
count 23
f1, pre, rec [ 358 1367 2552] 0.9265605875152998 0.9276960784313726 0.9254278728606357 818 816
f1, pre, rec [ 358 1367 2552] 0.8600337874196832 0.9041565891985684 0.8257768213597684
count 24
f1, pre, rec [ 441  710 2147] 0.8441379310344828 0.8181818181818182 0.8717948717948718 351 374
f1, pre, rec [ 441  710 2147] 0.8593714600702999 0.9005743070728705 0.8276942401278977
count 25
f1, pre, rec [898] 0.9615384615384616 0.966183574879227 0.9569377990430622 418 414
f1, pre, rec [898] 0.8634581401290262 0.9031986777851247 0.8328639824845042
count 26
f1, pre, rec [1148 2076] 0.7444794952681388 0.8613138686131386 0.6555555555555556 180 137
f1, pre, rec [1148 2076] 0.8588820384036074 0.9015877235862022 0.8260444276026215
count 27
f1, pre, rec [ 912 1132 2482] 0.8395061728395062 0.8095238095238095 0.8717948717948718 351 378
f1, pre, rec [ 912 1132 2482] 0.8581644137530852 0.8981779489912988 0.8277388884986309
count 28
f1, pre, rec [ 609 1847] 0.8457300275482094 0.8186666666666667 0.8746438746438746 351 375
f1, pre, rec [ 609 1847] 0.8577203285314825 0.8953382603368476 0.8294140665752467
count 29
f1, pre, rec [569] 0.8466947960618847 0.8361111111111111 0.8575498575498576 351 360
f1, pre, rec [569] 0.8573401377566688 0.8932959448463049 0.8303842662640265
count 30
f1, pre, rec [2253] 0.8607594936708861 0.9333333333333333 0.7986577181208053 298 255
f1, pre, rec [2253] 0.8574541162871427 0.8946305244625392 0.8293267146592525
count 31
f1, pre, rec [ 876 1143 1368] 0.9581839904420549 0.9570405727923628 0.9593301435406698 418 419
f1, pre, rec [ 876 1143 1368] 0.8607034670663335 0.8966437518280174 0.8335203736554272
count 32
f1, pre, rec [ 671 1157 2703] 0.8703374777975132 0.9245283018867925 0.8221476510067114 298 265
f1, pre, rec [ 671 1157 2703] 0.8610045299016829 0.8975151440173541 0.8331649760726548
count 33
f1, pre, rec [965] 0.9299442033477991 0.9433962264150944 0.9168704156479217 818 795
f1, pre, rec [965] 0.8630936109152015 0.8989054798475886 0.8357015045446325
count 34
f1, pre, rec [ 161 1982 2356] 0.9286157666045934 0.9432534678436317 0.9144254278728606 818 793
f1, pre, rec [ 161 1982 2356] 0.8650207331413601 0.9002098324357075 0.8380169140542864
count 35
f1, pre, rec [ 298 1028] 0.912037037037037 0.9162790697674419 0.9078341013824884 217 215
f1, pre, rec [ 298 1028] 0.866364056109808 0.9006689535023286 0.8400116908350921
count 36
f1, pre, rec [ 801 2006] 0.9069767441860466 0.9154929577464789 0.8986175115207373 217 213
f1, pre, rec [ 801 2006] 0.867492186334148 0.9010807313979993 0.8416396302985822
count 37
f1, pre, rec [ 350 1185 2209] 0.908256880733945 0.9041095890410958 0.9124423963133641 217 219
f1, pre, rec [ 350 1185 2209] 0.8685939348314399 0.9011625924153803 0.8435532185692519
count 38
f1, pre, rec [ 201 2126] 0.8566308243727598 0.9192307692307692 0.802013422818792 298 260
f1, pre, rec [ 201 2126] 0.8682791161351587 0.9016380707526275 0.8424600660495031
count 39
f1, pre, rec [2658] 0.8678571428571429 0.9274809160305344 0.8154362416107382 298 262
f1, pre, rec [2658] 0.8682682963075172 0.9023007078110353 0.8417671474741502
count 40
f1, pre, rec [ 988 1522] 0.9157769869513642 0.9256594724220624 0.9061032863849765 426 417
f1, pre, rec [ 988 1522] 0.8694560135736135 0.902884676926311 0.8433755509469207
count 41
f1, pre, rec [2401] 0.9581839904420549 0.9570405727923628 0.9593301435406698 418 419
f1, pre, rec [2401] 0.8716201105704047 0.9042055524352391 0.8462037117418902
count 42
f1, pre, rec [1026 1743] 0.9183431952662723 0.9260143198090692 0.9107981220657277 426 419
f1, pre, rec [1026 1743] 0.8727325649679253 0.9047248088012827 0.8477416738924578
count 43
f1, pre, rec [ 427 2320] 0.9048723897911833 0.9112149532710281 0.8986175115207373 217 214
f1, pre, rec [ 427 2320] 0.8734800027545127 0.9048757423936024 0.848924832907069
count 44
f1, pre, rec [496] 0.9275541795665635 0.9397741530740276 0.9156479217603912 818 797
f1, pre, rec [496] 0.8747089613184229 0.9056688880908847 0.8504412667446445
count 45
f1, pre, rec [1537 1733] 0.9177592371871276 0.9322033898305084 0.903755868544601 426 413
f1, pre, rec [1537 1733] 0.8756656341155052 0.9062585436850985 0.8516260356735323
count 46
f1, pre, rec [ 207 2081] 0.8541300527240773 0.8966789667896679 0.8154362416107382 298 271
f1, pre, rec [ 207 2081] 0.8751974693026482 0.9060502920134587 0.8508393010199934
count 47
f1, pre, rec [  36  296 2234] 0.9157769869513642 0.9256594724220624 0.9061032863849765 426 417
f1, pre, rec [  36  296 2234] 0.8760608632951741 0.906467508617897 0.8520151304958441
count 48
f1, pre, rec [1328] 0.8410689170182842 0.8305555555555556 0.8518518518518519 351 360
f1, pre, rec [1328] 0.8753318644144055 0.9048860095957649 0.8520117288574277
count 49
f1, pre, rec [2666] 0.9592326139088729 0.9615384615384616 0.9569377990430622 418 416
f1, pre, rec [2666] 0.8770441246081702 0.9060421820843914 0.854153077228563
count 50
f1, pre, rec [ 412 1244] 0.8592057761732851 0.9296875 0.7986577181208053 298 256
f1, pre, rec [ 412 1244] 0.8766873576394724 0.9065150884427036 0.853043170046408
count 51
f1, pre, rec [1256 1457 2651] 0.7654320987654321 0.8611111111111112 0.6888888888888889 180 144
f1, pre, rec [1256 1457 2651] 0.8745058819752755 0.9056248143773783 0.8498244586511625
count 52
f1, pre, rec [2] 0.9095127610208816 0.9158878504672897 0.9032258064516129 217 214
f1, pre, rec [2] 0.8751790911876911 0.9058221804560305 0.850851407647325
count 53
f1, pre, rec [1944] 0.8470254957507082 0.8422535211267606 0.8518518518518519 351 355
f1, pre, rec [1944] 0.8746478912737857 0.9046227717894404 0.8508702839530708
count 54
f1, pre, rec [1177 1927] 0.9353049907578558 0.9428571428571428 0.9278728606356969 818 805
f1, pre, rec [1177 1927] 0.875771170893861 0.9053308156981016 0.8522962575953417
count 55
f1, pre, rec [123 124] 0.9074074074074074 0.9116279069767442 0.9032258064516129 217 215
f1, pre, rec [123 124] 0.8763463751941073 0.9054453082668042 0.8532222493927285
count 56
f1, pre, rec [1104] 0.9306071871127634 0.9434673366834171 0.9180929095354523 818 796
f1, pre, rec [1104] 0.8773153182640833 0.906124273059958 0.8543806540381343
count 57
f1, pre, rec [2418] 0.8637992831541218 0.926923076923077 0.8087248322147651 298 260
f1, pre, rec [2418] 0.8770781948411015 0.9064891643558022 0.8535796747078997
count 58
f1, pre, rec [ 179 1091] 0.7358490566037735 0.8478260869565217 0.65 180 138
f1, pre, rec [ 179 1091] 0.8746432096990787 0.9054777319868491 0.8500696803163842
count 59
f1, pre, rec [2489] 0.9604790419161676 0.9616306954436451 0.9593301435406698 418 417
f1, pre, rec [2489] 0.8760980543129276 0.9064294771301846 0.8519215525744229
count 60
f1, pre, rec [ 292 1891] 0.9311841289522629 0.9446540880503145 0.9180929095354523 818 795
f1, pre, rec [ 292 1891] 0.8770161555569165 0.9070665539788535 0.8530244085237734
count 61
f1, pre, rec [1557 1588 1811] 0.9571428571428572 0.95260663507109 0.9617224880382775 418 422
f1, pre, rec [1557 1588 1811] 0.8783297080419319 0.9078131126852835 0.8548063442535194
count 62
f1, pre, rec [ 617 1167] 0.9194312796208531 0.9282296650717703 0.9107981220657277 426 418
f1, pre, rec [ 617 1167] 0.8789926366157854 0.9081424119173237 0.8557094374440388
count 63
f1, pre, rec [ 465 1189 1964] 0.9166666666666666 0.9299516908212561 0.903755868544601 426 414
f1, pre, rec [ 465 1189 1964] 0.8795906370927835 0.9084885909475447 0.8564720792075399
count 64
f1, pre, rec [996] 0.8623188405797101 0.937007874015748 0.7986577181208053 298 254
f1, pre, rec [996] 0.8793207652722668 0.9089342047454855 0.8555687298155596
count 65
f1, pre, rec [1490 1583 1692] 0.9569377990430622 0.9569377990430622 0.9569377990430622 418 418
f1, pre, rec [1490 1583 1692] 0.8805148734841252 0.9096727215808328 0.8571282539575212
count 66
f1, pre, rec [  37  745 2263] 0.8586762075134168 0.9195402298850575 0.8053691275167785 298 261
f1, pre, rec [  37  745 2263] 0.8801839846057811 0.909822229282412 0.856344024769025
count 67
f1, pre, rec [  76 1961] 0.8342541436464089 0.8096514745308311 0.8603988603988604 351 373
f1, pre, rec [  76 1961] 0.8794984645914622 0.9083271433905973 0.8564045447037987
count 68
f1, pre, rec [1610] 0.9592326139088729 0.9615384615384616 0.9569377990430622 418 416
f1, pre, rec [1610] 0.8806710256108359 0.9091096627751247 0.8578829749146702
count 69
f1, pre, rec [613] 0.7290322580645161 0.8692307692307693 0.6277777777777778 180 130
f1, pre, rec [613] 0.878473362313063 0.9085317077962209 0.8545481169851501
count 70
f1, pre, rec [1228 2289 2626] 0.9044289044289044 0.9150943396226415 0.8940092165898618 217 212
f1, pre, rec [1228 2289 2626] 0.8788441557718608 0.9086254596794555 0.8551118469795032
count 71
f1, pre, rec [1020 1965] 0.9044289044289044 0.9150943396226415 0.8940092165898618 217 212
f1, pre, rec [1020 1965] 0.8792045043444953 0.9087165706645709 0.8556596972557055
count 72
f1, pre, rec [  91 1810 1916] 0.85595567867036 0.8328840970350404 0.8803418803418803 351 371
f1, pre, rec [  91 1810 1916] 0.87888160398791 0.9076633418641608 0.8560025053541245
count 73
f1, pre, rec [1289] 0.8997668997668997 0.910377358490566 0.8894009216589862 217 212
f1, pre, rec [1289] 0.8791677039300879 0.9077005201741114 0.8564600179062459
count 74
f1, pre, rec [1274 1762 2474] 0.9283065512978986 0.93875 0.9180929095354523 818 800
f1, pre, rec [1274 1762 2474] 0.8798317424080313 0.9081201077393262 0.8572928948201541
count 75
f1, pre, rec [483] 0.9291044776119401 0.9455696202531646 0.91320293398533 818 790
f1, pre, rec [483] 0.8804887122107501 0.908619434572844 0.8580383620090231
count 76
f1, pre, rec [ 467 1149 2455] 0.92 0.9221698113207547 0.9178403755868545 426 424
f1, pre, rec [ 467 1149 2455] 0.8810085975763982 0.9087977290037376 0.8588252306087313
count 77
f1, pre, rec [437] 0.9065420560747665 0.919431279620853 0.8940092165898618 217 211
f1, pre, rec [437] 0.8813402009335198 0.9089358270637001 0.8592821654916032
count 78
f1, pre, rec [1880 1989 2227] 0.7289719626168223 0.8297872340425532 0.65 180 141
f1, pre, rec [1880 1989 2227] 0.8793867619807417 0.907921101512147 0.8565990608058135
count 79
f1, pre, rec [ 574 1732 2304] 0.9196217494089834 0.9261904761904762 0.9131455399061033 426 420
f1, pre, rec [ 574 1732 2304] 0.879896065619074 0.9081523594194676 0.8573148390222728
count 80
f1, pre, rec [1448 2010 2211] 0.7358490566037735 0.8478260869565217 0.65 180 138
f1, pre, rec [1448 2010 2211] 0.8780954780063827 0.9073982810136807 0.8547234035344944
count 81
f1, pre, rec [ 214 2651] 0.7112462006079027 0.785234899328859 0.65 180 149
f1, pre, rec [ 214 2651] 0.8760356103841792 0.9058900911163371 0.8521959541081428
count 82
f1, pre, rec [ 901 1462] 0.8483146067415731 0.8365650969529086 0.8603988603988604 351 361
f1, pre, rec [ 901 1462] 0.8756975493641473 0.9050446643582466 0.8522959895507124
count 83
f1, pre, rec [615 944] 0.7272727272727273 0.8345323741007195 0.6444444444444445 180 139
f1, pre, rec [615 944] 0.8739092984955761 0.9041951186924932 0.8497917540675044
count 84
f1, pre, rec [1026 1519 2114] 0.9159763313609467 0.9236276849642004 0.9084507042253521 426 419
f1, pre, rec [1026 1519 2114] 0.8744100965058782 0.9044264587671564 0.850490074902717
count 85
f1, pre, rec [ 558 2238] 0.9048723897911833 0.9112149532710281 0.8986175115207373 217 214
f1, pre, rec [ 558 2238] 0.8747684764268817 0.9045063234083784 0.8510562800393996
count 86
f1, pre, rec [1283] 0.9090909090909091 0.9198113207547169 0.8986175115207373 217 212
f1, pre, rec [1283] 0.8751675744811146 0.904684288493801 0.851609317614764
count 87
f1, pre, rec [1918 2301] 0.8432732316227463 0.8216216216216217 0.8660968660968661 351 370
f1, pre, rec [1918 2301] 0.8748009728390643 0.9037295451964196 0.8517758411605353
count 88
f1, pre, rec [360 529] 0.8623188405797101 0.937007874015748 0.7986577181208053 298 254
f1, pre, rec [360 529] 0.8746591304270261 0.9041077080239119 0.851172226125993
count 89
f1, pre, rec [  73  227 2034] 0.8361111111111111 0.8157181571815718 0.8575498575498576 351 369
f1, pre, rec [  73  227 2034] 0.8742260066144878 0.9031145670032116 0.8512438849060363
count 90
f1, pre, rec [1296 2171] 0.9192399049881236 0.9302884615384616 0.9084507042253521 426 416
f1, pre, rec [1296 2171] 0.8747261610408614 0.9034164991647143 0.8518795162318066
count 91
f1, pre, rec [303 413] 0.9023255813953488 0.9107981220657277 0.8940092165898618 217 213
f1, pre, rec [303 413] 0.8750294513744272 0.9034976158998903 0.8523424799720051
count 92
f1, pre, rec [1592 1868] 0.8500000000000001 0.8292682926829268 0.8717948717948718 351 369
f1, pre, rec [1592 1868] 0.8747573921203573 0.9026907754301408 0.852553919013558
count 93
f1, pre, rec [1607] 0.9603841536614646 0.963855421686747 0.9569377990430622 418 415
f1, pre, rec [1607] 0.8756781099863907 0.9033484597984913 0.8536763263257032
count 94
f1, pre, rec [1178] 0.9210526315789473 0.9390243902439024 0.903755868544601 426 410
f1, pre, rec [1178] 0.8761608176629072 0.9037279909734425 0.8542090874131384
count 95
f1, pre, rec [1948] 0.9331683168316831 0.9448621553884712 0.921760391198044 818 798
f1, pre, rec [1948] 0.8767608966015259 0.9041609821778113 0.854920153768769
count 96
f1, pre, rec [1043 1482] 0.915576694411415 0.927710843373494 0.903755868544601 426 415
f1, pre, rec [1043 1482] 0.8771652278287122 0.9044062932319329 0.8554288591310173
count 97
f1, pre, rec [1203 1499] 0.8602150537634408 0.9230769230769231 0.8053691275167785 298 260
f1, pre, rec [1203 1499] 0.8769904837661837 0.9045987739519843 0.8549127794236541
count 98
f1, pre, rec [ 963 1947 2656] 0.9006928406466511 0.9027777777777778 0.8986175115207373 217 216
f1, pre, rec [ 963 1947 2656] 0.8772323445506782 0.90458019235837 0.855358746077706
count 99
f1, pre, rec [ 949 2117 2539] 0.9569377990430622 0.9569377990430622 0.9569377990430622 418 418
f1, pre, rec [ 949 2117 2539] 0.8780374501516114 0.9051090570723567 0.85638479711776
count 100
f1, pre, rec [623] 0.8638838475499092 0.9407114624505929 0.7986577181208053 298 253
f1, pre, rec [623] 0.8778959141255944 0.9054650811261391 0.8558075263277906
F1, Pre, Rec 0.8778959141255944 0.9054650811261391 0.8558075263277906
NMI:  0.6922281285986756
ARI:  0.8291327125665066
JAC:  0.7892489828982419
test1 time, avg time 0 0.0
==================================== 0.9172508628127696 0.8833809400155803 0.8999973544273657
test1 time, test1 num 85.66547346115112 100
current best val score (precision, recall, f1score) : 0.9171871634718932 0.8838041870962721 0.9001862837061209
corresponding test1 score (precision, recall, f1score) : 0.9054650811261391 0.8558075263277906 0.8778959141255944
29 loss tensor(2.8099, grad_fn=<AddBackward0>)
30 loss tensor(2.8336, grad_fn=<AddBackward0>)
31 loss tensor(2.7796, grad_fn=<AddBackward0>)
32 loss tensor(2.6266, grad_fn=<AddBackward0>)
33 loss tensor(2.5254, grad_fn=<AddBackward0>)
34 loss tensor(2.5101, grad_fn=<AddBackward0>)
35 loss tensor(2.4147, grad_fn=<AddBackward0>)
36 loss tensor(2.3595, grad_fn=<AddBackward0>)
37 loss tensor(2.3411, grad_fn=<AddBackward0>)
38 loss tensor(2.2016, grad_fn=<AddBackward0>)

validation
num  all, output label  270800 38052.82250910333 38547.0
num  all, output_bin label_bin  270800 33994 38547
num  all, output_bin_0.4 label_bin_0.4  270800 36497 38547
iou_thr: 0.05, precision, recall, f1_score : 0.576 0.997 0.730
iou_thr: 0.10, precision, recall, f1_score : 0.704 0.991 0.823
iou_thr: 0.15, precision, recall, f1_score : 0.808 0.969 0.881
iou_thr: 0.20, precision, recall, f1_score : 0.878 0.951 0.913
iou_thr: 0.25, precision, recall, f1_score : 0.918 0.940 0.929
iou_thr: 0.30, precision, recall, f1_score : 0.945 0.926 0.935
iou_thr: 0.35, precision, recall, f1_score : 0.961 0.910 0.935
iou_thr: 0.40, precision, recall, f1_score : 0.970 0.892 0.929
iou_thr: 0.45, precision, recall, f1_score : 0.977 0.882 0.927
iou_thr: 0.50, precision, recall, f1_score : 0.982 0.866 0.921
iou_thr: 0.55, precision, recall, f1_score : 0.988 0.854 0.916
iou_thr: 0.60, precision, recall, f1_score : 0.990 0.841 0.910
iou_thr: 0.65, precision, recall, f1_score : 0.992 0.827 0.902
iou_thr: 0.70, precision, recall, f1_score : 0.993 0.812 0.893
iou_thr: 0.75, precision, recall, f1_score : 0.995 0.793 0.883
iou_thr: 0.80, precision, recall, f1_score : 0.996 0.770 0.868
iou_thr: 0.85, precision, recall, f1_score : 0.996 0.746 0.853
iou_thr: 0.90, precision, recall, f1_score : 0.997 0.715 0.833
iou_thr: 0.95, precision, recall, f1_score : 0.998 0.667 0.800
current best thr  0.3
current val score (precision, recall, f1score) : 0.9451829881891849 0.9259345733779542 0.9354597753869138
count 1
f1, pre, rec [213 824] 0.9191489361702128 0.9152542372881356 0.9230769230769231 351 354
f1, pre, rec [213 824] 0.9191489361702128 0.9152542372881356 0.9230769230769231
count 2
f1, pre, rec [ 954 1610] 0.9702734839476814 0.9645390070921985 0.9760765550239234 418 423
f1, pre, rec [ 954 1610] 0.9447112100589471 0.939896622190167 0.9495767390504233
count 3
f1, pre, rec [1349 2680] 0.970344009489917 0.9623529411764706 0.9784688995215312 418 425
f1, pre, rec [1349 2680] 0.953255476535937 0.9473820618522683 0.9592074592074592
count 4
f1, pre, rec [1812] 0.9235209235209235 0.935672514619883 0.9116809116809117 351 342
f1, pre, rec [1812] 0.9458218382821837 0.9444546750441719 0.9473258223258223
count 5
f1, pre, rec [487] 0.9714285714285714 0.966824644549763 0.9760765550239234 418 422
f1, pre, rec [487] 0.9509431849114612 0.9489286689452902 0.9530759688654425
count 6
f1, pre, rec [2165] 0.7712418300653594 0.9365079365079365 0.6555555555555556 180 126
f1, pre, rec [2165] 0.9209929591037777 0.9468585468723979 0.9034892333137948
count 7
f1, pre, rec [2017] 0.8844765342960288 0.95703125 0.8221476510067114 298 256
f1, pre, rec [2017] 0.915776326988385 0.948311790176341 0.8918690072699257
count 8
f1, pre, rec [793] 0.9655172413793103 0.9398148148148148 0.9926650366748166 818 864
f1, pre, rec [793] 0.9219939412872507 0.9472496682561503 0.904468510945537
count 9
f1, pre, rec [1448 2000] 0.7727272727272727 0.9296875 0.6611111111111111 180 128
f1, pre, rec [1448 2000] 0.9054087558916977 0.9452983162276891 0.8774287998528231
count 10
f1, pre, rec [ 138 1359 2010] 0.7777777777777777 0.9444444444444444 0.6611111111111111 180 126
f1, pre, rec [ 138 1359 2010] 0.8926456580803055 0.9452129290493646 0.8557970309786519
count 11
f1, pre, rec [1114 1140] 0.9702734839476814 0.9645390070921985 0.9760765550239234 418 423
f1, pre, rec [1114 1140] 0.8997027331591578 0.9469698452350769 0.8667315331645856
count 12
f1, pre, rec [1456 1858 2496] 0.965026674570243 0.9367088607594937 0.9951100244498777 818 869
f1, pre, rec [1456 1858 2496] 0.905146394943415 0.9461147631954449 0.8774297407716932
count 13
f1, pre, rec [1397 1707 2078] 0.9666666666666668 0.9419953596287703 0.9926650366748166 818 862
f1, pre, rec [1397 1707 2078] 0.9098787235375112 0.9457978859980083 0.8862939943027027
count 14
f1, pre, rec [1017] 0.7777777777777777 0.9444444444444444 0.6611111111111111 180 126
f1, pre, rec [1017] 0.9004429416975304 0.9457012116013253 0.8702095026461605
count 15
f1, pre, rec [  17  555 2607] 0.88339222614841 0.9328358208955224 0.8389261744966443 298 268
f1, pre, rec [  17  555 2607] 0.8993062273275889 0.9448435188876051 0.8681239474361927
count 16
f1, pre, rec [ 733 1911] 0.7687296416938111 0.9291338582677166 0.6555555555555556 180 127
f1, pre, rec [ 733 1911] 0.8911451907254778 0.943861665098862 0.8548384229436529
count 17
f1, pre, rec [2211] 0.7763157894736842 0.9516129032258065 0.6555555555555556 180 124
f1, pre, rec [2211] 0.8843905200636076 0.9443176202828001 0.8431159013325883
count 18
f1, pre, rec [1008 1668] 0.9672033392963625 0.9441210710128056 0.991442542787286 818 859
f1, pre, rec [1008 1668] 0.8889912322432052 0.9443067008789114 0.8513562703022938
count 19
f1, pre, rec [ 811  946 1599] 0.7766990291262136 0.9302325581395349 0.6666666666666666 180 129
f1, pre, rec [ 811  946 1599] 0.8830811162896793 0.9435659565242075 0.841635764847787
count 20
f1, pre, rec [1509] 0.9714285714285714 0.966824644549763 0.9760765550239234 418 422
f1, pre, rec [1509] 0.8874984890466239 0.9447288909254853 0.8483578043565938
count 21
f1, pre, rec [538] 0.9519230769230769 0.9753694581280788 0.9295774647887324 426 406
f1, pre, rec [538] 0.8905663265645503 0.9461879655541802 0.8522254072343147
count 22
f1, pre, rec [ 916 1041 2325] 0.947242206235012 0.9681372549019608 0.9272300469483568 426 408
f1, pre, rec [ 916 1041 2325] 0.8931425029132075 0.9471856605245339 0.8556347090394983
count 23
f1, pre, rec [ 358 1367 2552] 0.9621301775147929 0.9323394495412844 0.9938875305623472 818 872
f1, pre, rec [ 358 1367 2552] 0.89614196702632 0.9465401730904796 0.8616457012796223
count 24
f1, pre, rec [ 441  710 2147] 0.9142053445850914 0.9027777777777778 0.9259259259259259 351 360
f1, pre, rec [ 441  710 2147] 0.8968946077579355 0.9447167399524504 0.8643240439732183
count 25
f1, pre, rec [898] 0.9714285714285714 0.966824644549763 0.9760765550239234 418 422
f1, pre, rec [898] 0.8998759663047609 0.9456010561363429 0.8687941444152465
count 26
f1, pre, rec [1148 2076] 0.83125 0.95 0.7388888888888889 180 140
f1, pre, rec [1148 2076] 0.8972365060622701 0.9457702462849451 0.8637977884334636
count 27
f1, pre, rec [ 912 1132 2482] 0.9131652661064426 0.8980716253443526 0.9287749287749287 351 363
f1, pre, rec [ 912 1132 2482] 0.8978264601379803 0.9440036306945528 0.8662043491868511
count 28
f1, pre, rec [ 609 1847] 0.9153952843273232 0.8918918918918919 0.9401709401709402 351 370
f1, pre, rec [ 609 1847] 0.8984539181447425 0.9421424971658864 0.8688460131505685
count 29
f1, pre, rec [569] 0.9213161659513591 0.9252873563218391 0.9173789173789174 351 348
f1, pre, rec [569] 0.8992422715173846 0.9415612854126433 0.8705195615722359
count 30
f1, pre, rec [2253] 0.8896925858951176 0.9647058823529412 0.825503355704698 298 255
f1, pre, rec [2253] 0.898923948663309 0.9423327719773199 0.8690190213766512
count 31
f1, pre, rec [ 876 1143 1368] 0.9691943127962085 0.960093896713615 0.9784688995215312 418 426
f1, pre, rec [ 876 1143 1368] 0.90119073460308 0.9429057114849424 0.8725496626071312
count 32
f1, pre, rec [ 671 1157 2703] 0.8842105263157894 0.9264705882352942 0.8456375838926175 298 272
f1, pre, rec [ 671 1157 2703] 0.9006601030941022 0.9423921138833908 0.8717086601473026
count 33
f1, pre, rec [965] 0.9660916121356335 0.9409038238702202 0.9926650366748166 818 863
f1, pre, rec [965] 0.9026428760953608 0.942347014186022 0.8753740048905607
count 34
f1, pre, rec [ 161 1982 2356] 0.967857142857143 0.9431554524361949 0.9938875305623472 818 862
f1, pre, rec [ 161 1982 2356] 0.9045609427648249 0.9423707917816154 0.8788596968220839
count 35
f1, pre, rec [ 298 1028] 0.9252336448598131 0.9383886255924171 0.9124423963133641 217 211
f1, pre, rec [ 298 1028] 0.9051515913961102 0.9422570156047811 0.8798192025218347
count 36
f1, pre, rec [ 801 2006] 0.9274004683840749 0.9428571428571428 0.9124423963133641 217 210
f1, pre, rec [ 801 2006] 0.9057696157568871 0.9422736858062356 0.8807254023493771
count 37
f1, pre, rec [ 350 1185 2209] 0.9259259259259259 0.9302325581395349 0.9216589861751152 217 215
f1, pre, rec [ 350 1185 2209] 0.9063143808965908 0.9419482499233519 0.8818317154257485
count 38
f1, pre, rec [ 201 2126] 0.8807017543859649 0.9227941176470589 0.8422818791946308 298 272
f1, pre, rec [ 201 2126] 0.905640364409469 0.9414441938108178 0.8807909302617717
count 39
f1, pre, rec [2658] 0.8912655971479501 0.9505703422053232 0.8389261744966443 298 263
f1, pre, rec [2658] 0.9052717806335326 0.9416781976158052 0.8797174749857427
count 40
f1, pre, rec [ 988 1522] 0.9483793517406962 0.9705159705159705 0.9272300469483568 426 407
f1, pre, rec [ 988 1522] 0.9063494699112118 0.9423991419383093 0.8809052892848082
count 41
f1, pre, rec [2401] 0.9714285714285714 0.966824644549763 0.9760765550239234 418 422
f1, pre, rec [2401] 0.9079367650701717 0.9429948859044422 0.8832265396686889
count 42
f1, pre, rec [1026 1743] 0.9531812725090036 0.9754299754299754 0.931924882629108 426 407
f1, pre, rec [1026 1743] 0.9090140152472868 0.9437671499407644 0.8843860240248895
count 43
f1, pre, rec [ 427 2320] 0.9274004683840749 0.9428571428571428 0.9124423963133641 217 210
f1, pre, rec [ 427 2320] 0.9094416071807004 0.9437459869853314 0.8850384977990401
count 44
f1, pre, rec [496] 0.9654761904761905 0.9408352668213457 0.991442542787286 818 862
f1, pre, rec [496] 0.9107151204374161 0.9436798342543317 0.8874567715487729
count 45
f1, pre, rec [1537 1733] 0.9496402877697842 0.9705882352941176 0.9295774647887324 426 408
f1, pre, rec [1537 1733] 0.911580124155913 0.9442777987218824 0.8883927869541054
count 46
f1, pre, rec [ 207 2081] 0.8745644599303135 0.9094202898550725 0.8422818791946308 298 276
f1, pre, rec [ 207 2081] 0.9107754358031827 0.9435200267899952 0.8873903759158559
count 47
f1, pre, rec [  36  296 2234] 0.9496402877697842 0.9705882352941176 0.9295774647887324 426 408
f1, pre, rec [  36  296 2234] 0.9116023475471527 0.9440959461198701 0.8882879735514492
count 48
f1, pre, rec [1328] 0.9169054441260744 0.9221902017291066 0.9116809116809117 351 347
f1, pre, rec [1328] 0.9117128287258803 0.9436395764450626 0.8887753264291463
count 49
f1, pre, rec [2666] 0.9702734839476814 0.9645390070921985 0.9760765550239234 418 423
f1, pre, rec [2666] 0.91290794413857 0.9440660954378614 0.8905569841555703
count 50
f1, pre, rec [ 412 1244] 0.8833034111310594 0.9498069498069498 0.825503355704698 298 259
f1, pre, rec [ 412 1244] 0.9123158534784198 0.944180912525243 0.8892559115865528
count 51
f1, pre, rec [1256 1457 2651] 0.8359133126934983 0.9440559440559441 0.75 180 143
f1, pre, rec [1256 1457 2651] 0.9108177644434214 0.9441784621631 0.8865254035162282
count 52
f1, pre, rec [2] 0.9252336448598131 0.9383886255924171 0.9124423963133641 217 211
f1, pre, rec [2] 0.9110949929129675 0.9440671191521253 0.8870238072238655
count 53
f1, pre, rec [1944] 0.92507204610951 0.9358600583090378 0.9145299145299145 351 343
f1, pre, rec [1944] 0.911358710897808 0.9439122689475388 0.8875427903805834
count 54
f1, pre, rec [1177 1927] 0.9666666666666668 0.9419953596287703 0.9926650366748166 818 862
f1, pre, rec [1177 1927] 0.912382932300935 0.9438767706268208 0.8894894986452914
count 55
f1, pre, rec [123 124] 0.9277389277389277 0.9386792452830188 0.9170506912442397 217 212
f1, pre, rec [123 124] 0.9126621322179894 0.9437822701660245 0.8899906112379996
count 56
f1, pre, rec [1104] 0.9672813801308745 0.9420625724217845 0.9938875305623472 818 863
f1, pre, rec [1104] 0.9136374759307195 0.9437515612777344 0.8918459133687915
count 57
f1, pre, rec [2418] 0.8872987477638641 0.9501915708812261 0.8322147651006712 298 261
f1, pre, rec [2418] 0.9131753929804238 0.9438645439023571 0.8907997528728596
count 58
f1, pre, rec [ 179 1091] 0.7806451612903226 0.9307692307692308 0.6722222222222223 180 130
f1, pre, rec [ 179 1091] 0.9108903889857669 0.9436387626414411 0.8870311747581935
count 59
f1, pre, rec [2489] 0.9726516052318669 0.966903073286052 0.9784688995215312 418 423
f1, pre, rec [2489] 0.9119371892611245 0.9440330729913498 0.8885809667033348
count 60
f1, pre, rec [ 292 1891] 0.966131907308378 0.9398843930635838 0.9938875305623472 818 865
f1, pre, rec [ 292 1891] 0.9128404345619122 0.943963928325887 0.890336076100985
count 61
f1, pre, rec [1557 1588 1811] 0.9692671394799054 0.9579439252336449 0.9808612440191388 418 428
f1, pre, rec [1557 1588 1811] 0.9137654625113875 0.9441931086030634 0.8918200952471842
count 62
f1, pre, rec [ 617 1167] 0.9473684210526314 0.9658536585365853 0.9295774647887324 426 410
f1, pre, rec [ 617 1167] 0.9143074457136655 0.9445424723116685 0.8924290850784996
count 63
f1, pre, rec [ 465 1189 1964] 0.946236559139785 0.9635036496350365 0.9295774647887324 426 411
f1, pre, rec [ 465 1189 1964] 0.9148142570378897 0.9448434433802935 0.893018741899297
count 64
f1, pre, rec [996] 0.8844765342960288 0.95703125 0.8221476510067114 298 256
f1, pre, rec [996] 0.9143402301200481 0.9450338778587264 0.8919113811041003
count 65
f1, pre, rec [1490 1583 1692] 0.970344009489917 0.9623529411764706 0.9784688995215312 418 425
f1, pre, rec [1490 1583 1692] 0.9152018267257382 0.9453003249866917 0.8932430352335992
count 66
f1, pre, rec [  37  745 2263] 0.8809946714031972 0.9358490566037736 0.8322147651006712 298 265
f1, pre, rec [  37  745 2263] 0.9146835364935786 0.9451571239505868 0.8923183644740095
count 67
f1, pre, rec [  76 1961] 0.9124293785310734 0.9047619047619048 0.9202279202279202 351 357
f1, pre, rec [  76 1961] 0.9146498923448844 0.9445542102313528 0.89273492500765
count 68
f1, pre, rec [1610] 0.9714285714285714 0.966824644549763 0.9760765550239234 418 422
f1, pre, rec [1610] 0.9154848729196444 0.9448817166183882 0.8939605372137716
count 69
f1, pre, rec [613] 0.7788778877887789 0.959349593495935 0.6555555555555556 180 123
f1, pre, rec [613] 0.9135050615409362 0.945091395993425 0.8905053925520583
count 70
f1, pre, rec [1228 2289 2626] 0.9230769230769231 0.9339622641509434 0.9124423963133641 217 212
f1, pre, rec [1228 2289 2626] 0.9136418024200218 0.9449324083956754 0.890818778320077
count 71
f1, pre, rec [1020 1965] 0.9277389277389277 0.9386792452830188 0.9170506912442397 217 212
f1, pre, rec [1020 1965] 0.9138403534808514 0.9448443356757786 0.8911882418823892
count 72
f1, pre, rec [  91 1810 1916] 0.9180790960451978 0.9103641456582633 0.9259259259259259 351 357
f1, pre, rec [  91 1810 1916] 0.9138992249053562 0.9443654441477576 0.8916707097163273
count 73
f1, pre, rec [1289] 0.9223529411764706 0.9423076923076923 0.9032258064516129 217 208
f1, pre, rec [1289] 0.9140150292378373 0.9443372557663869 0.8918289987127012
count 74
f1, pre, rec [1274 1762 2474] 0.9619952494061759 0.9353348729792148 0.9902200488997555 818 866
f1, pre, rec [1274 1762 2474] 0.9146634105914634 0.9442156019449386 0.8931586074990127
count 75
f1, pre, rec [483] 0.966626936829559 0.9430232558139535 0.991442542787286 818 860
f1, pre, rec [483] 0.9153562576079713 0.9441997039965254 0.894469059969523
count 76
f1, pre, rec [ 467 1149 2455] 0.9571428571428571 0.9710144927536232 0.9436619718309859 426 414
f1, pre, rec [ 467 1149 2455] 0.9159060812860619 0.944552530164382 0.895116335125595
count 77
f1, pre, rec [437] 0.9176470588235295 0.9375 0.8986175115207373 217 208
f1, pre, rec [437] 0.9159286913839512 0.9444609388635459 0.8951618049489085
count 78
f1, pre, rec [1880 1989 2227] 0.7809523809523808 0.9111111111111111 0.6833333333333333 180 135
f1, pre, rec [1880 1989 2227] 0.9141982258655977 0.9440333769692839 0.8924460553128114
count 79
f1, pre, rec [ 574 1732 2304] 0.9487485101311084 0.9636803874092009 0.9342723004694836 426 413
f1, pre, rec [ 574 1732 2304] 0.9146355712360472 0.9442820733039664 0.8929755014540351
count 80
f1, pre, rec [1448 2010 2211] 0.7817589576547231 0.9448818897637795 0.6666666666666666 180 127
f1, pre, rec [1448 2010 2211] 0.9129746135662806 0.944289571009714 0.8901466410191932
count 81
f1, pre, rec [ 214 2651] 0.7577639751552795 0.8591549295774648 0.6777777777777778 180 142
f1, pre, rec [ 214 2651] 0.9110584328451572 0.9432385260537605 0.8875248032013978
count 82
f1, pre, rec [ 901 1462] 0.9197707736389685 0.9250720461095101 0.9145299145299145 351 347
f1, pre, rec [ 901 1462] 0.9111646809036184 0.9430169836154159 0.8878541338273553
count 83
f1, pre, rec [615 944] 0.7727272727272727 0.9296875 0.6611111111111111 180 128
f1, pre, rec [615 944] 0.9094967603231804 0.9428563874272783 0.8851222901801716
count 84
f1, pre, rec [1026 1519 2114] 0.9496402877697842 0.9705882352941176 0.9295774647887324 426 408
f1, pre, rec [1026 1519 2114] 0.9099746594594494 0.9431865284733121 0.8856515184493212
count 85
f1, pre, rec [ 558 2238] 0.9205607476635513 0.933649289099526 0.9078341013824884 217 211
f1, pre, rec [ 558 2238] 0.9100992016736155 0.9430743256571498 0.8859124900132409
count 86
f1, pre, rec [1283] 0.9320843091334895 0.9476190476190476 0.9170506912442397 217 210
f1, pre, rec [1283] 0.9103548424580326 0.9431271712613579 0.8862745621205781
count 87
f1, pre, rec [1918 2301] 0.9124293785310734 0.9047619047619048 0.9202279202279202 351 357
f1, pre, rec [1918 2301] 0.9103786877002514 0.9426861911866514 0.8866648306045705
count 88
f1, pre, rec [360 529] 0.8785714285714287 0.9389312977099237 0.825503355704698 298 262
f1, pre, rec [360 529] 0.9100172415737876 0.9426435219425978 0.8859698138443446
count 89
f1, pre, rec [  73  227 2034] 0.9124293785310734 0.9047619047619048 0.9202279202279202 351 357
f1, pre, rec [  73  227 2034] 0.9100443442362289 0.9422178857945 0.8863547363879802
count 90
f1, pre, rec [1296 2171] 0.9495192307692307 0.9729064039408867 0.9272300469483568 426 406
f1, pre, rec [1296 2171] 0.9104829540865956 0.9425588693294599 0.8868089065053177
count 91
f1, pre, rec [303 413] 0.9230769230769231 0.9339622641509434 0.9124423963133641 217 212
f1, pre, rec [303 413] 0.9106213493502255 0.942464401140685 0.8870905932065051
count 92
f1, pre, rec [1592 1868] 0.9113924050632911 0.9 0.9230769230769231 351 360
f1, pre, rec [1592 1868] 0.910629730390585 0.9420028315630689 0.8874817489659661
count 93
f1, pre, rec [1607] 0.9725864123957092 0.9691211401425178 0.9760765550239234 418 421
f1, pre, rec [1607] 0.9112959312723606 0.942294426278977 0.88843438128917
count 94
f1, pre, rec [1178] 0.9531812725090036 0.9754299754299754 0.931924882629108 426 407
f1, pre, rec [1178] 0.9117415200089206 0.9426469321210089 0.8888970461970416
count 95
f1, pre, rec [1948] 0.9672033392963625 0.9441210710128056 0.991442542787286 818 859
f1, pre, rec [1948] 0.9123253286329989 0.9426624493725014 0.8899764724769389
count 96
f1, pre, rec [1043 1482] 0.9474940334128878 0.9635922330097088 0.931924882629108 426 412
f1, pre, rec [1043 1482] 0.9126916693077894 0.9428804679520556 0.8904134350826906
count 97
f1, pre, rec [1203 1499] 0.8756567425569176 0.9157509157509157 0.8389261744966443 298 273
f1, pre, rec [1203 1499] 0.9123098659392237 0.9426007818468893 0.8898826385818036
count 98
f1, pre, rec [ 963 1947 2656] 0.9230769230769231 0.9339622641509434 0.9124423963133641 217 212
f1, pre, rec [ 963 1947 2656] 0.9124197338692003 0.9425126337071348 0.8901128401913093
count 99
f1, pre, rec [ 949 2117 2539] 0.9714964370546318 0.964622641509434 0.9784688995215312 418 424
f1, pre, rec [ 949 2117 2539] 0.9130164682448106 0.9427359671192792 0.8910053256390893
count 100
f1, pre, rec [623] 0.8896925858951176 0.9647058823529412 0.825503355704698 298 255
f1, pre, rec [623] 0.9127832294213136 0.9429556662716159 0.8903503059397454
F1, Pre, Rec 0.9127832294213136 0.9429556662716159 0.8903503059397454
NMI:  0.7727615863166093
ARI:  0.8804685806216049
JAC:  0.845182892974832
test1 time, avg time 0 0.0
==================================== 0.944708034033981 0.9254998701635939 0.9350053123811274
test1 time, test1 num 85.82387733459473 100
current best val score (precision, recall, f1score) : 0.9451829881891849 0.9259345733779542 0.9354597753869138
corresponding test1 score (precision, recall, f1score) : 0.9429556662716159 0.8903503059397454 0.9127832294213136
39 loss tensor(2.1974, grad_fn=<AddBackward0>)
40 loss tensor(2.1717, grad_fn=<AddBackward0>)
41 loss tensor(2.2558, grad_fn=<AddBackward0>)
42 loss tensor(2.1142, grad_fn=<AddBackward0>)
43 loss tensor(1.9960, grad_fn=<AddBackward0>)
44 loss tensor(2.0122, grad_fn=<AddBackward0>)
45 loss tensor(2.0181, grad_fn=<AddBackward0>)
46 loss tensor(1.8867, grad_fn=<AddBackward0>)
47 loss tensor(1.9004, grad_fn=<AddBackward0>)
48 loss tensor(1.9527, grad_fn=<AddBackward0>)

validation
num  all, output label  270800 37214.54309451353 38547.0
num  all, output_bin label_bin  270800 34627 38547
num  all, output_bin_0.4 label_bin_0.4  270800 36267 38547
iou_thr: 0.05, precision, recall, f1_score : 0.634 0.999 0.776
iou_thr: 0.10, precision, recall, f1_score : 0.745 0.993 0.851
iou_thr: 0.15, precision, recall, f1_score : 0.844 0.974 0.905
iou_thr: 0.20, precision, recall, f1_score : 0.916 0.955 0.935
iou_thr: 0.25, precision, recall, f1_score : 0.957 0.944 0.951
iou_thr: 0.30, precision, recall, f1_score : 0.975 0.935 0.954
iou_thr: 0.35, precision, recall, f1_score : 0.984 0.926 0.954
iou_thr: 0.40, precision, recall, f1_score : 0.990 0.916 0.951
iou_thr: 0.45, precision, recall, f1_score : 0.992 0.903 0.946
iou_thr: 0.50, precision, recall, f1_score : 0.994 0.893 0.941
iou_thr: 0.55, precision, recall, f1_score : 0.995 0.879 0.934
iou_thr: 0.60, precision, recall, f1_score : 0.996 0.864 0.925
iou_thr: 0.65, precision, recall, f1_score : 0.998 0.848 0.917
iou_thr: 0.70, precision, recall, f1_score : 0.999 0.831 0.907
iou_thr: 0.75, precision, recall, f1_score : 0.999 0.812 0.896
iou_thr: 0.80, precision, recall, f1_score : 0.999 0.786 0.880
iou_thr: 0.85, precision, recall, f1_score : 0.999 0.755 0.860
iou_thr: 0.90, precision, recall, f1_score : 0.999 0.709 0.830
iou_thr: 0.95, precision, recall, f1_score : 1.000 0.650 0.787
current best thr  0.3
current val score (precision, recall, f1score) : 0.9749411414499499 0.9346252626663554 0.9543576158940398
count 1
f1, pre, rec [213 824] 0.9653179190751445 0.9794721407624634 0.9515669515669516 351 341
f1, pre, rec [213 824] 0.9653179190751445 0.9794721407624634 0.9515669515669516
count 2
f1, pre, rec [ 954 1610] 0.973747016706444 0.9714285714285714 0.9760765550239234 418 420
f1, pre, rec [ 954 1610] 0.9695324678907943 0.9754503560955174 0.9638217532954375
count 3
f1, pre, rec [1349 2680] 0.9702026221692491 0.9667458432304038 0.9736842105263158 418 421
f1, pre, rec [1349 2680] 0.9697558526502793 0.9725488518071462 0.9671092390390635
count 4
f1, pre, rec [1812] 0.9667149059334298 0.9823529411764705 0.9515669515669516 351 340
f1, pre, rec [1812] 0.9689956159710669 0.9749998741494773 0.9632236671710356
count 5
f1, pre, rec [487] 0.9712918660287081 0.9712918660287081 0.9712918660287081 418 418
f1, pre, rec [487] 0.9694548659825951 0.9742582725253234 0.96483730694257
count 6
f1, pre, rec [2165] 0.7676767676767675 0.9743589743589743 0.6333333333333333 180 117
f1, pre, rec [2165] 0.9358251829316239 0.9742750561642652 0.909586644674364
count 7
f1, pre, rec [2017] 0.8925318761384334 0.9760956175298805 0.8221476510067114 298 251
f1, pre, rec [2017] 0.929640424818311 0.9745351363593532 0.8970953598646992
count 8
f1, pre, rec [793] 0.9854897218863362 0.9748803827751196 0.9963325183374083 818 836
f1, pre, rec [793] 0.9366215869518141 0.974578292161324 0.9095000046737879
count 9
f1, pre, rec [1448 2000] 0.7733333333333334 0.9666666666666667 0.6444444444444445 180 120
f1, pre, rec [1448 2000] 0.9184784476608717 0.9736992226619177 0.8800493868705276
count 10
f1, pre, rec [ 138 1359 2010] 0.7718120805369126 0.9745762711864406 0.6388888888888888 180 118
f1, pre, rec [ 138 1359 2010] 0.9038118109484758 0.97378692751437 0.8559333370723637
count 11
f1, pre, rec [1114 1140] 0.973747016706444 0.9714285714285714 0.9760765550239234 418 420
f1, pre, rec [1114 1140] 0.9101695569264728 0.9735725315065701 0.8668554477952327
count 12
f1, pre, rec [1456 1858 2496] 0.9842995169082126 0.9725536992840096 0.9963325183374083 818 838
f1, pre, rec [1456 1858 2496] 0.9163470535916178 0.9734876288213568 0.8776452036737474
count 13
f1, pre, rec [1397 1707 2078] 0.9872804360993337 0.978391356542617 0.9963325183374083 818 833
f1, pre, rec [1397 1707 2078] 0.921803467630673 0.9738648386460691 0.8867749971094135
count 14
f1, pre, rec [1017] 0.7676767676767675 0.9743589743589743 0.6333333333333333 180 117
f1, pre, rec [1017] 0.9107944176339655 0.9739001340541338 0.8686720211254079
count 15
f1, pre, rec [  17  555 2607] 0.8936936936936938 0.9649805447470817 0.8322147651006712 298 257
f1, pre, rec [  17  555 2607] 0.9096543693712806 0.973305494766997 0.8662415373904254
count 16
f1, pre, rec [ 733 1911] 0.7718120805369126 0.9745762711864406 0.6388888888888888 180 118
f1, pre, rec [ 733 1911] 0.9010392263191327 0.9733849182932123 0.8520319968590794
count 17
f1, pre, rec [2211] 0.7676767676767675 0.9743589743589743 0.6333333333333333 180 117
f1, pre, rec [2211] 0.8931943758107583 0.9734422157088453 0.839167369592859
count 18
f1, pre, rec [1008 1668] 0.9872804360993337 0.978391356542617 0.9963325183374083 818 833
f1, pre, rec [1008 1668] 0.8984213791601235 0.973717167977388 0.847898766745334
count 19
f1, pre, rec [ 811  946 1599] 0.7718120805369126 0.9745762711864406 0.6388888888888888 180 118
f1, pre, rec [ 811  946 1599] 0.891757731864165 0.9737623839357592 0.8368982468581527
count 20
f1, pre, rec [1509] 0.973747016706444 0.9714285714285714 0.9760765550239234 418 420
f1, pre, rec [1509] 0.8958571961062789 0.9736456933103999 0.8438571622664413
count 21
f1, pre, rec [538] 0.9766355140186914 0.9720930232558139 0.9812206572769953 426 430
f1, pre, rec [538] 0.8997037826735367 0.9735717566411337 0.8503982810764676
count 22
f1, pre, rec [ 916 1041 2325] 0.979020979020979 0.9722222222222222 0.9859154929577465 426 432
f1, pre, rec [ 916 1041 2325] 0.9033091097802387 0.9735104141675468 0.8565581543437986
count 23
f1, pre, rec [ 358 1367 2552] 0.9854897218863362 0.9748803827751196 0.9963325183374083 818 836
f1, pre, rec [ 358 1367 2552] 0.9068821798718081 0.97356997802005 0.8626353006043902
count 24
f1, pre, rec [ 441  710 2147] 0.962536023054755 0.9737609329446064 0.9515669515669516 351 343
f1, pre, rec [ 441  710 2147] 0.909201090004431 0.9735779344752399 0.8663407860611637
count 25
f1, pre, rec [898] 0.973747016706444 0.9714285714285714 0.9760765550239234 418 420
f1, pre, rec [898] 0.9117829270725114 0.9734919599533731 0.870730216819674
count 26
f1, pre, rec [1148 2076] 0.78 0.975 0.65 180 120
f1, pre, rec [1148 2076] 0.906714352954338 0.973549961493628 0.8622405930958403
count 27
f1, pre, rec [ 912 1132 2482] 0.963924963924964 0.9766081871345029 0.9515669515669516 351 342
f1, pre, rec [ 912 1132 2482] 0.9088332644717686 0.9736632291099567 0.8655489767429186
count 28
f1, pre, rec [ 609 1847] 0.9712643678160919 0.9797101449275363 0.9629629629629629 351 345
f1, pre, rec [ 609 1847] 0.9110629467340657 0.973879190389156 0.8690280476793487
count 29
f1, pre, rec [569] 0.9610389610389611 0.9736842105263158 0.9487179487179487 351 342
f1, pre, rec [569] 0.9127862575721657 0.9738724669456098 0.8717759753013694
count 30
f1, pre, rec [2253] 0.8945454545454544 0.9761904761904762 0.825503355704698 298 252
f1, pre, rec [2253] 0.9121782308046086 0.9739497339204386 0.870233554648147
count 31
f1, pre, rec [ 876 1143 1368] 0.974910394265233 0.9737470167064439 0.9760765550239234 418 419
f1, pre, rec [ 876 1143 1368] 0.9142018489807577 0.9739431946554711 0.8736478449828494
count 32
f1, pre, rec [ 671 1157 2703] 0.9028776978417267 0.9728682170542635 0.8422818791946308 298 258
f1, pre, rec [ 671 1157 2703] 0.9138479692576631 0.9739096016054333 0.8726676585519676
count 33
f1, pre, rec [965] 0.986682808716707 0.9772182254196643 0.9963325183374083 818 834
f1, pre, rec [965] 0.9160550856049069 0.9740098629331373 0.8764150785454657
count 34
f1, pre, rec [ 161 1982 2356] 0.986682808716707 0.9772182254196643 0.9963325183374083 818 834
f1, pre, rec [ 161 1982 2356] 0.9181323715787834 0.9741042265356822 0.8799420620687581
count 35
f1, pre, rec [ 298 1028] 0.9397590361445783 0.9848484848484849 0.8986175115207373 217 198
f1, pre, rec [ 298 1028] 0.9187502762806633 0.9744112053446193 0.8804756463388147
count 36
f1, pre, rec [ 801 2006] 0.9320388349514563 0.9846153846153847 0.8847926267281107 217 195
f1, pre, rec [ 801 2006] 0.9191194029104075 0.9746946547688071 0.8805955624607396
count 37
f1, pre, rec [ 350 1185 2209] 0.9400479616306954 0.98 0.9032258064516129 217 200
f1, pre, rec [ 350 1185 2209] 0.9196850396325775 0.9748380424777583 0.8812071906767092
count 38
f1, pre, rec [ 201 2126] 0.8913043478260869 0.968503937007874 0.825503355704698 298 254
f1, pre, rec [ 201 2126] 0.9189381793218804 0.9746713554917087 0.8797413002827088
count 39
f1, pre, rec [2658] 0.8933092224231465 0.9686274509803922 0.8288590604026845 298 255
f1, pre, rec [2658] 0.9182810265808872 0.9745163835811621 0.8784366274652723
count 40
f1, pre, rec [ 988 1522] 0.9777777777777779 0.9743589743589743 0.9812206572769953 426 429
f1, pre, rec [ 988 1522] 0.9197684453608094 0.9745124483506074 0.8810062282105653
count 41
f1, pre, rec [2401] 0.972520908004779 0.9713603818615751 0.9736842105263158 418 419
f1, pre, rec [2401] 0.9210550907911502 0.974435568680143 0.8832666668036323
count 42
f1, pre, rec [1026 1743] 0.9754385964912281 0.972027972027972 0.9788732394366197 426 429
f1, pre, rec [1026 1743] 0.9223499361649616 0.9743782449503294 0.8855430137710844
count 43
f1, pre, rec [ 427 2320] 0.9297820823244553 0.9795918367346939 0.8847926267281107 217 196
f1, pre, rec [ 427 2320] 0.922522776773322 0.9744994912708961 0.8855255629096199
count 44
f1, pre, rec [496] 0.9860859044162129 0.9760479041916168 0.9963325183374083 818 835
f1, pre, rec [496] 0.9239673933106605 0.9745346824736397 0.8880439028057061
count 45
f1, pre, rec [1537 1733] 0.9789227166276346 0.9766355140186916 0.9812206572769953 426 428
f1, pre, rec [1537 1733] 0.9251886227177043 0.9745813676190852 0.8901144973495124
count 46
f1, pre, rec [ 207 2081] 0.8989169675090253 0.97265625 0.8355704697986577 298 256
f1, pre, rec [ 207 2081] 0.9246174997783853 0.9745395172360617 0.8889287576201461
count 47
f1, pre, rec [  36  296 2234] 0.9744186046511628 0.9654377880184332 0.9835680751173709 426 434
f1, pre, rec [  36  296 2234] 0.9256770977544018 0.9743458634229206 0.890942360120087
count 48
f1, pre, rec [1328] 0.963924963924964 0.9766081871345029 0.9515669515669516 351 342
f1, pre, rec [1328] 0.9264739282996218 0.9743929951669119 0.8922053724418967
count 49
f1, pre, rec [2666] 0.9712918660287081 0.9712918660287081 0.9712918660287081 418 418
f1, pre, rec [2666] 0.9273885800900113 0.9743297068171526 0.893819382515097
count 50
f1, pre, rec [ 412 1244] 0.8945454545454544 0.9761904761904762 0.825503355704698 298 252
f1, pre, rec [ 412 1244] 0.9267317175791202 0.9743669222046191 0.892453061978889
count 51
f1, pre, rec [1256 1457 2651] 0.8078175895765473 0.9763779527559056 0.6888888888888889 180 127
f1, pre, rec [1256 1457 2651] 0.9244000680104422 0.9744063541762129 0.8884616076045753
count 52
f1, pre, rec [2] 0.9271844660194175 0.9794871794871794 0.880184331797235 217 195
f1, pre, rec [2] 0.9244536141259995 0.97450406235527 0.8883024292236649
count 53
f1, pre, rec [1944] 0.9653179190751445 0.9794721407624634 0.9515669515669516 351 341
f1, pre, rec [1944] 0.9252246387476815 0.9745977996837075 0.8894960994565572
count 54
f1, pre, rec [1177 1927] 0.9872804360993337 0.978391356542617 0.9963325183374083 818 833
f1, pre, rec [1177 1927] 0.9263738201801195 0.9746680507366503 0.8914745516580544
count 55
f1, pre, rec [123 124] 0.9320388349514563 0.9846153846153847 0.8847926267281107 217 195
f1, pre, rec [123 124] 0.9264768204486892 0.9748489113526272 0.8913530621138737
count 56
f1, pre, rec [1104] 0.986682808716707 0.9772182254196643 0.9963325183374083 818 834
f1, pre, rec [1104] 0.9275519273820467 0.9748912205323956 0.8932276952607225
count 57
f1, pre, rec [2418] 0.894927536231884 0.9724409448818898 0.8288590604026845 298 254
f1, pre, rec [2418] 0.9269795696425701 0.9748482332402815 0.8920984209649675
count 58
f1, pre, rec [ 179 1091] 0.7651006711409396 0.9661016949152542 0.6333333333333333 180 118
f1, pre, rec [ 179 1091] 0.9241885541511627 0.9746974308553672 0.887636953936836
count 59
f1, pre, rec [2489] 0.9712918660287081 0.9712918660287081 0.9712918660287081 418 418
f1, pre, rec [2489] 0.9249869153694262 0.9746397094176272 0.8890548338027998
count 60
f1, pre, rec [ 292 1891] 0.986682808716707 0.9772182254196643 0.9963325183374083 818 834
f1, pre, rec [ 292 1891] 0.9260151802585476 0.9746826846843278 0.8908427952117101
count 61
f1, pre, rec [1557 1588 1811] 0.9738095238095238 0.9691943127962085 0.9784688995215312 418 422
f1, pre, rec [1557 1588 1811] 0.9267986940872521 0.9745927113746865 0.8922792887249857
count 62
f1, pre, rec [ 617 1167] 0.9777777777777779 0.9743589743589743 0.9812206572769953 426 429
f1, pre, rec [ 617 1167] 0.9276209373725831 0.9745889414228202 0.8937138269274375
count 63
f1, pre, rec [ 465 1189 1964] 0.9732246798603026 0.9653579676674365 0.9812206572769953 426 433
f1, pre, rec [ 465 1189 1964] 0.9283448063009596 0.9744424180298776 0.8951028242345732
count 64
f1, pre, rec [996] 0.8925318761384334 0.9760956175298805 0.8221476510067114 298 251
f1, pre, rec [996] 0.9277852292671701 0.9744682492720651 0.8939628996528879
count 65
f1, pre, rec [1490 1583 1692] 0.974910394265233 0.9737470167064439 0.9760765550239234 418 419
f1, pre, rec [1490 1583 1692] 0.9285102318056018 0.9744571533864402 0.8952261866585961
count 66
f1, pre, rec [  37  745 2263] 0.891696750902527 0.96484375 0.8288590604026845 298 256
f1, pre, rec [  37  745 2263] 0.9279524517919189 0.974311495759373 0.8942206241395672
count 67
f1, pre, rec [  76 1961] 0.9597701149425288 0.9681159420289855 0.9515669515669516 351 345
f1, pre, rec [  76 1961] 0.9284273422867041 0.9742190248081732 0.8950765394743042
count 68
f1, pre, rec [1610] 0.9712918660287081 0.9712918660287081 0.9712918660287081 418 418
f1, pre, rec [1610] 0.9290577029299688 0.974175978355534 0.8961973531001043
count 69
f1, pre, rec [613] 0.7759197324414715 0.9747899159663865 0.6444444444444445 180 119
f1, pre, rec [613] 0.9268383120533239 0.974184876002068 0.8925487602210368
count 70
f1, pre, rec [1228 2289 2626] 0.9320388349514563 0.9846153846153847 0.8847926267281107 217 195
f1, pre, rec [1228 2289 2626] 0.926912605237583 0.9743338832679725 0.8924379583139951
count 71
f1, pre, rec [1020 1965] 0.9368932038834952 0.9897435897435898 0.8894009216589862 217 195
f1, pre, rec [1020 1965] 0.9270531770494974 0.9745509213873473 0.89239518314984
count 72
f1, pre, rec [  91 1810 1916] 0.962536023054755 0.9737609329446064 0.9515669515669516 351 343
f1, pre, rec [  91 1810 1916] 0.927545994355126 0.9745399493256426 0.8932170132667443
count 73
f1, pre, rec [1289] 0.9343065693430657 0.9896907216494846 0.8847926267281107 217 194
f1, pre, rec [1289] 0.927638604971399 0.9747474941519965 0.8931016107114206
count 74
f1, pre, rec [1274 1762 2474] 0.9854721549636803 0.9760191846522782 0.9951100244498777 818 834
f1, pre, rec [1274 1762 2474] 0.9284201394307541 0.974764679158757 0.8944801027889672
count 75
f1, pre, rec [483] 0.9872804360993337 0.978391356542617 0.9963325183374083 818 833
f1, pre, rec [483] 0.9292049433863353 0.9748130348572084 0.8958381349962798
count 76
f1, pre, rec [ 467 1149 2455] 0.9755529685681026 0.9676674364896074 0.9835680751173709 426 433
f1, pre, rec [ 467 1149 2455] 0.9298147858229375 0.9747190138260557 0.8969924763136626
count 77
f1, pre, rec [437] 0.9343065693430657 0.9896907216494846 0.8847926267281107 217 194
f1, pre, rec [437] 0.9298731206738483 0.9749134515899963 0.8968340367086555
count 78
f1, pre, rec [1880 1989 2227] 0.7733333333333334 0.9666666666666667 0.6444444444444445 180 120
f1, pre, rec [1880 1989 2227] 0.9278662003233288 0.9748077235781588 0.8935982727052681
count 79
f1, pre, rec [ 574 1732 2304] 0.9743589743589743 0.9675925925925926 0.9812206572769953 426 432
f1, pre, rec [ 574 1732 2304] 0.9284547164503624 0.9747163928061897 0.8947074168137711
count 80
f1, pre, rec [1448 2010 2211] 0.7759197324414715 0.9747899159663865 0.6444444444444445 180 119
f1, pre, rec [1448 2010 2211] 0.9265480291502511 0.9747173118456921 0.8915791296591544
count 81
f1, pre, rec [ 214 2651] 0.7672131147540984 0.936 0.65 180 125
f1, pre, rec [ 214 2651] 0.9245809314416567 0.9742393203414244 0.8885966712683008
count 82
f1, pre, rec [ 901 1462] 0.9652173913043478 0.9823008849557522 0.9487179487179487 351 339
f1, pre, rec [ 901 1462] 0.9250764980253481 0.9743376321050137 0.8893298575786622
count 83
f1, pre, rec [615 944] 0.7759197324414715 0.9747899159663865 0.6444444444444445 180 119
f1, pre, rec [615 944] 0.923279428560482 0.9743430813081627 0.8863794309143946
count 84
f1, pre, rec [1026 1519 2114] 0.9789719626168224 0.9744186046511628 0.9835680751173709 426 430
f1, pre, rec [1026 1519 2114] 0.9239424349182956 0.9743439803955793 0.8875364385834776
count 85
f1, pre, rec [ 558 2238] 0.9343065693430657 0.9896907216494846 0.8847926267281107 217 194
f1, pre, rec [ 558 2238] 0.9240643659115282 0.9745245302926842 0.8875041584440029
count 86
f1, pre, rec [1283] 0.9394673123486683 0.9897959183673469 0.8940092165898618 217 196
f1, pre, rec [1283] 0.9242434699398671 0.9747021045726221 0.8875797986550013
count 87
f1, pre, rec [1918 2301] 0.9668109668109668 0.97953216374269 0.9544159544159544 351 342
f1, pre, rec [1918 2301] 0.9247327515130981 0.9747576224941171 0.8883480303304144
count 88
f1, pre, rec [360 529] 0.8929219600725953 0.9723320158102767 0.825503355704698 298 253
f1, pre, rec [360 529] 0.9243712652467287 0.9747300587818007 0.8876338863005767
count 89
f1, pre, rec [  73  227 2034] 0.963924963924964 0.9766081871345029 0.9515669515669516 351 342
f1, pre, rec [  73  227 2034] 0.9248156888273831 0.9747511613475615 0.8883522353485135
count 90
f1, pre, rec [1296 2171] 0.9754959159859975 0.9698375870069605 0.9812206572769953 426 431
f1, pre, rec [1296 2171] 0.9253788024624788 0.9746965660771104 0.8893841067032743
count 91
f1, pre, rec [303 413] 0.9343065693430657 0.9896907216494846 0.8847926267281107 217 194
f1, pre, rec [303 413] 0.925476909790837 0.9748613370174661 0.8893336508793714
count 92
f1, pre, rec [1592 1868] 0.963924963924964 0.9766081871345029 0.9515669515669516 351 342
f1, pre, rec [1592 1868] 0.9258948234227297 0.9748803245187382 0.8900100997998885
count 93
f1, pre, rec [1607] 0.9712918660287081 0.9712918660287081 0.9712918660287081 418 418
f1, pre, rec [1607] 0.9263829636658047 0.9748417389435766 0.89088409728622
count 94
f1, pre, rec [1178] 0.9777777777777779 0.9743589743589743 0.9812206572769953 426 429
f1, pre, rec [1178] 0.9269297170074214 0.9748366031501234 0.8918451245201644
count 95
f1, pre, rec [1948] 0.986682808716707 0.9772182254196643 0.9963325183374083 818 834
f1, pre, rec [1948] 0.9275586969201507 0.9748616728582239 0.8929449918235038
count 96
f1, pre, rec [1043 1482] 0.9744186046511628 0.9654377880184332 0.9835680751173709 426 434
f1, pre, rec [1043 1482] 0.9280468209590155 0.9747635073911427 0.8938889822744817
count 97
f1, pre, rec [1203 1499] 0.8936936936936938 0.9649805447470817 0.8322147651006712 298 257
f1, pre, rec [1203 1499] 0.9276926650078265 0.9746626521061523 0.8932531656025867
count 98
f1, pre, rec [ 963 1947 2656] 0.9320388349514563 0.9846153846153847 0.8847926267281107 217 195
f1, pre, rec [ 963 1947 2656] 0.9277370136807207 0.9747642106011445 0.8931668335732553
count 99
f1, pre, rec [ 949 2117 2539] 0.9725864123957092 0.9691211401425178 0.9760765550239234 418 421
f1, pre, rec [ 949 2117 2539] 0.9281900379101651 0.9747072098894412 0.8940043055071004
count 100
f1, pre, rec [623] 0.896551724137931 0.9762845849802372 0.8288590604026845 298 253
f1, pre, rec [623] 0.9278736547724428 0.9747229836403491 0.8933528530560563
F1, Pre, Rec 0.9278736547724428 0.9747229836403491 0.8933528530560563
NMI:  0.8226984282299454
ARI:  0.9060635947220512
JAC:  0.8729662258902495
test1 time, avg time 0 0.0
==================================== 0.9747024213009409 0.9334718254998702 0.9536416813678025
test1 time, test1 num 81.52107453346252 100
current best val score (precision, recall, f1score) : 0.9749411414499499 0.9346252626663554 0.9543576158940398
corresponding test1 score (precision, recall, f1score) : 0.9747229836403491 0.8933528530560563 0.9278736547724428
49 loss tensor(1.8085, grad_fn=<AddBackward0>)
50 loss tensor(1.8023, grad_fn=<AddBackward0>)
51 loss tensor(1.8323, grad_fn=<AddBackward0>)
52 loss tensor(1.7791, grad_fn=<AddBackward0>)
53 loss tensor(1.7181, grad_fn=<AddBackward0>)
54 loss tensor(1.7191, grad_fn=<AddBackward0>)
55 loss tensor(1.7133, grad_fn=<AddBackward0>)
56 loss tensor(1.6044, grad_fn=<AddBackward0>)
57 loss tensor(1.6246, grad_fn=<AddBackward0>)
58 loss tensor(1.6724, grad_fn=<AddBackward0>)

validation
num  all, output label  270800 39400.039573752 38547.0
num  all, output_bin label_bin  270800 36115 38547
num  all, output_bin_0.4 label_bin_0.4  270800 37573 38547
iou_thr: 0.05, precision, recall, f1_score : 0.626 0.999 0.770
iou_thr: 0.10, precision, recall, f1_score : 0.736 0.999 0.847
iou_thr: 0.15, precision, recall, f1_score : 0.815 0.991 0.894
iou_thr: 0.20, precision, recall, f1_score : 0.890 0.973 0.930
iou_thr: 0.25, precision, recall, f1_score : 0.934 0.963 0.949
iou_thr: 0.30, precision, recall, f1_score : 0.957 0.954 0.956
iou_thr: 0.35, precision, recall, f1_score : 0.970 0.945 0.957
iou_thr: 0.40, precision, recall, f1_score : 0.977 0.937 0.956
iou_thr: 0.45, precision, recall, f1_score : 0.982 0.932 0.956
iou_thr: 0.50, precision, recall, f1_score : 0.986 0.923 0.954
iou_thr: 0.55, precision, recall, f1_score : 0.988 0.918 0.951
iou_thr: 0.60, precision, recall, f1_score : 0.991 0.911 0.950
iou_thr: 0.65, precision, recall, f1_score : 0.993 0.904 0.946
iou_thr: 0.70, precision, recall, f1_score : 0.995 0.895 0.943
iou_thr: 0.75, precision, recall, f1_score : 0.997 0.884 0.937
iou_thr: 0.80, precision, recall, f1_score : 0.997 0.868 0.928
iou_thr: 0.85, precision, recall, f1_score : 0.999 0.850 0.919
iou_thr: 0.90, precision, recall, f1_score : 0.999 0.816 0.898
iou_thr: 0.95, precision, recall, f1_score : 0.999 0.766 0.868
current best thr  0.35
current val score (precision, recall, f1score) : 0.9695259894072872 0.945028147456352 0.9571203363110878
count 1
f1, pre, rec [213 824] 0.9727403156384505 0.9797687861271677 0.9658119658119658 351 346
f1, pre, rec [213 824] 0.9727403156384505 0.9797687861271677 0.9658119658119658
count 2
f1, pre, rec [ 954 1610] 0.9738717339667458 0.9669811320754716 0.9808612440191388 418 424
f1, pre, rec [ 954 1610] 0.9733060248025982 0.9733749591013197 0.9733366049155523
count 3
f1, pre, rec [1349 2680] 0.9738717339667458 0.9669811320754716 0.9808612440191388 418 424
f1, pre, rec [1349 2680] 0.9734945945239808 0.971243683426037 0.975844817950081
count 4
f1, pre, rec [1812] 0.9771428571428572 0.9799426934097422 0.9743589743589743 351 349
f1, pre, rec [1812] 0.9744066601786999 0.9734184359219633 0.9754733570523044
count 5
f1, pre, rec [487] 0.9762470308788598 0.9693396226415094 0.9832535885167464 418 424
f1, pre, rec [487] 0.9747747343187319 0.9726026732658726 0.977029403345193
count 6
f1, pre, rec [2165] 0.8013245033112584 0.9918032786885246 0.6722222222222223 180 122
f1, pre, rec [2165] 0.945866362484153 0.9758027741696479 0.9262282064913645
count 7
f1, pre, rec [2017] 0.8996415770609318 0.9653846153846154 0.8422818791946308 298 260
f1, pre, rec [2017] 0.9392628217094072 0.9743144657717862 0.9142358740204025
count 8
f1, pre, rec [793] 0.9843373493975903 0.9703087885985748 0.9987775061124694 818 842
f1, pre, rec [793] 0.94489713767043 0.9738137561251348 0.9248035780319109
count 9
f1, pre, rec [1448 2000] 0.8013245033112584 0.9918032786885246 0.6722222222222223 180 122
f1, pre, rec [1448 2000] 0.9289446227416333 0.9758125919655113 0.8967389829419454
count 10
f1, pre, rec [ 138 1359 2010] 0.8052805280528053 0.991869918699187 0.6777777777777778 180 123
f1, pre, rec [ 138 1359 2010] 0.9165782132727504 0.9774183246388789 0.8748428624255287
count 11
f1, pre, rec [1114 1140] 0.9762470308788598 0.9693396226415094 0.9832535885167464 418 424
f1, pre, rec [1114 1140] 0.9220026512369421 0.9766838971845726 0.8846983829792756
count 12
f1, pre, rec [1456 1858 2496] 0.983744732089103 0.9691577698695136 0.9987775061124694 818 843
f1, pre, rec [1456 1858 2496] 0.9271478246412889 0.9760567199083177 0.8942049765737085
count 13
f1, pre, rec [1397 1707 2078] 0.983744732089103 0.9691577698695136 0.9987775061124694 818 843
f1, pre, rec [1397 1707 2078] 0.9315014329065054 0.9755260314437942 0.9022490173074593
count 14
f1, pre, rec [1017] 0.8 1.0 0.6666666666666666 180 120
f1, pre, rec [1017] 0.9221084734131837 0.9772741720549518 0.8854217065474027
count 15
f1, pre, rec [  17  555 2607] 0.9019607843137255 0.9619771863117871 0.8489932885906041 298 263
f1, pre, rec [  17  555 2607] 0.9207652941398865 0.9762543730054074 0.8829931453502827
count 16
f1, pre, rec [ 733 1911] 0.7973421926910299 0.9917355371900827 0.6666666666666666 180 121
f1, pre, rec [ 733 1911] 0.9130513502993329 0.9772219457669497 0.8694727404325567
count 17
f1, pre, rec [2211] 0.7973421926910299 0.9917355371900827 0.6666666666666666 180 121
f1, pre, rec [2211] 0.9062449292635504 0.9780756864388986 0.8575429713875043
count 18
f1, pre, rec [1008 1668] 0.9843373493975903 0.9703087885985748 0.9987775061124694 818 842
f1, pre, rec [1008 1668] 0.9105833970487749 0.9776441921144363 0.8653893344277802
count 19
f1, pre, rec [ 811  946 1599] 0.7973421926910299 0.9917355371900827 0.6666666666666666 180 121
f1, pre, rec [ 811  946 1599] 0.9046233336615251 0.9783858418552597 0.8549302466508795
count 20
f1, pre, rec [1509] 0.9750297265160524 0.9692671394799054 0.9808612440191388 418 423
f1, pre, rec [1509] 0.9081436533042515 0.977929906736492 0.8612267965192923
count 21
f1, pre, rec [538] 0.968568102444703 0.9607390300230947 0.9765258215962441 426 433
f1, pre, rec [538] 0.9110210080252253 0.9771112935596636 0.8667172262848615
count 22
f1, pre, rec [ 916 1041 2325] 0.9686411149825783 0.9586206896551724 0.9788732394366197 426 435
f1, pre, rec [ 916 1041 2325] 0.9136401037960141 0.976270811564005 0.8718152268826688
count 23
f1, pre, rec [ 358 1367 2552] 0.9813813813813814 0.9645808736717828 0.9987775061124694 818 847
f1, pre, rec [ 358 1367 2552] 0.9165853767345084 0.9757625533947779 0.8773353259796165
count 24
f1, pre, rec [ 441  710 2147] 0.970042796005706 0.9714285714285714 0.9686609686609686 351 350
f1, pre, rec [ 441  710 2147] 0.9188127692041417 0.9755819708128527 0.8811405610913395
count 25
f1, pre, rec [898] 0.9762470308788598 0.9693396226415094 0.9832535885167464 418 424
f1, pre, rec [898] 0.9211101396711304 0.9753322768859989 0.8852250821883558
count 26
f1, pre, rec [1148 2076] 0.8246753246753247 0.9921875 0.7055555555555556 180 128
f1, pre, rec [1148 2076] 0.9174011083251379 0.9759805546980759 0.878314715779402
count 27
f1, pre, rec [ 912 1132 2482] 0.9684813753581661 0.9740634005763689 0.9629629629629629 351 347
f1, pre, rec [ 912 1132 2482] 0.9192929700671019 0.9759095489898646 0.8814498360454598
count 28
f1, pre, rec [ 609 1847] 0.9742120343839541 0.9798270893371758 0.9686609686609686 351 347
f1, pre, rec [ 609 1847] 0.9212543652212751 0.9760494611451256 0.8845645193531565
count 29
f1, pre, rec [569] 0.9657142857142856 0.9684813753581661 0.9629629629629629 351 349
f1, pre, rec [569] 0.9227874659279307 0.9757884926697132 0.8872679139603912
count 30
f1, pre, rec [2253] 0.8976660682226212 0.9652509652509652 0.8389261744966443 298 259
f1, pre, rec [2253] 0.9219500860044203 0.975437241755755 0.885656522644933
count 31
f1, pre, rec [ 876 1143 1368] 0.9739336492890995 0.9647887323943662 0.9832535885167464 418 426
f1, pre, rec [ 876 1143 1368] 0.9236269751426357 0.9750937414537748 0.8888048150924108
count 32
f1, pre, rec [ 671 1157 2703] 0.8991150442477875 0.951310861423221 0.8523489932885906 298 267
f1, pre, rec [ 671 1157 2703] 0.9228609773021716 0.9743505264528199 0.8876655706610415
count 33
f1, pre, rec [965] 0.983744732089103 0.9691577698695136 0.9987775061124694 818 843
f1, pre, rec [965] 0.9247059395684423 0.9741931701927198 0.8910325990080544
count 34
f1, pre, rec [ 161 1982 2356] 0.985524728588661 0.9726190476190476 0.9987775061124694 818 840
f1, pre, rec [ 161 1982 2356] 0.9264947274808017 0.9741468724699648 0.8942015668640666
count 35
f1, pre, rec [ 298 1028] 0.9596199524940617 0.9901960784313726 0.9308755760368663 217 204
f1, pre, rec [ 298 1028] 0.9274411624811805 0.9746054212117193 0.8952493956975751
count 36
f1, pre, rec [ 801 2006] 0.9548693586698338 0.9852941176470589 0.9262672811059908 217 204
f1, pre, rec [ 801 2006] 0.9282030568197541 0.9749023294460343 0.8961110036255866
count 37
f1, pre, rec [ 350 1185 2209] 0.9503546099290779 0.9757281553398058 0.9262672811059908 217 206
f1, pre, rec [ 350 1185 2209] 0.9288017474443304 0.9749246490647849 0.896926038152084
count 38
f1, pre, rec [ 201 2126] 0.9039145907473309 0.9621212121212122 0.8523489932885906 298 264
f1, pre, rec [ 201 2126] 0.9281468222680938 0.9745877165136383 0.8957529580240975
count 39
f1, pre, rec [2658] 0.8964285714285714 0.9580152671755725 0.8422818791946308 298 262
f1, pre, rec [2658] 0.927333533785029 0.9741627819152264 0.8943819047207777
count 40
f1, pre, rec [ 988 1522] 0.9675174013921114 0.9564220183486238 0.9788732394366197 426 436
f1, pre, rec [ 988 1522] 0.9283381304752061 0.9737192628260614 0.8964941880886738
count 41
f1, pre, rec [2401] 0.9762470308788598 0.9693396226415094 0.9832535885167464 418 424
f1, pre, rec [2401] 0.9295066402411488 0.9736124423337551 0.8986102710259438
count 42
f1, pre, rec [1026 1743] 0.968568102444703 0.9607390300230947 0.9765258215962441 426 433
f1, pre, rec [1026 1743] 0.9304366750555192 0.9733059325168346 0.9004654031823796
count 43
f1, pre, rec [ 427 2320] 0.9526066350710901 0.9804878048780488 0.9262672811059908 217 205
f1, pre, rec [ 427 2320] 0.9309522555209977 0.9734729528043048 0.9010654468550218
count 44
f1, pre, rec [496] 0.9843373493975903 0.9703087885985748 0.9987775061124694 818 842
f1, pre, rec [496] 0.9321655531091021 0.9734010399814472 0.9032861754745092
count 45
f1, pre, rec [1537 1733] 0.9673659673659674 0.9606481481481481 0.9741784037558685 426 432
f1, pre, rec [1537 1733] 0.9329477845370323 0.9731176423851516 0.9048615583252061
count 46
f1, pre, rec [ 207 2081] 0.9026548672566372 0.9550561797752809 0.8557046979865772 298 267
f1, pre, rec [ 207 2081] 0.9322892428570237 0.9727250018936328 0.9037929309265402
count 47
f1, pre, rec [  36  296 2234] 0.9663182346109176 0.9563218390804598 0.9765258215962441 426 435
f1, pre, rec [  36  296 2234] 0.9330132639581704 0.9723759984295227 0.9053404392386617
count 48
f1, pre, rec [1328] 0.9699570815450644 0.9741379310344828 0.9658119658119658 351 348
f1, pre, rec [1328] 0.933782926824564 0.9724127053587927 0.9066002627089388
count 49
f1, pre, rec [2666] 0.9750297265160524 0.9692671394799054 0.9808612440191388 418 423
f1, pre, rec [2666] 0.9346246982468392 0.9723485101367746 0.9081157929397592
count 50
f1, pre, rec [ 412 1244] 0.8996415770609318 0.9653846153846154 0.8422818791946308 298 260
f1, pre, rec [ 412 1244] 0.9339250358231211 0.9722092322417314 0.9067991146648566
count 51
f1, pre, rec [1256 1457 2651] 0.8397435897435899 0.9924242424242424 0.7277777777777777 180 132
f1, pre, rec [1256 1457 2651] 0.932078340801954 0.972605604990408 0.9032888923729531
count 52
f1, pre, rec [2] 0.9548693586698338 0.9852941176470589 0.9262672811059908 217 204
f1, pre, rec [2] 0.9325166296071055 0.9728496148491897 0.903730784463973
count 53
f1, pre, rec [1944] 0.9727403156384505 0.9797687861271677 0.9658119658119658 351 346
f1, pre, rec [1944] 0.933275567079395 0.972980165250661 0.9049021275082748
count 54
f1, pre, rec [1177 1927] 0.9843373493975903 0.9703087885985748 0.9987775061124694 818 842
f1, pre, rec [1177 1927] 0.9342211556408431 0.9729306953126594 0.9066405604453895
count 55
f1, pre, rec [123 124] 0.9548693586698338 0.9852941176470589 0.9262672811059908 217 204
f1, pre, rec [123 124] 0.9345965775140974 0.9731554848096484 0.9069974099119459
count 56
f1, pre, rec [1104] 0.9849306811332128 0.9714625445897741 0.9987775061124694 818 841
f1, pre, rec [1104] 0.9354954007930102 0.9731252537342936 0.908636340201241
count 57
f1, pre, rec [2418] 0.8980322003577818 0.9616858237547893 0.8422818791946308 298 261
f1, pre, rec [2418] 0.9348381516625677 0.9729245619802672 0.9074722268502478
count 58
f1, pre, rec [ 179 1091] 0.8026315789473685 0.9838709677419355 0.6777777777777778 180 124
f1, pre, rec [ 179 1091] 0.9325587279950642 0.9731132931140891 0.9035119777283086
count 59
f1, pre, rec [2489] 0.9750297265160524 0.9692671394799054 0.9808612440191388 418 423
f1, pre, rec [2489] 0.9332785754276234 0.9730481040694419 0.9048229822417125
count 60
f1, pre, rec [ 292 1891] 0.9843373493975903 0.9703087885985748 0.9987775061124694 818 842
f1, pre, rec [ 292 1891] 0.9341295549937896 0.973002448811594 0.9063888909728918
count 61
f1, pre, rec [1557 1588 1811] 0.9762470308788598 0.9693396226415094 0.9832535885167464 418 424
f1, pre, rec [1557 1588 1811] 0.9348200054181349 0.9729424024809369 0.9076489679818074
count 62
f1, pre, rec [ 617 1167] 0.9652777777777778 0.952054794520548 0.9788732394366197 426 438
f1, pre, rec [ 617 1167] 0.9353112598110325 0.97260550557835 0.9087977465536592
count 63
f1, pre, rec [ 465 1189 1964] 0.9641618497109826 0.9498861047835991 0.9788732394366197 426 439
f1, pre, rec [ 465 1189 1964] 0.9357692056824602 0.9722448801689095 0.9099100559644998
count 64
f1, pre, rec [996] 0.8976660682226212 0.9652509652509652 0.8389261744966443 298 259
f1, pre, rec [996] 0.9351738441596502 0.9721356002483167 0.9088009328165645
count 65
f1, pre, rec [1490 1583 1692] 0.9739336492890995 0.9647887323943662 0.9832535885167464 418 426
f1, pre, rec [1490 1583 1692] 0.9357701488539495 0.9720225715121021 0.9099463582888749
count 66
f1, pre, rec [  37  745 2263] 0.8980322003577818 0.9616858237547893 0.8422818791946308 298 261
f1, pre, rec [  37  745 2263] 0.9351983617555227 0.9718659541218397 0.9089211389086591
count 67
f1, pre, rec [  76 1961] 0.9686609686609686 0.9686609686609686 0.9686609686609686 351 351
f1, pre, rec [  76 1961] 0.9356978036496338 0.9718181185179461 0.9098127781586937
count 68
f1, pre, rec [1610] 0.9750297265160524 0.9692671394799054 0.9808612440191388 418 423
f1, pre, rec [1610] 0.9362762142800224 0.971780604120328 0.9108576085389943
count 69
f1, pre, rec [613] 0.8013245033112584 0.9918032786885246 0.6722222222222223 180 122
f1, pre, rec [613] 0.9343203923819244 0.9720707878097221 0.9073991246793309
count 70
f1, pre, rec [1228 2289 2626] 0.9548693586698338 0.9852941176470589 0.9262672811059908 217 204
f1, pre, rec [1228 2289 2626] 0.9346139490431804 0.972259692521684 0.9076686697711404
count 71
f1, pre, rec [1020 1965] 0.9550827423167848 0.9805825242718447 0.9308755760368663 217 206
f1, pre, rec [1020 1965] 0.934902241906189 0.9723769155040806 0.9079955276058689
count 72
f1, pre, rec [  91 1810 1916] 0.9728958630527818 0.9742857142857143 0.9715099715099715 351 350
f1, pre, rec [  91 1810 1916] 0.9354299310887806 0.97240342659827 0.9088776726600926
count 73
f1, pre, rec [1289] 0.9548693586698338 0.9852941176470589 0.9262672811059908 217 204
f1, pre, rec [1289] 0.9356962246172882 0.9725800114071574 0.90911588647442
count 74
f1, pre, rec [1274 1762 2474] 0.983744732089103 0.9691577698695136 0.9987775061124694 818 843
f1, pre, rec [1274 1762 2474] 0.9363455287723128 0.972533764899892 0.9103275299830423
count 75
f1, pre, rec [483] 0.9849306811332128 0.9714625445897741 0.9987775061124694 818 841
f1, pre, rec [483] 0.9369933308037914 0.9725194819624237 0.9115068629981015
count 76
f1, pre, rec [ 467 1149 2455] 0.9663182346109176 0.9563218390804598 0.9765258215962441 426 435
f1, pre, rec [ 467 1149 2455] 0.9373791848012537 0.9723063550823978 0.9123623756112348
count 77
f1, pre, rec [437] 0.9548693586698338 0.9852941176470589 0.9262672811059908 217 204
f1, pre, rec [437] 0.9376063299164301 0.9724750273234972 0.9125429587994784
count 78
f1, pre, rec [1880 1989 2227] 0.8052805280528053 0.991869918699187 0.6777777777777778 180 123
f1, pre, rec [1880 1989 2227] 0.9359098452771528 0.9727236797770317 0.9095331487863797
count 79
f1, pre, rec [ 574 1732 2304] 0.9686411149825783 0.9586206896551724 0.9788732394366197 426 435
f1, pre, rec [ 574 1732 2304] 0.9363241651468417 0.9725451609147296 0.9104108714528385
count 80
f1, pre, rec [1448 2010 2211] 0.7973421926910299 0.9917355371900827 0.6666666666666666 180 121
f1, pre, rec [1448 2010 2211] 0.9345868904911441 0.9727850406181716 0.9073640688930114
count 81
f1, pre, rec [ 214 2651] 0.7973856209150327 0.9682539682539683 0.6777777777777778 180 126
f1, pre, rec [ 214 2651] 0.9328930476568712 0.9727291014531814 0.9045296702372677
count 82
f1, pre, rec [ 901 1462] 0.9727403156384505 0.9797687861271677 0.9658119658119658 351 346
f1, pre, rec [ 901 1462] 0.9333789899493294 0.9728149512662787 0.9052770153052518
count 83
f1, pre, rec [615 944] 0.8013245033112584 0.9918032786885246 0.6722222222222223 180 122
f1, pre, rec [615 944] 0.9317879720380274 0.9730437262954624 0.9024691262319623
count 84
f1, pre, rec [1026 1519 2114] 0.969767441860465 0.9608294930875576 0.9788732394366197 426 434
f1, pre, rec [1026 1519 2114] 0.9322401085835327 0.9728983187572731 0.9033786990082083
count 85
f1, pre, rec [ 558 2238] 0.9548693586698338 0.9852941176470589 0.9262672811059908 217 204
f1, pre, rec [ 558 2238] 0.9325063350551362 0.9730441516853882 0.9036479764446528
count 86
f1, pre, rec [1283] 0.962085308056872 0.9902439024390244 0.9354838709677419 217 205
f1, pre, rec [1283] 0.9328502766016681 0.9732441487871746 0.9040181612646887
count 87
f1, pre, rec [1918 2301] 0.9727403156384505 0.9797687861271677 0.9658119658119658 351 346
f1, pre, rec [1918 2301] 0.9333087827974932 0.9733191446186688 0.9047284348801747
count 88
f1, pre, rec [360 529] 0.9019607843137255 0.9619771863117871 0.8489932885906041 298 263
f1, pre, rec [360 529] 0.9329525555419959 0.9731902587288178 0.904095080945066
count 89
f1, pre, rec [  73  227 2034] 0.9656160458452723 0.9711815561959655 0.9601139601139601 351 347
f1, pre, rec [  73  227 2034] 0.9333195610510213 0.9731676890374374 0.9047245065537052
count 90
f1, pre, rec [1296 2171] 0.9686411149825783 0.9586206896551724 0.9788732394366197 426 435
f1, pre, rec [1296 2171] 0.9337120227613719 0.973006055710968 0.9055483813635153
count 91
f1, pre, rec [303 413] 0.9548693586698338 0.9852941176470589 0.9262672811059908 217 204
f1, pre, rec [303 413] 0.9339445209581683 0.9731410893586173 0.9057760615804656
count 92
f1, pre, rec [1592 1868] 0.9742857142857143 0.9770773638968482 0.9715099715099715 351 349
f1, pre, rec [1592 1868] 0.9343830121899894 0.9731838749514242 0.9064905606014386
count 93
f1, pre, rec [1607] 0.9750297265160524 0.9692671394799054 0.9808612440191388 418 423
f1, pre, rec [1607] 0.9348200736343557 0.9731417595162466 0.9072902453693709
count 94
f1, pre, rec [1178] 0.9696969696969696 0.9629629629629629 0.9765258215962441 426 432
f1, pre, rec [1178] 0.9351911044435325 0.9730334744465309 0.9080267940526354
count 95
f1, pre, rec [1948] 0.9849306811332128 0.9714625445897741 0.9987775061124694 818 841
f1, pre, rec [1948] 0.9357146789350027 0.9730169383427755 0.9089820647058969
count 96
f1, pre, rec [1043 1482] 0.9674418604651163 0.9585253456221198 0.9765258215962441 426 434
f1, pre, rec [1043 1482] 0.9360451704092747 0.9728659842519353 0.909685645506838
count 97
f1, pre, rec [1203 1499] 0.8964285714285714 0.9580152671755725 0.8422818791946308 298 262
f1, pre, rec [1203 1499] 0.9356367518630819 0.9727128840758903 0.9089907613180523
count 98
f1, pre, rec [ 963 1947 2656] 0.9526066350710901 0.9804878048780488 0.9262672811059908 217 205
f1, pre, rec [ 963 1947 2656] 0.935809913936633 0.9727922200024429 0.9091670523362966
count 99
f1, pre, rec [ 949 2117 2539] 0.9739336492890995 0.9647887323943662 0.9832535885167464 418 426
f1, pre, rec [ 949 2117 2539] 0.9361950021725165 0.9727113766932705 0.9099154011866042
count 100
f1, pre, rec [623] 0.8996415770609318 0.9653846153846154 0.8422818791946308 298 260
f1, pre, rec [623] 0.9358294679214006 0.972638109080184 0.9092390659666845
F1, Pre, Rec 0.9358294679214006 0.972638109080184 0.9092390659666845
NMI:  0.8352955494303635
ARI:  0.9146936691651093
JAC:  0.8851377687547074
test1 time, avg time 0 0.0
==================================== 0.9696711035237003 0.9439626071150351 0.9566441663706103
test1 time, test1 num 82.85243535041809 100
current best val score (precision, recall, f1score) : 0.9695259894072872 0.945028147456352 0.9571203363110878
corresponding test1 score (precision, recall, f1score) : 0.972638109080184 0.9092390659666845 0.9358294679214006
59 loss tensor(1.5966, grad_fn=<AddBackward0>)
60 loss tensor(1.5044, grad_fn=<AddBackward0>)
61 loss tensor(1.5842, grad_fn=<AddBackward0>)
62 loss tensor(1.5576, grad_fn=<AddBackward0>)
63 loss tensor(1.5261, grad_fn=<AddBackward0>)
64 loss tensor(1.6020, grad_fn=<AddBackward0>)
65 loss tensor(1.5208, grad_fn=<AddBackward0>)
66 loss tensor(1.4188, grad_fn=<AddBackward0>)
67 loss tensor(1.3546, grad_fn=<AddBackward0>)
68 loss tensor(1.4159, grad_fn=<AddBackward0>)

validation
num  all, output label  270800 39204.564329025336 38547.0
num  all, output_bin label_bin  270800 36290 38547
num  all, output_bin_0.4 label_bin_0.4  270800 37725 38547
iou_thr: 0.05, precision, recall, f1_score : 0.664 0.999 0.798
iou_thr: 0.10, precision, recall, f1_score : 0.767 0.999 0.868
iou_thr: 0.15, precision, recall, f1_score : 0.842 0.995 0.912
iou_thr: 0.20, precision, recall, f1_score : 0.906 0.980 0.942
iou_thr: 0.25, precision, recall, f1_score : 0.944 0.968 0.956
iou_thr: 0.30, precision, recall, f1_score : 0.963 0.959 0.961
iou_thr: 0.35, precision, recall, f1_score : 0.973 0.952 0.962
iou_thr: 0.40, precision, recall, f1_score : 0.978 0.944 0.961
iou_thr: 0.45, precision, recall, f1_score : 0.984 0.937 0.960
iou_thr: 0.50, precision, recall, f1_score : 0.991 0.933 0.961
iou_thr: 0.55, precision, recall, f1_score : 0.994 0.928 0.960
iou_thr: 0.60, precision, recall, f1_score : 0.996 0.921 0.957
iou_thr: 0.65, precision, recall, f1_score : 0.996 0.916 0.954
iou_thr: 0.70, precision, recall, f1_score : 0.997 0.908 0.950
iou_thr: 0.75, precision, recall, f1_score : 0.998 0.900 0.946
iou_thr: 0.80, precision, recall, f1_score : 0.999 0.887 0.940
iou_thr: 0.85, precision, recall, f1_score : 0.999 0.872 0.931
iou_thr: 0.90, precision, recall, f1_score : 0.999 0.847 0.917
iou_thr: 0.95, precision, recall, f1_score : 0.999 0.801 0.889
current best thr  0.35
current val score (precision, recall, f1score) : 0.972856196156395 0.9521104106674968 0.9623715124816447
count 1
f1, pre, rec [213 824] 0.9634831460674158 0.9501385041551247 0.9772079772079773 351 361
f1, pre, rec [213 824] 0.9634831460674158 0.9501385041551247 0.9772079772079773
count 2
f1, pre, rec [ 954 1610] 0.9704840613931524 0.958041958041958 0.9832535885167464 418 429
f1, pre, rec [ 954 1610] 0.9669836037302841 0.9540902310985413 0.9802307828623618
count 3
f1, pre, rec [1349 2680] 0.9693396226415094 0.9558139534883721 0.9832535885167464 418 430
f1, pre, rec [1349 2680] 0.9677689433673592 0.954664805228485 0.9812383847471566
count 4
f1, pre, rec [1812] 0.9661016949152542 0.957983193277311 0.9743589743589743 351 357
f1, pre, rec [1812] 0.967352131254333 0.9554944022406915 0.9795185321501111
count 5
f1, pre, rec [487] 0.9704840613931524 0.958041958041958 0.9832535885167464 418 429
f1, pre, rec [487] 0.9679785172820969 0.9560039134009448 0.9802655434234382
count 6
f1, pre, rec [2165] 0.8178913738019169 0.9624060150375939 0.7111111111111111 180 133
f1, pre, rec [2165] 0.9429639933687336 0.9570709303403864 0.9354064713713837
count 7
f1, pre, rec [2017] 0.9163763066202091 0.9528985507246377 0.8825503355704698 298 276
f1, pre, rec [2017] 0.9391657524046586 0.9564748761095652 0.9278555948283961
count 8
f1, pre, rec [793] 0.9945222154595252 0.9903030303030304 0.9987775061124694 818 825
f1, pre, rec [793] 0.946085310286517 0.9607033953837483 0.9367208337389052
count 9
f1, pre, rec [1448 2000] 0.8178913738019169 0.9624060150375939 0.7111111111111111 180 133
f1, pre, rec [1448 2000] 0.9318415395660059 0.9608925753452867 0.9116530867802614
count 10
f1, pre, rec [ 138 1359 2010] 0.8178913738019169 0.9624060150375939 0.7111111111111111 180 133
f1, pre, rec [ 138 1359 2010] 0.920446522989597 0.9610439193145174 0.8915988892133463
count 11
f1, pre, rec [1114 1140] 0.9693396226415094 0.9558139534883721 0.9832535885167464 418 430
f1, pre, rec [1114 1140] 0.9248913502306799 0.9605684678757769 0.8999311346045644
count 12
f1, pre, rec [1456 1858 2496] 0.9945222154595252 0.9903030303030304 0.9987775061124694 818 825
f1, pre, rec [1456 1858 2496] 0.9306939223330838 0.963046348078048 0.9081683322302232
count 13
f1, pre, rec [1397 1707 2078] 0.9951278928136419 0.991504854368932 0.9987775061124694 818 824
f1, pre, rec [1397 1707 2078] 0.935650381600819 0.9652354639465776 0.9151382686827036
count 14
f1, pre, rec [1017] 0.8178913738019169 0.9624060150375939 0.7111111111111111 180 133
f1, pre, rec [1017] 0.9272390239008974 0.9650333604530787 0.9005649002847328
count 15
f1, pre, rec [  17  555 2607] 0.9150779896013865 0.946236559139785 0.8859060402684564 298 279
f1, pre, rec [  17  555 2607] 0.9264282882809299 0.9637802403655258 0.8995876429503143
count 16
f1, pre, rec [ 733 1911] 0.8178913738019169 0.9624060150375939 0.7111111111111111 180 133
f1, pre, rec [ 733 1911] 0.9196447311259917 0.96369435128253 0.8878078597103641
count 17
f1, pre, rec [2211] 0.8178913738019169 0.9624060150375939 0.7111111111111111 180 133
f1, pre, rec [2211] 0.9136592395186931 0.9636185667975338 0.8774139333221728
count 18
f1, pre, rec [1008 1668] 0.9951278928136419 0.991504854368932 0.9987775061124694 818 824
f1, pre, rec [1008 1668] 0.9181852758128569 0.9651678049959449 0.8841563540327448
count 19
f1, pre, rec [ 811  946 1599] 0.8178913738019169 0.9624060150375939 0.7111111111111111 180 133
f1, pre, rec [ 811  946 1599] 0.9129066493912286 0.9650224476297159 0.8750487096684483
count 20
f1, pre, rec [1509] 0.9704840613931524 0.958041958041958 0.9832535885167464 418 429
f1, pre, rec [1509] 0.9157855199913246 0.9646734231503279 0.8804589536108631
count 21
f1, pre, rec [538] 0.974910394265233 0.9927007299270073 0.9577464788732394 426 411
f1, pre, rec [538] 0.9186009901948441 0.9660080568063604 0.8841393119566906
count 22
f1, pre, rec [ 916 1041 2325] 0.9786223277909739 0.9903846153846154 0.9671361502347418 426 416
f1, pre, rec [ 916 1041 2325] 0.92132923281285 0.9671160821962811 0.8879118955147838
count 23
f1, pre, rec [ 358 1367 2552] 0.9945222154595252 0.9903030303030304 0.9987775061124694 818 825
f1, pre, rec [ 358 1367 2552] 0.9245115364061837 0.9681242103748354 0.8927321394538135
count 24
f1, pre, rec [ 441  710 2147] 0.9620253164556962 0.95 0.9743589743589743 351 360
f1, pre, rec [ 441  710 2147] 0.9260746105749135 0.9673690349425507 0.8961332575748618
count 25
f1, pre, rec [898] 0.9704840613931524 0.958041958041958 0.9832535885167464 418 429
f1, pre, rec [898] 0.9278509886076429 0.9669959518665269 0.8996180708125372
count 26
f1, pre, rec [1148 2076] 0.8473520249221183 0.9645390070921985 0.7555555555555555 180 141
f1, pre, rec [1148 2076] 0.924754874619738 0.9669014539905911 0.8940772048411149
count 27
f1, pre, rec [ 912 1132 2482] 0.9593267882187939 0.9447513812154696 0.9743589743589743 351 362
f1, pre, rec [ 912 1132 2482] 0.9260353158641474 0.9660810809248459 0.8970506037121467
count 28
f1, pre, rec [ 609 1847] 0.9679218967921897 0.9480874316939891 0.9886039886039886 351 366
f1, pre, rec [ 609 1847] 0.9275312651830062 0.9654384505951724 0.9003203674582839
count 29
f1, pre, rec [569] 0.9606741573033708 0.9473684210526315 0.9743589743589743 351 361
f1, pre, rec [569] 0.9286741235319842 0.9648153461281882 0.9028734228686526
count 30
f1, pre, rec [2253] 0.9179755671902269 0.9563636363636364 0.8825503355704698 298 275
f1, pre, rec [2253] 0.928317504987259 0.9645336224693698 0.9021959866253798
count 31
f1, pre, rec [ 876 1143 1368] 0.9693396226415094 0.9558139534883721 0.9832535885167464 418 430
f1, pre, rec [ 876 1143 1368] 0.929640799105138 0.9642523428248215 0.9048107479767142
count 32
f1, pre, rec [ 671 1157 2703] 0.9209621993127148 0.9436619718309859 0.8993288590604027 298 284
f1, pre, rec [ 671 1157 2703] 0.9293695928616248 0.9636088937312641 0.9046394389480795
count 33
f1, pre, rec [965] 0.9945222154595252 0.9903030303030304 0.9987775061124694 818 825
f1, pre, rec [965] 0.9313439147585308 0.9644178069607117 0.9074921076500306
count 34
f1, pre, rec [ 161 1982 2356] 0.9951278928136419 0.991504854368932 0.9987775061124694 818 824
f1, pre, rec [ 161 1982 2356] 0.933219914113093 0.9652144848256593 0.9101769723106906
count 35
f1, pre, rec [ 298 1028] 0.9577464788732394 0.9760765550239234 0.9400921658986175 217 209
f1, pre, rec [ 298 1028] 0.93392067310624 0.9655248296884669 0.9110316921274886
count 36
f1, pre, rec [ 801 2006] 0.9577464788732394 0.9760765550239234 0.9400921658986175 217 209
f1, pre, rec [ 801 2006] 0.9345825010442123 0.9658179331700073 0.9118389275100198
count 37
f1, pre, rec [ 350 1185 2209] 0.9579439252336449 0.9715639810426541 0.9447004608294931 217 211
f1, pre, rec [ 350 1185 2209] 0.9352138908871698 0.96597323176116 0.9127270770591949
count 38
f1, pre, rec [ 201 2126] 0.9166666666666667 0.9496402877697842 0.8859060402684564 298 278
f1, pre, rec [ 201 2126] 0.9347258060392618 0.9655434174455975 0.912021260301544
count 39
f1, pre, rec [2658] 0.9144851657940664 0.9527272727272728 0.8791946308724832 298 275
f1, pre, rec [2658] 0.934206815263744 0.9652147983502558 0.9111795518546449
count 40
f1, pre, rec [ 988 1522] 0.9761336515513127 0.9927184466019418 0.960093896713615 426 412
f1, pre, rec [ 988 1522] 0.9352549861709333 0.965902389556548 0.9124024104761193
count 41
f1, pre, rec [2401] 0.9704840613931524 0.958041958041958 0.9832535885167464 418 429
f1, pre, rec [2401] 0.9361142319080605 0.9657106717147287 0.9141304879893052
count 42
f1, pre, rec [1026 1743] 0.9773539928486293 0.9927360774818402 0.9624413145539906 426 413
f1, pre, rec [1026 1743] 0.9370961309780741 0.9663541337568027 0.9152807457646549
count 43
f1, pre, rec [ 427 2320] 0.9601873536299766 0.9761904761904762 0.9447004608294931 217 210
f1, pre, rec [ 427 2320] 0.9376331361560253 0.9665828859064229 0.9159649251847675
count 44
f1, pre, rec [496] 0.9951278928136419 0.991504854368932 0.9987775061124694 818 824
f1, pre, rec [496] 0.9389398351709711 0.967149294280571 0.9178470292967607
count 45
f1, pre, rec [1537 1733] 0.9761336515513127 0.9927184466019418 0.960093896713615 426 412
f1, pre, rec [1537 1733] 0.9397663644238676 0.9677174976654903 0.9187858485726907
count 46
f1, pre, rec [ 207 2081] 0.9185441941074524 0.9498207885304659 0.889261744966443 298 279
f1, pre, rec [ 207 2081] 0.9393050128952499 0.9673284387712506 0.9181440202334245
count 47
f1, pre, rec [  36  296 2234] 0.9761336515513127 0.9927184466019418 0.960093896713615 426 412
f1, pre, rec [  36  296 2234] 0.9400886009517619 0.9678686517038185 0.9190365707968328
count 48
f1, pre, rec [1328] 0.9633802816901409 0.9526462395543176 0.9743589743589743 351 359
f1, pre, rec [1328] 0.9405738443004782 0.9675515181173706 0.920189120871044
count 49
f1, pre, rec [2666] 0.9704840613931524 0.958041958041958 0.9832535885167464 418 429
f1, pre, rec [2666] 0.9411842568942063 0.9673574454627704 0.921476150822997
count 50
f1, pre, rec [ 412 1244] 0.9163763066202091 0.9528985507246377 0.8825503355704698 298 276
f1, pre, rec [ 412 1244] 0.9406880978887263 0.9670682675680078 0.9206976345179466
count 51
f1, pre, rec [1256 1457 2651] 0.8615384615384615 0.9655172413793104 0.7777777777777778 180 145
f1, pre, rec [1256 1457 2651] 0.9391361442347994 0.967037855289798 0.9178952843857864
count 52
f1, pre, rec [2] 0.9601873536299766 0.9761904761904762 0.9447004608294931 217 210
f1, pre, rec [2] 0.9395409751847067 0.9672138672301956 0.9184107685481654
count 53
f1, pre, rec [1944] 0.9647390691114245 0.9553072625698324 0.9743589743589743 351 358
f1, pre, rec [1944] 0.9400164109191731 0.9669892143120756 0.9194663950728976
count 54
f1, pre, rec [1177 1927] 0.9951278928136419 0.991504854368932 0.9987775061124694 818 824
f1, pre, rec [1177 1927] 0.9410369939172187 0.9674432076464619 0.9209351193514081
count 55
f1, pre, rec [123 124] 0.9601873536299766 0.9761904761904762 0.9447004608294931 217 210
f1, pre, rec [123 124] 0.9413851822756325 0.9676022488927166 0.9213672164691915
count 56
f1, pre, rec [1104] 0.9951278928136419 0.991504854368932 0.9987775061124694 818 824
f1, pre, rec [1104] 0.9423448735352399 0.9680290811333634 0.9227495430699644
count 57
f1, pre, rec [2418] 0.9198606271777003 0.9565217391304348 0.8859060402684564 298 276
f1, pre, rec [2418] 0.9419504130728269 0.9678271979403296 0.9221031658278327
count 58
f1, pre, rec [ 179 1091] 0.8126984126984127 0.9481481481481482 0.7111111111111111 180 135
f1, pre, rec [ 179 1091] 0.9397219303077506 0.9674879039783955 0.9184653717809926
count 59
f1, pre, rec [2489] 0.9704840613931524 0.958041958041958 0.9832535885167464 418 429
f1, pre, rec [2489] 0.9402433223600456 0.9673278031998118 0.9195634771493952
count 60
f1, pre, rec [ 292 1891] 0.9951278928136419 0.991504854368932 0.9987775061124694 818 824
f1, pre, rec [ 292 1891] 0.9411580652009389 0.9677307540526304 0.9208837109654464
count 61
f1, pre, rec [1557 1588 1811] 0.9704840613931524 0.958041958041958 0.9832535885167464 418 429
f1, pre, rec [1557 1588 1811] 0.9416388192368768 0.9675719213311441 0.9219061679744841
count 62
f1, pre, rec [ 617 1167] 0.9761336515513127 0.9927184466019418 0.960093896713615 426 412
f1, pre, rec [ 617 1167] 0.9421951875000129 0.967977510448415 0.9225220990831798
count 63
f1, pre, rec [ 465 1189 1964] 0.9773539928486293 0.9927360774818402 0.9624413145539906 426 413
f1, pre, rec [ 465 1189 1964] 0.9427532637753877 0.9683705035759297 0.9231557374239864
count 64
f1, pre, rec [996] 0.9128919860627177 0.9492753623188406 0.8791946308724832 298 276
f1, pre, rec [996] 0.9422866813111272 0.9680721419937877 0.9224688451341191
count 65
f1, pre, rec [1490 1583 1692] 0.9704840613931524 0.958041958041958 0.9832535885167464 418 429
f1, pre, rec [1490 1583 1692] 0.942720487158543 0.9679178314714518 0.9234039950323133
count 66
f1, pre, rec [  37  745 2263] 0.9150779896013865 0.946236559139785 0.8859060402684564 298 279
f1, pre, rec [  37  745 2263] 0.94230166143798 0.9675893273452144 0.9228358442025579
count 67
f1, pre, rec [  76 1961] 0.9607843137254902 0.9449035812672176 0.9772079772079773 351 363
f1, pre, rec [  76 1961] 0.9425775219198832 0.9672507341201697 0.9236473685757731
count 68
f1, pre, rec [1610] 0.9704840613931524 0.958041958041958 0.9832535885167464 418 429
f1, pre, rec [1610] 0.9429879122062549 0.967115310942549 0.9245239306337286
count 69
f1, pre, rec [613] 0.8178913738019169 0.9624060150375939 0.7111111111111111 180 133
f1, pre, rec [613] 0.941174918896047 0.96704706027726 0.9214309912203573
count 70
f1, pre, rec [1228 2289 2626] 0.9577464788732394 0.9760765550239234 0.9400921658986175 217 209
f1, pre, rec [1228 2289 2626] 0.9414116554671497 0.9671760530593551 0.9216975794300467
count 71
f1, pre, rec [1020 1965] 0.9577464788732394 0.9760765550239234 0.9400921658986175 217 209
f1, pre, rec [1020 1965] 0.9416417234024466 0.9673014122419547 0.9219566581127027
count 72
f1, pre, rec [  91 1810 1916] 0.9620253164556962 0.95 0.9743589743589743 351 360
f1, pre, rec [  91 1810 1916] 0.9419248288615195 0.9670611148497054 0.9226844680605676
count 73
f1, pre, rec [1289] 0.9552941176470587 0.9759615384615384 0.9354838709677419 217 208
f1, pre, rec [1289] 0.9421079698037871 0.9671830384608262 0.9228598023469673
count 74
f1, pre, rec [1274 1762 2474] 0.9945222154595252 0.9903030303030304 0.9987775061124694 818 825
f1, pre, rec [1274 1762 2474] 0.9428162704207566 0.9674954707830181 0.9238857172627174
count 75
f1, pre, rec [483] 0.9951278928136419 0.991504854368932 0.9987775061124694 818 824
f1, pre, rec [483] 0.9435137587193284 0.9678155958974969 0.9248842744473807
count 76
f1, pre, rec [ 467 1149 2455] 0.9797859690844233 0.9927710843373494 0.9671361502347418 426 415
f1, pre, rec [ 467 1149 2455] 0.9439910246451848 0.9681439575874949 0.9254402201814249
count 77
f1, pre, rec [437] 0.9552941176470587 0.9759615384615384 0.9354838709677419 217 208
f1, pre, rec [437] 0.9441378180607936 0.9682454846118331 0.9255706572046238
count 78
f1, pre, rec [1880 1989 2227] 0.8201892744479494 0.948905109489051 0.7222222222222222 180 137
f1, pre, rec [1880 1989 2227] 0.9425487341683212 0.967997531084618 0.9229636259869008
count 79
f1, pre, rec [ 574 1732 2304] 0.9773539928486293 0.9927360774818402 0.9624413145539906 426 413
f1, pre, rec [ 574 1732 2304] 0.9429893070630088 0.9683106772415447 0.9234633435636994
count 80
f1, pre, rec [1448 2010 2211] 0.8178913738019169 0.9624060150375939 0.7111111111111111 180 133
f1, pre, rec [1448 2010 2211] 0.9414255828972451 0.9682368689639954 0.920808940658042
count 81
f1, pre, rec [ 214 2651] 0.8113207547169811 0.9347826086956522 0.7166666666666667 180 138
f1, pre, rec [ 214 2651] 0.9398193504505752 0.967823853405127 0.9182886656704942
count 82
f1, pre, rec [ 901 1462] 0.9647390691114245 0.9553072625698324 0.9743589743589743 351 358
f1, pre, rec [ 901 1462] 0.9401232494586345 0.9676712120534771 0.9189724499227928
count 83
f1, pre, rec [615 944] 0.8178913738019169 0.9624060150375939 0.7111111111111111 180 133
f1, pre, rec [615 944] 0.938650576257951 0.9676077759448519 0.916468096443134
count 84
f1, pre, rec [1026 1519 2114] 0.9797859690844233 0.9927710843373494 0.9671361502347418 426 415
f1, pre, rec [1026 1519 2114] 0.939140283315409 0.9679073391400007 0.9170712875597007
count 85
f1, pre, rec [ 558 2238] 0.9577464788732394 0.9760765550239234 0.9400921658986175 217 209
f1, pre, rec [ 558 2238] 0.9393591797337363 0.9680034475621645 0.9173421214225115
count 86
f1, pre, rec [1283] 0.9626168224299065 0.976303317535545 0.9493087557603687 217 211
f1, pre, rec [1283] 0.9396296174395058 0.968099957678134 0.9177138264729516
count 87
f1, pre, rec [1918 2301] 0.9662921348314607 0.9529085872576177 0.98005698005698 351 361
f1, pre, rec [1918 2301] 0.9399360831566547 0.9679253442250246 0.9184304144451819
count 88
f1, pre, rec [360 529] 0.9134948096885813 0.9428571428571428 0.8859060402684564 298 280
f1, pre, rec [360 529] 0.9396356141399721 0.9676404783003896 0.9180608192840828
count 89
f1, pre, rec [  73  227 2034] 0.9606741573033708 0.9473684210526315 0.9743589743589743 351 361
f1, pre, rec [  73  227 2034] 0.9398720022654036 0.9674127023762574 0.9186933828242501
count 90
f1, pre, rec [1296 2171] 0.9773539928486293 0.9927360774818402 0.9624413145539906 426 413
f1, pre, rec [1296 2171] 0.9402884688274394 0.9676940732107638 0.9191794709545805
count 91
f1, pre, rec [303 413] 0.9577464788732394 0.9760765550239234 0.9400921658986175 217 209
f1, pre, rec [303 413] 0.940480315091679 0.9677861883955239 0.9194092807891303
count 92
f1, pre, rec [1592 1868] 0.9648382559774964 0.9527777777777777 0.9772079772079773 351 360
f1, pre, rec [1592 1868] 0.9407450753186987 0.9676230534975049 0.9200375274893353
count 93
f1, pre, rec [1607] 0.9704840613931524 0.958041958041958 0.9832535885167464 418 429
f1, pre, rec [1607] 0.94106484936251 0.9675200309657249 0.9207172700810279
count 94
f1, pre, rec [1178] 0.9761336515513127 0.9927184466019418 0.960093896713615 426 412
f1, pre, rec [1178] 0.9414379217262207 0.967788099217174 0.9211361703643532
count 95
f1, pre, rec [1948] 0.9945222154595252 0.9903030303030304 0.9987775061124694 818 825
f1, pre, rec [1948] 0.9419967037655186 0.9680250984917619 0.9219534475827545
count 96
f1, pre, rec [1043 1482] 0.9761336515513127 0.9927184466019418 0.960093896713615 426 412
f1, pre, rec [1043 1482] 0.9423522969716206 0.9682823208679096 0.9223507439278676
count 97
f1, pre, rec [1203 1499] 0.9172413793103449 0.9432624113475178 0.8926174496644296 298 282
f1, pre, rec [1203 1499] 0.9420934215318135 0.9680243836563591 0.9220442151210281
count 98
f1, pre, rec [ 963 1947 2656] 0.9577464788732394 0.9760765550239234 0.9400921658986175 217 209
f1, pre, rec [ 963 1947 2656] 0.942253146606726 0.9681065486703139 0.9222283778840648
count 99
f1, pre, rec [ 949 2117 2539] 0.9693396226415094 0.9558139534883721 0.9832535885167464 418 430
f1, pre, rec [ 949 2117 2539] 0.9425267473747542 0.9679823810422135 0.9228447941530817
count 100
f1, pre, rec [623] 0.9179755671902269 0.9563636363636364 0.8825503355704698 298 275
f1, pre, rec [623] 0.9422812355729089 0.9678661935954277 0.9224418495672556
F1, Pre, Rec 0.9422812355729089 0.9678661935954277 0.9224418495672556
NMI:  0.8458745439639915
ARI:  0.9240808045737952
JAC:  0.8956929368436627
test1 time, avg time 0 0.0
==================================== 0.9729392394306352 0.951363282264347 0.9620303022345928
test1 time, test1 num 81.81717872619629 100
current best val score (precision, recall, f1score) : 0.972856196156395 0.9521104106674968 0.9623715124816447
corresponding test1 score (precision, recall, f1score) : 0.9678661935954277 0.9224418495672556 0.9422812355729089
69 loss tensor(1.3270, grad_fn=<AddBackward0>)
70 loss tensor(1.3997, grad_fn=<AddBackward0>)
71 loss tensor(1.3819, grad_fn=<AddBackward0>)
72 loss tensor(1.2985, grad_fn=<AddBackward0>)
73 loss tensor(1.3040, grad_fn=<AddBackward0>)
74 loss tensor(1.3108, grad_fn=<AddBackward0>)
75 loss tensor(1.3536, grad_fn=<AddBackward0>)
76 loss tensor(1.3017, grad_fn=<AddBackward0>)
77 loss tensor(1.2770, grad_fn=<AddBackward0>)
78 loss tensor(1.3033, grad_fn=<AddBackward0>)

validation
num  all, output label  270800 38842.71252186595 38547.0
num  all, output_bin label_bin  270800 36464 38547
num  all, output_bin_0.4 label_bin_0.4  270800 37730 38547
iou_thr: 0.05, precision, recall, f1_score : 0.708 1.000 0.829
iou_thr: 0.10, precision, recall, f1_score : 0.805 0.998 0.892
iou_thr: 0.15, precision, recall, f1_score : 0.864 0.994 0.925
iou_thr: 0.20, precision, recall, f1_score : 0.903 0.991 0.945
iou_thr: 0.25, precision, recall, f1_score : 0.940 0.981 0.960
iou_thr: 0.30, precision, recall, f1_score : 0.963 0.966 0.964
iou_thr: 0.35, precision, recall, f1_score : 0.978 0.957 0.968
iou_thr: 0.40, precision, recall, f1_score : 0.984 0.950 0.967
iou_thr: 0.45, precision, recall, f1_score : 0.990 0.945 0.967
iou_thr: 0.50, precision, recall, f1_score : 0.992 0.938 0.964
iou_thr: 0.55, precision, recall, f1_score : 0.994 0.931 0.961
iou_thr: 0.60, precision, recall, f1_score : 0.997 0.926 0.960
iou_thr: 0.65, precision, recall, f1_score : 0.998 0.921 0.958
iou_thr: 0.70, precision, recall, f1_score : 0.998 0.912 0.953
iou_thr: 0.75, precision, recall, f1_score : 0.999 0.903 0.948
iou_thr: 0.80, precision, recall, f1_score : 0.999 0.893 0.943
iou_thr: 0.85, precision, recall, f1_score : 0.999 0.878 0.935
iou_thr: 0.90, precision, recall, f1_score : 1.000 0.856 0.922
iou_thr: 0.95, precision, recall, f1_score : 1.000 0.809 0.894
current best thr  0.35
current val score (precision, recall, f1score) : 0.9780811025708985 0.9573507665966223 0.9676049136699135
count 1
f1, pre, rec [213 824] 0.9830985915492959 0.9721448467966574 0.9943019943019943 351 359
f1, pre, rec [213 824] 0.9830985915492959 0.9721448467966574 0.9943019943019943
count 2
f1, pre, rec [ 954 1610] 0.9761336515513127 0.9738095238095238 0.9784688995215312 418 420
f1, pre, rec [ 954 1610] 0.9796161215503043 0.9729771853030906 0.9863854469117628
count 3
f1, pre, rec [1349 2680] 0.9761336515513127 0.9738095238095238 0.9784688995215312 418 420
f1, pre, rec [1349 2680] 0.9784552982173071 0.9732546314719017 0.9837465977816855
count 4
f1, pre, rec [1812] 0.9844851904090267 0.9748603351955307 0.9943019943019943 351 358
f1, pre, rec [1812] 0.979962771265237 0.973656057402809 0.9863854469117627
count 5
f1, pre, rec [487] 0.9761336515513127 0.9738095238095238 0.9784688995215312 418 420
f1, pre, rec [487] 0.9791969473224521 0.973686750684152 0.9848021374337164
count 6
f1, pre, rec [2165] 0.8401253918495298 0.9640287769784173 0.7444444444444445 180 139
f1, pre, rec [2165] 0.9560183547436317 0.972077088399863 0.9447425219355043
count 7
f1, pre, rec [2017] 0.915371329879102 0.9430604982206405 0.889261744966443 298 281
f1, pre, rec [2017] 0.9502116369058419 0.9679318612314026 0.9368166966542099
count 8
f1, pre, rec [793] 0.9969493593654668 0.9951278928136419 0.9987775061124694 818 821
f1, pre, rec [793] 0.956053852213295 0.9713313651791825 0.9445617978364923
count 9
f1, pre, rec [1448 2000] 0.8437499999999999 0.9642857142857143 0.75 180 140
f1, pre, rec [1448 2000] 0.9435756464118177 0.9705485150799082 0.9229438202991042
count 10
f1, pre, rec [ 138 1359 2010] 0.8401253918495298 0.9640287769784173 0.7444444444444445 180 139
f1, pre, rec [ 138 1359 2010] 0.9332306209555888 0.9698965412697591 0.9050938827136381
count 11
f1, pre, rec [1114 1140] 0.9761336515513127 0.9738095238095238 0.9784688995215312 418 420
f1, pre, rec [1114 1140] 0.937130896464291 0.9702522669551922 0.9117643387870829
count 12
f1, pre, rec [1456 1858 2496] 0.9969493593654668 0.9951278928136419 0.9987775061124694 818 821
f1, pre, rec [1456 1858 2496] 0.9421157683727223 0.9723252357767297 0.9190154360641984
count 13
f1, pre, rec [1397 1707 2078] 0.996341463414634 0.9939172749391727 0.9987775061124694 818 822
f1, pre, rec [1397 1707 2078] 0.9462869756836386 0.9739861618661484 0.9251509799140655
count 14
f1, pre, rec [1017] 0.8463949843260187 0.9712230215827338 0.75 180 139
f1, pre, rec [1017] 0.9391518334438086 0.9737887947030474 0.9126401956344894
count 15
f1, pre, rec [  17  555 2607] 0.9159519725557461 0.9368421052631579 0.8959731543624161 298 285
f1, pre, rec [  17  555 2607] 0.937605176051271 0.9713256820737215 0.9115290595496844
count 16
f1, pre, rec [ 733 1911] 0.85 0.9714285714285714 0.7555555555555555 180 140
f1, pre, rec [ 733 1911] 0.9321298525480666 0.9713321126583996 0.9017807155500515
count 17
f1, pre, rec [2211] 0.8401253918495298 0.9640287769784173 0.7444444444444445 180 139
f1, pre, rec [2211] 0.9267178254481526 0.9709025046772242 0.8925256407791333
count 18
f1, pre, rec [1008 1668] 0.9975579975579975 0.9963414634146341 0.9987775061124694 818 820
f1, pre, rec [1008 1668] 0.9306533905653662 0.9723157801626358 0.8984285221865408
count 19
f1, pre, rec [ 811  946 1599] 0.8437499999999999 0.9642857142857143 0.75 180 140
f1, pre, rec [ 811  946 1599] 0.9260795279040311 0.9718931451164821 0.8906164947030387
count 20
f1, pre, rec [1509] 0.9761336515513127 0.9738095238095238 0.9784688995215312 418 420
f1, pre, rec [1509] 0.9285822340863952 0.9719889640511342 0.8950091149439633
count 21
f1, pre, rec [538] 0.9736842105263157 0.9926829268292683 0.9553990610328639 426 410
f1, pre, rec [538] 0.9307299472502009 0.972974390850093 0.8978848266624824
count 22
f1, pre, rec [ 916 1041 2325] 0.9785714285714285 0.9927536231884058 0.9647887323943662 426 414
f1, pre, rec [ 916 1041 2325] 0.9329045600375294 0.9738734468654708 0.9009259132866589
count 23
f1, pre, rec [ 358 1367 2552] 0.9969493593654668 0.9951278928136419 0.9987775061124694 818 821
f1, pre, rec [ 358 1367 2552] 0.9356891165300484 0.9747975532110434 0.905180330366042
count 24
f1, pre, rec [ 441  710 2147] 0.9803370786516854 0.9667590027700831 0.9943019943019943 351 361
f1, pre, rec [ 441  710 2147] 0.9375494482851167 0.9744626136093367 0.9088937330300401
count 25
f1, pre, rec [898] 0.9761336515513127 0.9738095238095238 0.9784688995215312 418 420
f1, pre, rec [898] 0.9390928164157644 0.9744364900173443 0.9116767396896996
count 26
f1, pre, rec [1148 2076] 0.9058823529411764 0.9625 0.8555555555555555 180 160
f1, pre, rec [1148 2076] 0.937815490897511 0.9739773942474463 0.9095182326076171
count 27
f1, pre, rec [ 912 1132 2482] 0.9803370786516854 0.9667590027700831 0.9943019943019943 351 361
f1, pre, rec [ 912 1132 2482] 0.939390364518036 0.9737100464149514 0.9126583719296312
count 28
f1, pre, rec [ 609 1847] 0.9817158931082981 0.9694444444444444 0.9943019943019943 351 360
f1, pre, rec [ 609 1847] 0.9409019905391168 0.9735577034874333 0.915574215585787
count 29
f1, pre, rec [569] 0.9803370786516854 0.9667590027700831 0.9943019943019943 351 361
f1, pre, rec [569] 0.9422618211636882 0.9733232655316626 0.9182889665760011
count 30
f1, pre, rec [2253] 0.9150779896013865 0.946236559139785 0.8859060402684564 298 279
f1, pre, rec [2253] 0.9413556934449449 0.9724203753186 0.9172095356990829
count 31
f1, pre, rec [ 876 1143 1368] 0.9749702026221693 0.9714964370546318 0.9784688995215312 418 421
f1, pre, rec [ 876 1143 1368] 0.9424400324506618 0.972390570858472 0.9191856442094845
count 32
f1, pre, rec [ 671 1157 2703] 0.9180887372013652 0.9340277777777778 0.9026845637583892 298 288
f1, pre, rec [ 671 1157 2703] 0.9416790544741213 0.9711917335747003 0.9186699854453877
count 33
f1, pre, rec [965] 0.9969493593654668 0.9951278928136419 0.9987775061124694 818 821
f1, pre, rec [965] 0.9433539121981014 0.9719170717334562 0.9210974860716629
count 34
f1, pre, rec [ 161 1982 2356] 0.9975579975579975 0.9963414634146341 0.9987775061124694 818 820
f1, pre, rec [ 161 1982 2356] 0.9449481500028041 0.9726354361946674 0.9233821925434512
count 35
f1, pre, rec [ 298 1028] 0.9672897196261683 0.981042654028436 0.9539170506912442 217 211
f1, pre, rec [ 298 1028] 0.9455864805634716 0.9728756424184895 0.9242546170619597
count 36
f1, pre, rec [ 801 2006] 0.9601873536299766 0.9761904761904762 0.9447004608294931 217 210
f1, pre, rec [ 801 2006] 0.9459920603708745 0.9729677211343779 0.9248225571666134
count 37
f1, pre, rec [ 350 1185 2209] 0.9601873536299766 0.9761904761904762 0.9447004608294931 217 210
f1, pre, rec [ 350 1185 2209] 0.9463757169454449 0.9730548226223805 0.9253597978061507
count 38
f1, pre, rec [ 201 2126] 0.9175257731958762 0.9401408450704225 0.8959731543624161 298 284
f1, pre, rec [ 201 2126] 0.9456165078994035 0.9721886653183817 0.9245864650839472
count 39
f1, pre, rec [2658] 0.9172413793103449 0.9432624113475178 0.8926174496644296 298 282
f1, pre, rec [2658] 0.9448889404996842 0.971446966498616 0.9237667467398569
count 40
f1, pre, rec [ 988 1522] 0.9749702026221693 0.9903147699757869 0.960093896713615 426 413
f1, pre, rec [ 988 1522] 0.9456409720527462 0.9719186615855453 0.9246749254892009
count 41
f1, pre, rec [2401] 0.9761336515513127 0.9738095238095238 0.9784688995215312 418 420
f1, pre, rec [2401] 0.9463846959429553 0.9719647801763739 0.9259869736363309
count 42
f1, pre, rec [1026 1743] 0.9774078478002379 0.9903614457831326 0.9647887323943662 426 415
f1, pre, rec [1026 1743] 0.9471233424157477 0.9724027960241538 0.9269108250353317
count 43
f1, pre, rec [ 427 2320] 0.9579439252336449 0.9715639810426541 0.9447004608294931 217 211
f1, pre, rec [ 427 2320] 0.9473749838766289 0.9723832886990027 0.9273245374956611
count 44
f1, pre, rec [496] 0.9975579975579975 0.9963414634146341 0.9987775061124694 818 820
f1, pre, rec [496] 0.9485155069148419 0.9729277926698127 0.9289484686005886
count 45
f1, pre, rec [1537 1733] 0.9761336515513127 0.9927184466019418 0.960093896713615 426 412
f1, pre, rec [1537 1733] 0.9491292434623191 0.9733675849794154 0.9296405892253226
count 46
f1, pre, rec [ 207 2081] 0.9134125636672326 0.9243986254295533 0.9026845637583892 298 291
f1, pre, rec [ 207 2081] 0.9483527939015562 0.9723030423805055 0.9290545886716935
count 47
f1, pre, rec [  36  296 2234] 0.9761904761904762 0.9903381642512077 0.9624413145539906 426 414
f1, pre, rec [  36  296 2234] 0.9489450850140864 0.9726867683777544 0.9297649445415297
count 48
f1, pre, rec [1328] 0.9844851904090267 0.9748603351955307 0.9943019943019943 351 358
f1, pre, rec [1328] 0.949685503876481 0.9727320510197913 0.9311094664115394
count 49
f1, pre, rec [2666] 0.9761336515513127 0.9738095238095238 0.9784688995215312 418 420
f1, pre, rec [2666] 0.9502252619922938 0.9727540402603981 0.9320759854546004
count 50
f1, pre, rec [ 412 1244] 0.9156626506024096 0.9399293286219081 0.8926174496644296 298 283
f1, pre, rec [ 412 1244] 0.9495340097644962 0.9720975460276283 0.9312868147387969
count 51
f1, pre, rec [1256 1457 2651] 0.9244186046511628 0.9695121951219512 0.8833333333333333 180 164
f1, pre, rec [1256 1457 2651] 0.9490415508407054 0.9720468528726149 0.9303465503975133
count 52
f1, pre, rec [2] 0.9601873536299766 0.9761904761904762 0.9447004608294931 217 210
f1, pre, rec [2] 0.9492558932020375 0.97212653793642 0.9306225871365899
count 53
f1, pre, rec [1944] 0.9844851904090267 0.9748603351955307 0.9943019943019943 351 358
f1, pre, rec [1944] 0.9499205969229241 0.9721781190167805 0.9318240853849937
count 54
f1, pre, rec [1177 1927] 0.9969493593654668 0.9951278928136419 0.9987775061124694 818 821
f1, pre, rec [1177 1927] 0.9507914999311192 0.9726031148278336 0.9330639635466136
count 55
f1, pre, rec [123 124] 0.9601873536299766 0.9761904761904762 0.9447004608294931 217 210
f1, pre, rec [123 124] 0.9509623336347348 0.9726683395798815 0.9332755362244842
count 56
f1, pre, rec [1104] 0.9969493593654668 0.9951278928136419 0.9987775061124694 818 821
f1, pre, rec [1104] 0.9517835305227836 0.9730694030304844 0.9344452142581982
count 57
f1, pre, rec [2418] 0.9169550173010381 0.9464285714285714 0.889261744966443 298 280
f1, pre, rec [2418] 0.9511725039750336 0.9726020200199245 0.9336525218144831
count 58
f1, pre, rec [ 179 1091] 0.8375 0.9571428571428572 0.7444444444444445 180 140
f1, pre, rec [ 179 1091] 0.9492126332168433 0.9723354827289405 0.9303903135839653
count 59
f1, pre, rec [2489] 0.9761336515513127 0.9738095238095238 0.9784688995215312 418 420
f1, pre, rec [2489] 0.9496689216631904 0.972360466476069 0.9312052048710426
count 60
f1, pre, rec [ 292 1891] 0.9975579975579975 0.9963414634146341 0.9987775061124694 818 820
f1, pre, rec [ 292 1891] 0.9504670729281038 0.9727601497583785 0.932331409891733
count 61
f1, pre, rec [1557 1588 1811] 0.9761336515513127 0.9738095238095238 0.9784688995215312 418 420
f1, pre, rec [1557 1588 1811] 0.9508878365120909 0.972777352611676 0.9330877621807461
count 62
f1, pre, rec [ 617 1167] 0.9749702026221693 0.9903147699757869 0.960093896713615 426 413
f1, pre, rec [ 617 1167] 0.9512762617719308 0.9730602141820649 0.9335233449957924
count 63
f1, pre, rec [ 465 1189 1964] 0.9785714285714285 0.9927536231884058 0.9647887323943662 426 414
f1, pre, rec [ 465 1189 1964] 0.9517095183877958 0.9733728079758163 0.934019620986246
count 64
f1, pre, rec [996] 0.9147826086956521 0.9494584837545126 0.8825503355704698 298 277
f1, pre, rec [996] 0.9511325354238561 0.9729991466598584 0.9332154134016245
count 65
f1, pre, rec [1490 1583 1692] 0.9761336515513127 0.9738095238095238 0.9784688995215312 418 420
f1, pre, rec [1490 1583 1692] 0.9515171679796631 0.9730116140006224 0.9339116208803923
count 66
f1, pre, rec [  37  745 2263] 0.9175257731958762 0.9401408450704225 0.8959731543624161 298 284
f1, pre, rec [  37  745 2263] 0.9510021468465755 0.9725135720471345 0.93333679563012
count 67
f1, pre, rec [  76 1961] 0.9789621318373072 0.9640883977900553 0.9943019943019943 351 362
f1, pre, rec [  76 1961] 0.9514194600553924 0.9723878231776257 0.934246723968506
count 68
f1, pre, rec [1610] 0.9761336515513127 0.9738095238095238 0.9784688995215312 418 420
f1, pre, rec [1610] 0.9517829040479794 0.9724087305398595 0.9348970500795799
count 69
f1, pre, rec [613] 0.8375 0.9571428571428572 0.7444444444444445 180 140
f1, pre, rec [613] 0.9501266300762696 0.972187485997874 0.9321368673892156
count 70
f1, pre, rec [1228 2289 2626] 0.9601873536299766 0.9761904761904762 0.9447004608294931 217 210
f1, pre, rec [1228 2289 2626] 0.9502703546984654 0.9722446715720541 0.9323163472955053
count 71
f1, pre, rec [1020 1965] 0.9601873536299766 0.9761904761904762 0.9447004608294931 217 210
f1, pre, rec [1020 1965] 0.9504100307397543 0.9723002462849897 0.9324907714297869
count 72
f1, pre, rec [  91 1810 1916] 0.9803370786516854 0.9667590027700831 0.9943019943019943 351 361
f1, pre, rec [  91 1810 1916] 0.9508256841829756 0.9722232845695049 0.9333492606363453
count 73
f1, pre, rec [1289] 0.9601873536299766 0.9761904761904762 0.9447004608294931 217 210
f1, pre, rec [1289] 0.9509539262301948 0.9722776296602033 0.9335047565294021
count 74
f1, pre, rec [1274 1762 2474] 0.9975579975579975 0.9963414634146341 0.9987775061124694 818 820
f1, pre, rec [1274 1762 2474] 0.9515837109778676 0.9726028166028308 0.9343868207129571
count 75
f1, pre, rec [483] 0.9975579975579975 0.9963414634146341 0.9987775061124694 818 820
f1, pre, rec [483] 0.9521967014656026 0.9729193318936549 0.9352453631849507
count 76
f1, pre, rec [ 467 1149 2455] 0.9797859690844233 0.9927710843373494 0.9671361502347418 426 415
f1, pre, rec [ 467 1149 2455] 0.9525597181447976 0.9731805391626508 0.9356649788040269
count 77
f1, pre, rec [437] 0.9624413145539906 0.9808612440191388 0.9447004608294931 217 209
f1, pre, rec [437] 0.9526880505656962 0.9732802885763714 0.9357823227264355
count 78
f1, pre, rec [1880 1989 2227] 0.8807339449541285 0.9795918367346939 0.8 180 147
f1, pre, rec [1880 1989 2227] 0.9517655620322145 0.9733612058604526 0.9340415237171222
count 79
f1, pre, rec [ 574 1732 2304] 0.9761336515513127 0.9927184466019418 0.960093896713615 426 412
f1, pre, rec [ 574 1732 2304] 0.9520740188615702 0.9736062342242688 0.9343713005904956
count 80
f1, pre, rec [1448 2010 2211] 0.8463949843260187 0.9712230215827338 0.75 180 139
f1, pre, rec [1448 2010 2211] 0.9507530309298758 0.9735764440662497 0.9320666593331144
count 81
f1, pre, rec [ 214 2651] 0.8395061728395062 0.9444444444444444 0.7555555555555555 180 144
f1, pre, rec [ 214 2651] 0.9493796129287602 0.9732167897499311 0.9298875099037618
count 82
f1, pre, rec [ 901 1462] 0.9844851904090267 0.9748603351955307 0.9943019943019943 351 358
f1, pre, rec [ 901 1462] 0.9498077297273001 0.9732368329870725 0.9306730523964232
count 83
f1, pre, rec [615 944] 0.8411214953271028 0.9574468085106383 0.75 180 141
f1, pre, rec [615 944] 0.9484982570236832 0.9730465917283203 0.9284962686326108
count 84
f1, pre, rec [1026 1519 2114] 0.9774078478002379 0.9903614457831326 0.9647887323943662 426 415
f1, pre, rec [1026 1519 2114] 0.9488424188186422 0.9732527209432585 0.9289283217726317
count 85
f1, pre, rec [ 558 2238] 0.9624413145539906 0.9808612440191388 0.9447004608294931 217 209
f1, pre, rec [ 558 2238] 0.9490024058272932 0.9733422329794453 0.9291138763497713
count 86
f1, pre, rec [1283] 0.965034965034965 0.9764150943396226 0.9539170506912442 217 212
f1, pre, rec [1283] 0.9491888309343591 0.973377963925494 0.9294022853537419
count 87
f1, pre, rec [1918 2301] 0.9830985915492959 0.9721448467966574 0.9943019943019943 351 359
f1, pre, rec [1918 2301] 0.9495785982977492 0.9733637901653924 0.9301482590198138
count 88
f1, pre, rec [360 529] 0.919104991394148 0.9434628975265018 0.8959731543624161 298 283
f1, pre, rec [360 529] 0.9492323073102082 0.9730240072944959 0.929759905557798
count 89
f1, pre, rec [  73  227 2034] 0.9817158931082981 0.9694444444444444 0.9943019943019943 351 360
f1, pre, rec [  73  227 2034] 0.9495972914202992 0.972983787487192 0.9304850975661597
count 90
f1, pre, rec [1296 2171] 0.9761336515513127 0.9927184466019418 0.960093896713615 426 412
f1, pre, rec [1296 2171] 0.9498921398661994 0.9732030614773559 0.9308140842233537
count 91
f1, pre, rec [303 413] 0.9624413145539906 0.9808612440191388 0.9447004608294931 217 209
f1, pre, rec [303 413] 0.9500300428847465 0.9732872173294633 0.9309666817684761
count 92
f1, pre, rec [1592 1868] 0.9789621318373072 0.9640883977900553 0.9943019943019943 351 362
f1, pre, rec [1592 1868] 0.9503445221124917 0.9731872301605567 0.931655109078623
count 93
f1, pre, rec [1607] 0.9761336515513127 0.9738095238095238 0.9784688995215312 418 420
f1, pre, rec [1607] 0.9506218245795757 0.9731939214901155 0.932158483169407
count 94
f1, pre, rec [1178] 0.9737470167064438 0.9902912621359223 0.9577464788732394 426 412
f1, pre, rec [1178] 0.9508678372617764 0.9733758080927305 0.9324306958896604
count 95
f1, pre, rec [1948] 0.9975579975579975 0.9963414634146341 0.9987775061124694 818 820
f1, pre, rec [1948] 0.9513593126333154 0.9736175518329611 0.93312908336569
count 96
f1, pre, rec [1043 1482] 0.9773539928486293 0.9927360774818402 0.9624413145539906 426 413
f1, pre, rec [1043 1482] 0.951630090552225 0.9738167031418036 0.9334344191072348
count 97
f1, pre, rec [1203 1499] 0.9094017094017094 0.926829268292683 0.8926174496644296 298 287
f1, pre, rec [1203 1499] 0.9511947464166527 0.9733322965969672 0.9330136256078244
count 98
f1, pre, rec [ 963 1947 2656] 0.9601873536299766 0.9761904761904762 0.9447004608294931 217 210
f1, pre, rec [ 963 1947 2656] 0.9512865077147478 0.9733614616948602 0.9331328790284537
count 99
f1, pre, rec [ 949 2117 2539] 0.9761336515513127 0.9738095238095238 0.9784688995215312 418 420
f1, pre, rec [ 949 2117 2539] 0.9515374889656222 0.9733659875748063 0.9335908186293939
count 100
f1, pre, rec [623] 0.9185441941074524 0.9498207885304659 0.889261744966443 298 279
f1, pre, rec [623] 0.9512075560170404 0.9731305355843628 0.9331475278927645
F1, Pre, Rec 0.9512075560170404 0.9731305355843628 0.9331475278927645
NMI:  0.8656081151700632
ARI:  0.9358608419558918
JAC:  0.9107405180635472
test1 time, avg time 0 0.0
==================================== 0.9788403334572293 0.9573876915086991 0.9679951690821257
test1 time, test1 num 81.40855288505554 100
current best val score (precision, recall, f1score) : 0.9780811025708985 0.9573507665966223 0.9676049136699135
corresponding test1 score (precision, recall, f1score) : 0.9731305355843628 0.9331475278927645 0.9512075560170404
79 loss tensor(1.2270, grad_fn=<AddBackward0>)
80 loss tensor(1.2531, grad_fn=<AddBackward0>)
81 loss tensor(1.2055, grad_fn=<AddBackward0>)
82 loss tensor(1.1724, grad_fn=<AddBackward0>)
83 loss tensor(1.1949, grad_fn=<AddBackward0>)
84 loss tensor(1.2021, grad_fn=<AddBackward0>)
85 loss tensor(1.1280, grad_fn=<AddBackward0>)
86 loss tensor(1.2246, grad_fn=<AddBackward0>)
87 loss tensor(1.1138, grad_fn=<AddBackward0>)
88 loss tensor(1.1680, grad_fn=<AddBackward0>)

validation
num  all, output label  270800 38593.70396146042 38547.0
num  all, output_bin label_bin  270800 36482 38547
num  all, output_bin_0.4 label_bin_0.4  270800 37789 38547
iou_thr: 0.05, precision, recall, f1_score : 0.736 1.000 0.848
iou_thr: 0.10, precision, recall, f1_score : 0.825 0.999 0.904
iou_thr: 0.15, precision, recall, f1_score : 0.877 0.997 0.933
iou_thr: 0.20, precision, recall, f1_score : 0.908 0.995 0.950
iou_thr: 0.25, precision, recall, f1_score : 0.943 0.985 0.963
iou_thr: 0.30, precision, recall, f1_score : 0.967 0.973 0.970
iou_thr: 0.35, precision, recall, f1_score : 0.981 0.962 0.971
iou_thr: 0.40, precision, recall, f1_score : 0.989 0.955 0.971
iou_thr: 0.45, precision, recall, f1_score : 0.992 0.949 0.970
iou_thr: 0.50, precision, recall, f1_score : 0.995 0.942 0.968
iou_thr: 0.55, precision, recall, f1_score : 0.997 0.936 0.965
iou_thr: 0.60, precision, recall, f1_score : 0.998 0.928 0.962
iou_thr: 0.65, precision, recall, f1_score : 0.998 0.919 0.957
iou_thr: 0.70, precision, recall, f1_score : 0.998 0.913 0.954
iou_thr: 0.75, precision, recall, f1_score : 0.999 0.904 0.949
iou_thr: 0.80, precision, recall, f1_score : 0.999 0.894 0.943
iou_thr: 0.85, precision, recall, f1_score : 0.999 0.877 0.934
iou_thr: 0.90, precision, recall, f1_score : 1.000 0.861 0.925
iou_thr: 0.95, precision, recall, f1_score : 1.000 0.817 0.899
current best thr  0.35
current val score (precision, recall, f1score) : 0.9810526872899521 0.9617609671310349 0.9713110459023266
count 1
f1, pre, rec [213 824] 0.9802259887005651 0.9719887955182073 0.9886039886039886 351 357
f1, pre, rec [213 824] 0.9802259887005651 0.9719887955182073 0.9886039886039886
count 2
f1, pre, rec [ 954 1610] 0.9820359281437125 0.9832134292565947 0.9808612440191388 418 417
f1, pre, rec [ 954 1610] 0.9811309584221388 0.977601112387401 0.9847326163115637
count 3
f1, pre, rec [1349 2680] 0.9820359281437125 0.9832134292565947 0.9808612440191388 418 417
f1, pre, rec [1349 2680] 0.9814326149959968 0.9794718846771322 0.9834421588807554
count 4
f1, pre, rec [1812] 0.9816124469589816 0.9747191011235955 0.9886039886039886 351 356
f1, pre, rec [1812] 0.981477572986743 0.978283688788748 0.9847326163115637
count 5
f1, pre, rec [487] 0.9820359281437125 0.9832134292565947 0.9808612440191388 418 417
f1, pre, rec [487] 0.9815892440181369 0.9792696368823174 0.9839583418530788
count 6
f1, pre, rec [2165] 0.8571428571428571 1.0 0.75 180 135
f1, pre, rec [2165] 0.9608481795389235 0.9827246974019311 0.9449652848775657
count 7
f1, pre, rec [2017] 0.9230769230769231 0.9407665505226481 0.9060402684563759 298 287
f1, pre, rec [2017] 0.9554522857586377 0.9767306764191764 0.9394045682459672
count 8
f1, pre, rec [793] 0.9969493593654668 0.9951278928136419 0.9987775061124694 818 821
f1, pre, rec [793] 0.9606394199594914 0.9790303284684846 0.94682618547928
count 9
f1, pre, rec [1448 2000] 0.8607594936708861 1.0 0.7555555555555555 180 136
f1, pre, rec [1448 2000] 0.9495416503718686 0.9813602919719864 0.9255738932655329
count 10
f1, pre, rec [ 138 1359 2010] 0.8580441640378548 0.9927007299270073 0.7555555555555555 180 137
f1, pre, rec [ 138 1359 2010] 0.9403919017384672 0.9824943357674885 0.908572059494535
count 11
f1, pre, rec [1114 1140] 0.9820359281437125 0.9832134292565947 0.9808612440191388 418 417
f1, pre, rec [1114 1140] 0.9441777223207622 0.9825597079028617 0.9151438035422262
count 12
f1, pre, rec [1456 1858 2496] 0.9969493593654668 0.9951278928136419 0.9987775061124694 818 821
f1, pre, rec [1456 1858 2496] 0.9485753587411542 0.9836070566454267 0.9221132787564131
count 13
f1, pre, rec [1397 1707 2078] 0.9975579975579975 0.9963414634146341 0.9987775061124694 818 820
f1, pre, rec [1397 1707 2078] 0.9523432540347575 0.9845866263969042 0.9280105270145713
count 14
f1, pre, rec [1017] 0.8535031847133758 1.0 0.7444444444444445 180 134
f1, pre, rec [1017] 0.9452832490832302 0.9856875816542682 0.914898663973848
count 15
f1, pre, rec [  17  555 2607] 0.9222972972972974 0.9285714285714286 0.9161073825503355 298 294
f1, pre, rec [  17  555 2607] 0.9437508522975013 0.9818798381154122 0.9149792452122804
count 16
f1, pre, rec [ 733 1911] 0.8616352201257861 0.9927536231884058 0.7611111111111111 180 138
f1, pre, rec [ 733 1911] 0.9386186252867691 0.9825594496824743 0.9053624868309573
count 17
f1, pre, rec [2211] 0.8498402555910544 1.0 0.7388888888888889 180 133
f1, pre, rec [2211] 0.9333963682458447 0.9835853644070347 0.8955699222461297
count 18
f1, pre, rec [1008 1668] 0.9975579975579975 0.9963414634146341 0.9987775061124694 818 820
f1, pre, rec [1008 1668] 0.9369609032076309 0.9842940365741235 0.9013036769053708
count 19
f1, pre, rec [ 811  946 1599] 0.8544303797468354 0.9926470588235294 0.75 180 136
f1, pre, rec [ 811  946 1599] 0.9326171914465363 0.9847336693240922 0.8933403254892988
count 20
f1, pre, rec [1509] 0.9820359281437125 0.9832134292565947 0.9808612440191388 418 417
f1, pre, rec [1509] 0.9350881282813951 0.9846576573207173 0.8977163714157907
count 21
f1, pre, rec [538] 0.9834515366430261 0.9904761904761905 0.9765258215962441 426 420
f1, pre, rec [538] 0.9373911477271871 0.9849347303281208 0.9014692023767646
count 22
f1, pre, rec [ 916 1041 2325] 0.9822485207100592 0.9904534606205251 0.9741784037558685 426 419
f1, pre, rec [ 916 1041 2325] 0.9394301192264085 0.9851855817050482 0.9047741660758148
count 23
f1, pre, rec [ 358 1367 2552] 0.9969493593654668 0.9951278928136419 0.9987775061124694 818 821
f1, pre, rec [ 358 1367 2552] 0.9419309557541936 0.9856178561010741 0.9088612678165389
count 24
f1, pre, rec [ 441  710 2147] 0.9788434414668548 0.9692737430167597 0.9886039886039886 351 358
f1, pre, rec [ 441  710 2147] 0.9434689759922211 0.9849368513892277 0.9121838811826826
count 25
f1, pre, rec [898] 0.9820359281437125 0.9832134292565947 0.9808612440191388 418 417
f1, pre, rec [898] 0.9450116540782808 0.9848679145039223 0.9149309756961408
count 26
f1, pre, rec [1148 2076] 0.9226190476190477 0.9935897435897436 0.8611111111111112 180 156
f1, pre, rec [1148 2076] 0.9441503999836949 0.9852033694687616 0.9128609809044088
count 27
f1, pre, rec [ 912 1132 2482] 0.9775280898876404 0.96398891966759 0.9914529914529915 351 361
f1, pre, rec [ 912 1132 2482] 0.9453866107208782 0.9844176491057552 0.9157717961099119
count 28
f1, pre, rec [ 609 1847] 0.9774647887323944 0.9665738161559888 0.9886039886039886 351 359
f1, pre, rec [ 609 1847] 0.9465322599355751 0.9837803693575493 0.9183729458418431
count 29
f1, pre, rec [569] 0.9788434414668548 0.9692737430167597 0.9886039886039886 351 358
f1, pre, rec [569] 0.9476464386090675 0.9832801408630394 0.9207947059370896
count 30
f1, pre, rec [2253] 0.9241379310344828 0.950354609929078 0.8993288590604027 298 282
f1, pre, rec [2253] 0.9468628216899148 0.9821826231652406 0.9200791777078667
count 31
f1, pre, rec [ 876 1143 1368] 0.9820359281437125 0.9832134292565947 0.9808612440191388 418 417
f1, pre, rec [ 876 1143 1368] 0.947997438027134 0.9822158749746391 0.9220398895243593
count 32
f1, pre, rec [ 671 1157 2703] 0.9176470588235295 0.9191919191919192 0.9161073825503355 298 297
f1, pre, rec [ 671 1157 2703] 0.9470489886770214 0.9802463763564292 0.9218544986814211
count 33
f1, pre, rec [965] 0.9969493593654668 0.9951278928136419 0.9987775061124694 818 821
f1, pre, rec [965] 0.9485611211221258 0.9806973314005872 0.9241854989066044
count 34
f1, pre, rec [ 161 1982 2356] 0.9975579975579975 0.9963414634146341 0.9987775061124694 818 820
f1, pre, rec [ 161 1982 2356] 0.9500022057231807 0.9811574529304122 0.9263793814714827
count 35
f1, pre, rec [ 298 1028] 0.9743589743589743 0.9858490566037735 0.9631336405529954 217 212
f1, pre, rec [ 298 1028] 0.950698113398489 0.9812914987496513 0.9274295031595259
count 36
f1, pre, rec [ 801 2006] 0.9648711943793911 0.9809523809523809 0.9493087557603687 217 210
f1, pre, rec [ 801 2006] 0.951091810092403 0.9812820788108382 0.9280372601762159
count 37
f1, pre, rec [ 350 1185 2209] 0.9626168224299065 0.976303317535545 0.9493087557603687 217 211
f1, pre, rec [ 350 1185 2209] 0.9514032969123355 0.9811475176952897 0.9286121654622742
count 38
f1, pre, rec [ 201 2126] 0.9254237288135593 0.934931506849315 0.9161073825503355 298 292
f1, pre, rec [ 201 2126] 0.950719624067631 0.9799313068835536 0.9282830922277495
count 39
f1, pre, rec [2658] 0.9228130360205832 0.9438596491228071 0.9026845637583892 298 285
f1, pre, rec [2658] 0.9500040705279631 0.979006392581996 0.9276267197028941
count 40
f1, pre, rec [ 988 1522] 0.9822485207100592 0.9904534606205251 0.9741784037558685 426 419
f1, pre, rec [ 988 1522] 0.9508101817825155 0.9792925692829592 0.9287905118042186
count 41
f1, pre, rec [2401] 0.9820359281437125 0.9832134292565947 0.9808612440191388 418 417
f1, pre, rec [2401] 0.9515717853523007 0.9793882000140234 0.9300605296631191
count 42
f1, pre, rec [1026 1743] 0.9846517119244392 0.9904988123515439 0.9788732394366197 426 421
f1, pre, rec [1026 1743] 0.9523594026516374 0.979652738403012 0.9312227370386785
count 43
f1, pre, rec [ 427 2320] 0.9603729603729604 0.9716981132075472 0.9493087557603687 217 212
f1, pre, rec [ 427 2320] 0.95254576445911 0.9794677471193965 0.9316433421252295
count 44
f1, pre, rec [496] 0.9975579975579975 0.9963414634146341 0.9987775061124694 818 820
f1, pre, rec [496] 0.9535687697568119 0.979851240671561 0.9331691185794849
count 45
f1, pre, rec [1537 1733] 0.9822485207100592 0.9904534606205251 0.9741784037558685 426 419
f1, pre, rec [1537 1733] 0.954206097555773 0.9800868455593158 0.9340804360278491
count 46
f1, pre, rec [ 207 2081] 0.9207419898819561 0.9254237288135593 0.9161073825503355 298 295
f1, pre, rec [ 207 2081] 0.9534786169541682 0.9788985169344081 0.9336897174739901
count 47
f1, pre, rec [  36  296 2234] 0.9822485207100592 0.9904534606205251 0.9741784037558685 426 419
f1, pre, rec [  36  296 2234] 0.9540907425659957 0.9791443668000701 0.9345511788842429
count 48
f1, pre, rec [1328] 0.9844413012729845 0.9775280898876404 0.9914529914529915 351 356
f1, pre, rec [1328] 0.9547230458723913 0.9791106943643945 0.9357366333127585
count 49
f1, pre, rec [2666] 0.9820359281437125 0.9832134292565947 0.9808612440191388 418 417
f1, pre, rec [2666] 0.9552804516330305 0.9791944236479088 0.9366575437353376
count 50
f1, pre, rec [ 412 1244] 0.9233390119250426 0.9377162629757786 0.9093959731543624 298 289
f1, pre, rec [ 412 1244] 0.9546416228388708 0.9783648604344661 0.936112312323718
count 51
f1, pre, rec [1256 1457 2651] 0.9380530973451328 1.0 0.8833333333333333 180 159
f1, pre, rec [1256 1457 2651] 0.9543163576331112 0.9787890788573197 0.9350774303827302
count 52
f1, pre, rec [2] 0.9671361502347418 0.9856459330143541 0.9493087557603687 217 209
f1, pre, rec [2] 0.9545628921062195 0.9789209414372627 0.9353511097169155
count 53
f1, pre, rec [1944] 0.983050847457627 0.9747899159663865 0.9914529914529915 351 357
f1, pre, rec [1944] 0.9551004006977555 0.9788429975604537 0.9364096357874075
count 54
f1, pre, rec [1177 1927] 0.9975579975579975 0.9963414634146341 0.9987775061124694 818 820
f1, pre, rec [1177 1927] 0.9558866524914637 0.97916704322442 0.9375645963489828
count 55
f1, pre, rec [123 124] 0.9671361502347418 0.9856459330143541 0.9493087557603687 217 209
f1, pre, rec [123 124] 0.9560911888140687 0.9792848412206007 0.937778126520099
count 56
f1, pre, rec [1104] 0.9975579975579975 0.9963414634146341 0.9987775061124694 818 820
f1, pre, rec [1104] 0.956831667541639 0.9795894237597799 0.9388674011556769
count 57
f1, pre, rec [2418] 0.9243986254295532 0.9471830985915493 0.9026845637583892 298 284
f1, pre, rec [2418] 0.9562626668028305 0.9790208917392846 0.9382326145346719
count 58
f1, pre, rec [ 179 1091] 0.849056603773585 0.9782608695652174 0.75 180 138
f1, pre, rec [ 179 1091] 0.9544142864057744 0.9790077879086972 0.9349872246289017
count 59
f1, pre, rec [2489] 0.9820359281437125 0.9832134292565947 0.9808612440191388 418 417
f1, pre, rec [2489] 0.9548824498250614 0.9790790699654413 0.9357647503812786
count 60
f1, pre, rec [ 292 1891] 0.9975579975579975 0.9963414634146341 0.9987775061124694 818 820
f1, pre, rec [ 292 1891] 0.9555937089539437 0.9793667765229279 0.9368149629767984
count 61
f1, pre, rec [1557 1588 1811] 0.9820359281437125 0.9832134292565947 0.9808612440191388 418 417
f1, pre, rec [1557 1588 1811] 0.9560271879570547 0.9794298364038077 0.9375370331578204
count 62
f1, pre, rec [ 617 1167] 0.9822485207100592 0.9904534606205251 0.9741784037558685 426 419
f1, pre, rec [ 617 1167] 0.9564501126788773 0.9796076367943998 0.938128023006176
count 63
f1, pre, rec [ 465 1189 1964] 0.9822485207100592 0.9904534606205251 0.9741784037558685 426 419
f1, pre, rec [ 465 1189 1964] 0.9568596112190547 0.9797797927281477 0.9387002512720443
count 64
f1, pre, rec [996] 0.9175257731958762 0.9401408450704225 0.8959731543624161 298 284
f1, pre, rec [996] 0.9562450199999426 0.9791604341709959 0.9380326403828313
count 65
f1, pre, rec [1490 1583 1692] 0.9820359281437125 0.9832134292565947 0.9808612440191388 418 417
f1, pre, rec [1490 1583 1692] 0.9566418032021544 0.9792227879415435 0.938691541977236
count 66
f1, pre, rec [  37  745 2263] 0.9238578680203046 0.931740614334471 0.9161073825503355 298 293
f1, pre, rec [  37  745 2263] 0.9561450769115203 0.978503361068709 0.9383493577434951
count 67
f1, pre, rec [  76 1961] 0.9761570827489481 0.9613259668508287 0.9914529914529915 351 362
f1, pre, rec [  76 1961] 0.9564437635658103 0.9782469820505317 0.939141949291398
count 68
f1, pre, rec [1610] 0.9820359281437125 0.9832134292565947 0.9808612440191388 418 417
f1, pre, rec [1610] 0.95682011892725 0.9783200180388562 0.9397554683315119
count 69
f1, pre, rec [613] 0.8471337579617836 0.9925373134328358 0.7388888888888889 180 134
f1, pre, rec [613] 0.9552304615219535 0.9785260657981891 0.9368443584845174
count 70
f1, pre, rec [1228 2289 2626] 0.965034965034965 0.9764150943396226 0.9539170506912442 217 212
f1, pre, rec [1228 2289 2626] 0.9553705258578535 0.9784959090630668 0.9370882540874708
count 71
f1, pre, rec [1020 1965] 0.9648711943793911 0.9809523809523809 0.9493087557603687 217 210
f1, pre, rec [1020 1965] 0.9555043380905512 0.978530507258691 0.9372603738293426
count 72
f1, pre, rec [  91 1810 1916] 0.9774647887323944 0.9665738161559888 0.9886039886039886 351 359
f1, pre, rec [  91 1810 1916] 0.9558093443494656 0.9783644421044867 0.9379734795901015
count 73
f1, pre, rec [1289] 0.9671361502347418 0.9856459330143541 0.9493087557603687 217 209
f1, pre, rec [1289] 0.9559645060739214 0.9784641885553067 0.9381287573458585
count 74
f1, pre, rec [1274 1762 2474] 0.9969493593654668 0.9951278928136419 0.9987775061124694 818 821
f1, pre, rec [1274 1762 2474] 0.9565183554427261 0.9786893737479869 0.9389483350318939
count 75
f1, pre, rec [483] 0.9975579975579975 0.9963414634146341 0.9987775061124694 818 820
f1, pre, rec [483] 0.9570655506709297 0.9789247349435423 0.9397460573129683
count 76
f1, pre, rec [ 467 1149 2455] 0.9822485207100592 0.9904534606205251 0.9741784037558685 426 419
f1, pre, rec [ 467 1149 2455] 0.9573969055398656 0.97907642870245 0.9401991145030065
count 77
f1, pre, rec [437] 0.9647058823529412 0.9855769230769231 0.9447004608294931 217 208
f1, pre, rec [437] 0.9574918273166588 0.9791608507073133 0.9402575735462076
count 78
f1, pre, rec [1880 1989 2227] 0.8929663608562691 0.9931972789115646 0.8111111111111111 180 147
f1, pre, rec [1880 1989 2227] 0.9566645777466538 0.9793408049150601 0.9386018496688348
count 79
f1, pre, rec [ 574 1732 2304] 0.9834515366430261 0.9904761904761905 0.9765258215962441 426 420
f1, pre, rec [ 574 1732 2304] 0.9570036531757218 0.9794817591626693 0.9390818999463968
count 80
f1, pre, rec [1448 2010 2211] 0.8571428571428571 1.0 0.75 180 135
f1, pre, rec [1448 2010 2211] 0.9557553932253111 0.9797382371731359 0.9367183761970669
count 81
f1, pre, rec [ 214 2651] 0.8517350157728706 0.9854014598540146 0.75 180 137
f1, pre, rec [ 214 2651] 0.9544711910345403 0.9798081535025295 0.9344132110588315
count 82
f1, pre, rec [ 901 1462] 0.9816643159379407 0.9720670391061452 0.9914529914529915 351 358
f1, pre, rec [ 901 1462] 0.9548028145089719 0.9797137496684274 0.935108818136809
count 83
f1, pre, rec [615 944] 0.8544303797468354 0.9926470588235294 0.75 180 136
f1, pre, rec [615 944] 0.9535935080660545 0.9798695726702962 0.9328785914122691
count 84
f1, pre, rec [1026 1519 2114] 0.9858490566037736 0.990521327014218 0.9812206572769953 426 422
f1, pre, rec [1026 1519 2114] 0.9539775026915035 0.9799963792696286 0.933454092196373
count 85
f1, pre, rec [ 558 2238] 0.9695550351288056 0.9857142857142858 0.9539170506912442 217 210
f1, pre, rec [ 558 2238] 0.9541607677790012 0.9800636487572127 0.9336948328845479
count 86
f1, pre, rec [1283] 0.9743589743589743 0.9858490566037735 0.9631336405529954 217 212
f1, pre, rec [1283] 0.9543956306462102 0.980130920941475 0.9340371446016229
count 87
f1, pre, rec [1918 2301] 0.9774647887323944 0.9665738161559888 0.9886039886039886 351 359
f1, pre, rec [1918 2301] 0.9546607933828329 0.9799750921508372 0.9346643497050984
count 88
f1, pre, rec [360 529] 0.9217687074829932 0.9344827586206896 0.9093959731543624 298 290
f1, pre, rec [360 529] 0.9542870196794258 0.9794581338152674 0.9343772090624763
count 89
f1, pre, rec [  73  227 2034] 0.9774647887323944 0.9665738161559888 0.9886039886039886 351 359
f1, pre, rec [  73  227 2034] 0.9545474440508074 0.9793133662011181 0.9349864987202461
count 90
f1, pre, rec [1296 2171] 0.9834905660377359 0.9881516587677726 0.9788732394366197 426 422
f1, pre, rec [1296 2171] 0.9548690342951065 0.9794115694518587 0.9354741291726503
count 91
f1, pre, rec [303 413] 0.9648711943793911 0.9809523809523809 0.9493087557603687 217 210
f1, pre, rec [303 413] 0.9549789481421865 0.9794285014463698 0.9356261580362516
count 92
f1, pre, rec [1592 1868] 0.9788434414668548 0.9692737430167597 0.9886039886039886 351 358
f1, pre, rec [1592 1868] 0.9552383448087589 0.9793181236373524 0.9362020040206834
count 93
f1, pre, rec [1607] 0.9820359281437125 0.9832134292565947 0.9808612440191388 418 417
f1, pre, rec [1607] 0.9555264908661241 0.9793600086440108 0.9366822109023872
count 94
f1, pre, rec [1178] 0.9822485207100592 0.9904534606205251 0.9741784037558685 426 419
f1, pre, rec [1178] 0.9558107677793574 0.9794780240905696 0.9370811065710414
count 95
f1, pre, rec [1948] 0.9975579975579975 0.9963414634146341 0.9987775061124694 818 820
f1, pre, rec [1948] 0.956250212303343 0.9796555339781914 0.937730542355688
count 96
f1, pre, rec [1043 1482] 0.9822485207100592 0.9904534606205251 0.9741784037558685 426 419
f1, pre, rec [1043 1482] 0.956521028015913 0.9797680123807156 0.9381102075786066
count 97
f1, pre, rec [1203 1499] 0.9186440677966102 0.928082191780822 0.9093959731543624 298 292
f1, pre, rec [1203 1499] 0.9561305438899407 0.9792351688693766 0.9378141845433051
count 98
f1, pre, rec [ 963 1947 2656] 0.965034965034965 0.9764150943396226 0.9539170506912442 217 212
f1, pre, rec [ 963 1947 2656] 0.9562214053301961 0.9792063925986648 0.9379784995039984
count 99
f1, pre, rec [ 949 2117 2539] 0.9820359281437125 0.9832134292565947 0.9808612440191388 418 417
f1, pre, rec [ 949 2117 2539] 0.9564821580858881 0.9792468677164217 0.9384116585395048
count 100
f1, pre, rec [623] 0.924914675767918 0.9409722222222222 0.9093959731543624 298 288
f1, pre, rec [623] 0.9561664832627085 0.9788641212614797 0.9381215016856533
F1, Pre, Rec 0.9561664832627085 0.9788641212614797 0.9381215016856533
NMI:  0.8793018323496554
ARI:  0.9425002418874285
JAC:  0.9193346100118059
test1 time, avg time 0 0.0
==================================== 0.981734796670378 0.9616463256297065 0.9715867352293001
test1 time, test1 num 78.34323358535767 100
current best val score (precision, recall, f1score) : 0.9810526872899521 0.9617609671310349 0.9713110459023266
corresponding test1 score (precision, recall, f1score) : 0.9788641212614797 0.9381215016856533 0.9561664832627085
89 loss tensor(1.1217, grad_fn=<AddBackward0>)
90 loss tensor(1.1360, grad_fn=<AddBackward0>)
91 loss tensor(1.1192, grad_fn=<AddBackward0>)
92 loss tensor(1.1281, grad_fn=<AddBackward0>)
93 loss tensor(1.0875, grad_fn=<AddBackward0>)
94 loss tensor(1.1194, grad_fn=<AddBackward0>)
95 loss tensor(1.0550, grad_fn=<AddBackward0>)
96 loss tensor(1.1071, grad_fn=<AddBackward0>)
97 loss tensor(1.1061, grad_fn=<AddBackward0>)
98 loss tensor(1.0403, grad_fn=<AddBackward0>)

validation
num  all, output label  270800 38501.967531779155 38547.0
num  all, output_bin label_bin  270800 36625 38547
num  all, output_bin_0.4 label_bin_0.4  270800 37796 38547
iou_thr: 0.05, precision, recall, f1_score : 0.751 1.000 0.858
iou_thr: 0.10, precision, recall, f1_score : 0.840 1.000 0.913
iou_thr: 0.15, precision, recall, f1_score : 0.886 0.998 0.939
iou_thr: 0.20, precision, recall, f1_score : 0.932 0.995 0.963
iou_thr: 0.25, precision, recall, f1_score : 0.964 0.984 0.974
iou_thr: 0.30, precision, recall, f1_score : 0.979 0.973 0.976
iou_thr: 0.35, precision, recall, f1_score : 0.988 0.969 0.978
iou_thr: 0.40, precision, recall, f1_score : 0.992 0.960 0.976
iou_thr: 0.45, precision, recall, f1_score : 0.995 0.952 0.973
iou_thr: 0.50, precision, recall, f1_score : 0.997 0.947 0.971
iou_thr: 0.55, precision, recall, f1_score : 0.998 0.942 0.969
iou_thr: 0.60, precision, recall, f1_score : 0.998 0.934 0.965
iou_thr: 0.65, precision, recall, f1_score : 0.999 0.929 0.963
iou_thr: 0.70, precision, recall, f1_score : 0.999 0.922 0.959
iou_thr: 0.75, precision, recall, f1_score : 0.999 0.914 0.955
iou_thr: 0.80, precision, recall, f1_score : 0.999 0.904 0.949
iou_thr: 0.85, precision, recall, f1_score : 1.000 0.892 0.943
iou_thr: 0.90, precision, recall, f1_score : 1.000 0.870 0.930
iou_thr: 0.95, precision, recall, f1_score : 1.000 0.831 0.908
current best thr  0.35
current val score (precision, recall, f1score) : 0.9878558577627262 0.9686097491374167 0.9781381397115649
count 1
f1, pre, rec [213 824] 0.9928876244665717 0.9914772727272727 0.9943019943019943 351 352
f1, pre, rec [213 824] 0.9928876244665717 0.9914772727272727 0.9943019943019943
count 2
f1, pre, rec [ 954 1610] 0.9843937575030013 0.9879518072289156 0.9808612440191388 418 415
f1, pre, rec [ 954 1610] 0.9886406909847865 0.9897145399780942 0.9875816191605665
count 3
f1, pre, rec [1349 2680] 0.9843937575030013 0.9879518072289156 0.9808612440191388 418 415
f1, pre, rec [1349 2680] 0.9872250464908582 0.9891269623950346 0.985341494113424
count 4
f1, pre, rec [1812] 0.9928876244665717 0.9914772727272727 0.9943019943019943 351 352
f1, pre, rec [1812] 0.9886406909847866 0.9897145399780942 0.9875816191605665
count 5
f1, pre, rec [487] 0.9843937575030013 0.9879518072289156 0.9808612440191388 418 415
f1, pre, rec [487] 0.9877913042884294 0.9893619934282585 0.9862375441322809
count 6
f1, pre, rec [2165] 0.8427672955974843 0.9710144927536232 0.7444444444444445 180 138
f1, pre, rec [2165] 0.963620636173272 0.9863040766491525 0.9459386941843082
count 7
f1, pre, rec [2017] 0.9554794520547946 0.9755244755244755 0.9362416107382551 298 286
f1, pre, rec [2017] 0.9624576098706324 0.9847641336313416 0.9445533965491578
count 8
f1, pre, rec [793] 0.9987775061124694 0.9987775061124694 0.9987775061124694 818 818
f1, pre, rec [793] 0.9669975969008621 0.9865158051914826 0.9513314102445718
count 9
f1, pre, rec [1448 2000] 0.8391167192429022 0.9708029197080292 0.7388888888888889 180 137
f1, pre, rec [1448 2000] 0.952788610494422 0.9847699290266545 0.9277266856494959
count 10
f1, pre, rec [ 138 1359 2010] 0.8454258675078865 0.9781021897810219 0.7444444444444445 180 137
f1, pre, rec [ 138 1359 2010] 0.9420523361957684 0.9841031551020913 0.9093984615289908
count 11
f1, pre, rec [1114 1140] 0.9843937575030013 0.9879518072289156 0.9808612440191388 418 415
f1, pre, rec [1114 1140] 0.9459015563146078 0.9844530325681663 0.9158950781190043
count 12
f1, pre, rec [1456 1858 2496] 0.9975579975579975 0.9963414634146341 0.9987775061124694 818 820
f1, pre, rec [1456 1858 2496] 0.9502062597515569 0.9854437351387052 0.9228019471184598
count 13
f1, pre, rec [1397 1707 2078] 0.998167379352474 0.9975579975579976 0.9987775061124694 818 819
f1, pre, rec [1397 1707 2078] 0.9538955766439352 0.9863756014786508 0.9286462208872297
count 14
f1, pre, rec [1017] 0.8391167192429022 0.9708029197080292 0.7388888888888889 180 137
f1, pre, rec [1017] 0.9456970868295757 0.9852632670664636 0.9150921257444911
count 15
f1, pre, rec [  17  555 2607] 0.9556313993174061 0.9722222222222222 0.9395973154362416 298 288
f1, pre, rec [  17  555 2607] 0.9463593743287644 0.9843938640768475 0.9167258050572744
count 16
f1, pre, rec [ 733 1911] 0.8427672955974843 0.9710144927536232 0.7444444444444445 180 138
f1, pre, rec [ 733 1911] 0.9398848694080594 0.9835576533691459 0.9059582200189726
count 17
f1, pre, rec [2211] 0.8391167192429022 0.9708029197080292 0.7388888888888889 180 137
f1, pre, rec [2211] 0.9339573311630501 0.9828073749184919 0.8961306123054383
count 18
f1, pre, rec [1008 1668] 0.9987775061124694 0.9987775061124694 0.9987775061124694 818 818
f1, pre, rec [1008 1668] 0.9375584519935735 0.9836946044292684 0.90183321751694
count 19
f1, pre, rec [ 811  946 1599] 0.8391167192429022 0.9708029197080292 0.7388888888888889 180 137
f1, pre, rec [ 811  946 1599] 0.9323773081645907 0.9830160947070978 0.8932572002207267
count 20
f1, pre, rec [1509] 0.9843937575030013 0.9879518072289156 0.9808612440191388 418 415
f1, pre, rec [1509] 0.9349781306315113 0.9832628803331888 0.8976374024106473
count 21
f1, pre, rec [538] 0.9953271028037384 0.9906976744186047 1.0 426 430
f1, pre, rec [538] 0.9378518912111411 0.9836169181467801 0.9025118118196641
count 22
f1, pre, rec [ 916 1041 2325] 0.9953271028037384 0.9906976744186047 1.0 426 430
f1, pre, rec [ 916 1041 2325] 0.9404644008289864 0.9839387707045902 0.9069430931005885
count 23
f1, pre, rec [ 358 1367 2552] 0.998167379352474 0.9975579975579976 0.9987775061124694 818 819
f1, pre, rec [ 358 1367 2552] 0.9429732259821815 0.9845309110025645 0.9109358936663223
count 24
f1, pre, rec [ 441  710 2147] 0.9929078014184398 0.9887005649717514 0.9971509971509972 351 354
f1, pre, rec [ 441  710 2147] 0.9450538332920256 0.984704646584614 0.9145281896448504
count 25
f1, pre, rec [898] 0.9843937575030013 0.9879518072289156 0.9808612440191388 418 415
f1, pre, rec [898] 0.9466274302604646 0.984834533010386 0.9171815118198219
count 26
f1, pre, rec [1148 2076] 0.9144542772861357 0.9748427672955975 0.8611111111111112 180 159
f1, pre, rec [1148 2076] 0.9453900012999135 0.9844502343290481 0.9150249579464099
count 27
f1, pre, rec [ 912 1132 2482] 0.9943181818181818 0.9915014164305949 0.9971509971509972 351 353
f1, pre, rec [ 912 1132 2482] 0.9472021561339234 0.984711389221698 0.9180666631021354
count 28
f1, pre, rec [ 609 1847] 0.9943181818181818 0.9915014164305949 0.9971509971509972 351 353
f1, pre, rec [ 609 1847] 0.9488848713369328 0.9849538901934443 0.9208911036038804
count 29
f1, pre, rec [569] 0.9928876244665717 0.9914772727272727 0.9943019943019943 351 352
f1, pre, rec [569] 0.9504022076517479 0.9851788344187488 0.9234225136279534
count 30
f1, pre, rec [2253] 0.9536878216123499 0.9754385964912281 0.9328859060402684 298 285
f1, pre, rec [2253] 0.9505117281171013 0.9848541598211646 0.9237379600416972
count 31
f1, pre, rec [ 876 1143 1368] 0.9843937575030013 0.9879518072289156 0.9808612440191388 418 415
f1, pre, rec [ 876 1143 1368] 0.9516046968069689 0.9849540839310922 0.9255806466216147
count 32
f1, pre, rec [ 671 1157 2703] 0.9593220338983051 0.9691780821917808 0.9496644295302014 298 292
f1, pre, rec [ 671 1157 2703] 0.9518458635910733 0.9844610838767387 0.926333264837508
count 33
f1, pre, rec [965] 0.998167379352474 0.9975579975579976 0.9987775061124694 818 819
f1, pre, rec [965] 0.9532495458868733 0.984857960048898 0.9285285448761431
count 34
f1, pre, rec [ 161 1982 2356] 0.998167379352474 0.9975579975579976 0.9987775061124694 818 819
f1, pre, rec [ 161 1982 2356] 0.9545706586358617 0.9852314905638716 0.9305946907948586
count 35
f1, pre, rec [ 298 1028] 0.965034965034965 0.9764150943396226 0.9539170506912442 217 212
f1, pre, rec [ 298 1028] 0.9548696388186931 0.984979593528893 0.9312610439347554
count 36
f1, pre, rec [ 801 2006] 0.9626168224299065 0.976303317535545 0.9493087557603687 217 211
f1, pre, rec [ 801 2006] 0.9550848383634492 0.9847385858624111 0.9317623692632446
count 37
f1, pre, rec [ 350 1185 2209] 0.9603729603729604 0.9716981132075472 0.9493087557603687 217 212
f1, pre, rec [ 350 1185 2209] 0.9552277605799223 0.9843861406555229 0.9322365959253291
count 38
f1, pre, rec [ 201 2126] 0.9571183533447685 0.9789473684210527 0.9362416107382551 298 285
f1, pre, rec [ 201 2126] 0.9552775130211025 0.9842430150704052 0.9323419910519851
count 39
f1, pre, rec [2658] 0.9413793103448276 0.9680851063829787 0.9161073825503355 298 282
f1, pre, rec [2658] 0.954921148849916 0.9838287097194456 0.9319257190391224
count 40
f1, pre, rec [ 988 1522] 0.9953271028037384 0.9906976744186047 1.0 426 430
f1, pre, rec [ 988 1522] 0.9559312976987615 0.9840004338369246 0.9336275760631443
count 41
f1, pre, rec [2401] 0.9843937575030013 0.9879518072289156 0.9808612440191388 418 415
f1, pre, rec [2401] 0.9566255040354502 0.9840968087977049 0.9347796167449978
count 42
f1, pre, rec [1026 1743] 0.9953271028037384 0.9906976744186047 1.0 426 430
f1, pre, rec [1026 1743] 0.9575469706727903 0.9842539722648692 0.936332483012974
count 43
f1, pre, rec [ 427 2320] 0.9626168224299065 0.976303317535545 0.9493087557603687 217 211
f1, pre, rec [ 427 2320] 0.9576648742020256 0.9840690733176757 0.9366342567977972
count 44
f1, pre, rec [496] 0.9987775061124694 0.9987775061124694 0.9987775061124694 818 818
f1, pre, rec [496] 0.9585992521999902 0.9844033558811937 0.9380466033731306
count 45
f1, pre, rec [1537 1733] 0.9953271028037384 0.9906976744186047 1.0 426 430
f1, pre, rec [1537 1733] 0.9594154266578512 0.9845432296264695 0.9394233455203944
count 46
f1, pre, rec [ 207 2081] 0.9557823129251701 0.9689655172413794 0.9429530201342282 298 290
f1, pre, rec [ 207 2081] 0.9593364459245322 0.9842045837050545 0.9395000775772168
count 47
f1, pre, rec [  36  296 2234] 0.9953271028037384 0.9906976744186047 1.0 426 430
f1, pre, rec [  36  296 2234] 0.9601022045815364 0.9843427345713002 0.9407873099691909
count 48
f1, pre, rec [1328] 0.9928876244665717 0.9914772727272727 0.9943019943019943 351 352
f1, pre, rec [1328] 0.9607852341624746 0.984491370782883 0.9419021992261243
count 49
f1, pre, rec [2666] 0.9843937575030013 0.9879518072289156 0.9808612440191388 418 415
f1, pre, rec [2666] 0.9612670407612608 0.9845619919348428 0.9426972817729204
count 50
f1, pre, rec [ 412 1244] 0.9572649572649573 0.975609756097561 0.9395973154362416 298 287
f1, pre, rec [ 412 1244] 0.9611869990913346 0.9843829472180973 0.942635282446187
count 51
f1, pre, rec [1256 1457 2651] 0.9266862170087977 0.9813664596273292 0.8777777777777778 180 161
f1, pre, rec [1256 1457 2651] 0.9605105131681477 0.984323800402592 0.9413635666683751
count 52
f1, pre, rec [2] 0.9626168224299065 0.976303317535545 0.9493087557603687 217 211
f1, pre, rec [2] 0.9605510191154892 0.9841695603474565 0.941516358766298
count 53
f1, pre, rec [1944] 0.9943181818181818 0.9915014164305949 0.9971509971509972 351 353
f1, pre, rec [1944] 0.9611881353928985 0.9843078972546856 0.9425660689244999
count 54
f1, pre, rec [1177 1927] 0.9987775061124694 0.9987775061124694 0.9987775061124694 818 818
f1, pre, rec [1177 1927] 0.9618842348506683 0.9845758529742741 0.9436070214650178
count 55
f1, pre, rec [123 124] 0.9626168224299065 0.976303317535545 0.9493087557603687 217 211
f1, pre, rec [123 124] 0.9618975546248363 0.9844254432390245 0.943710689361297
count 56
f1, pre, rec [1104] 0.9987775061124694 0.9987775061124694 0.9987775061124694 818 818
f1, pre, rec [1104] 0.9625561251871154 0.9846817300760503 0.9446940253747107
count 57
f1, pre, rec [2418] 0.9554794520547946 0.9755244755244755 0.9362416107382551 298 286
f1, pre, rec [2418] 0.9624319730268993 0.9845210764874261 0.9445457373986326
count 58
f1, pre, rec [ 179 1091] 0.8364779874213838 0.9637681159420289 0.7388888888888889 180 138
f1, pre, rec [ 179 1091] 0.9602603525854249 0.9841632668228504 0.940999929665706
count 59
f1, pre, rec [2489] 0.9843937575030013 0.9879518072289156 0.9808612440191388 418 415
f1, pre, rec [2489] 0.9606693933467397 0.9842274793721058 0.9416755451632217
count 60
f1, pre, rec [ 292 1891] 0.998167379352474 0.9975579975579976 0.9987775061124694 818 819
f1, pre, rec [ 292 1891] 0.9612943597801686 0.984449654675204 0.9426272445123759
count 61
f1, pre, rec [1557 1588 1811] 0.9843937575030013 0.9879518072289156 0.9808612440191388 418 415
f1, pre, rec [1557 1588 1811] 0.9616730384313625 0.9845070670121501 0.9432540313895359
count 62
f1, pre, rec [ 617 1167] 0.9953271028037384 0.9906976744186047 1.0 426 430
f1, pre, rec [ 617 1167] 0.9622158459212395 0.9846069155187058 0.9441692889477692
count 63
f1, pre, rec [ 465 1189 1964] 0.9953271028037384 0.9906976744186047 1.0 426 430
f1, pre, rec [ 465 1189 1964] 0.9627414214273109 0.9847035942314026 0.945055490710503
count 64
f1, pre, rec [996] 0.9518900343642613 0.9753521126760564 0.9295302013422819 298 284
f1, pre, rec [996] 0.9625718685044508 0.9845574773321003 0.9448129080641245
count 65
f1, pre, rec [1490 1583 1692] 0.9843937575030013 0.9879518072289156 0.9808612440191388 418 415
f1, pre, rec [1490 1583 1692] 0.9629075898736592 0.9846096977920513 0.9453674978480479
count 66
f1, pre, rec [  37  745 2263] 0.9540034071550255 0.9688581314878892 0.9395973154362416 298 289
f1, pre, rec [  37  745 2263] 0.962772678014286 0.9843710376965338 0.9452800708418084
count 67
f1, pre, rec [  76 1961] 0.9915014164305949 0.9859154929577465 0.9971509971509972 351 355
f1, pre, rec [  76 1961] 0.9632014651548281 0.9843940892675966 0.9460542637717962
count 68
f1, pre, rec [1610] 0.9843937575030013 0.9879518072289156 0.9808612440191388 418 415
f1, pre, rec [1610] 0.9635131165128894 0.9844464086493806 0.9465661311283748
count 69
f1, pre, rec [613] 0.8427672955974843 0.9710144927536232 0.7444444444444445 180 138
f1, pre, rec [613] 0.9617631770793328 0.984251743201616 0.9436368313213613
count 70
f1, pre, rec [1228 2289 2626] 0.9626168224299065 0.976303317535545 0.9493087557603687 217 211
f1, pre, rec [1228 2289 2626] 0.9617753720129124 0.9841381942635292 0.9437178588133471
count 71
f1, pre, rec [1020 1965] 0.9603729603729604 0.9716981132075472 0.9493087557603687 217 212
f1, pre, rec [1020 1965] 0.9617556197362934 0.9839629818542901 0.94379660384077
count 72
f1, pre, rec [  91 1810 1916] 0.9928876244665717 0.9914772727272727 0.9943019943019943 351 352
f1, pre, rec [  91 1810 1916] 0.9621880086908807 0.9840673470053036 0.9444980675971758
count 73
f1, pre, rec [1289] 0.9626168224299065 0.976303317535545 0.9493087557603687 217 211
f1, pre, rec [1289] 0.9621938828516893 0.9839609904372247 0.9445639674350278
count 74
f1, pre, rec [1274 1762 2474] 0.998167379352474 0.9975579975579976 0.9987775061124694 818 819
f1, pre, rec [1274 1762 2474] 0.962680011182781 0.9841447337766945 0.9452965828225609
count 75
f1, pre, rec [483] 0.9987775061124694 0.9987775061124694 0.9987775061124694 818 818
f1, pre, rec [483] 0.963161311115177 0.9843398374078383 0.9460096617997598
count 76
f1, pre, rec [ 467 1149 2455] 0.9953271028037384 0.9906976744186047 1.0 426 430
f1, pre, rec [ 467 1149 2455] 0.9635845452163423 0.9844234931579798 0.946720060986605
count 77
f1, pre, rec [437] 0.9626168224299065 0.976303317535545 0.9493087557603687 217 211
f1, pre, rec [437] 0.9635719773879471 0.9843180363317143 0.9467536803992513
count 78
f1, pre, rec [1880 1989 2227] 0.8606811145510836 0.972027972027972 0.7722222222222223 180 143
f1, pre, rec [1880 1989 2227] 0.9622528637618334 0.9841604714047433 0.94451609760211
count 79
f1, pre, rec [ 574 1732 2304] 0.9953271028037384 0.9906976744186047 1.0 426 430
f1, pre, rec [ 574 1732 2304] 0.9626715250155284 0.984243220809982 0.9452184254805642
count 80
f1, pre, rec [1448 2010 2211] 0.8417721518987341 0.9779411764705882 0.7388888888888889 180 136
f1, pre, rec [1448 2010 2211] 0.9611602828515686 0.9841644452557397 0.9426393062731684
count 81
f1, pre, rec [ 214 2651] 0.8401253918495298 0.9640287769784173 0.7444444444444445 180 139
f1, pre, rec [ 214 2651] 0.9596660249379632 0.9839158567584888 0.9401924561271348
count 82
f1, pre, rec [ 901 1462] 0.9928876244665717 0.9914772727272727 0.9943019943019943 351 352
f1, pre, rec [ 901 1462] 0.9600711663956292 0.9840080691483519 0.9408523285439012
count 83
f1, pre, rec [615 944] 0.8391167192429022 0.9708029197080292 0.7388888888888889 180 137
f1, pre, rec [615 944] 0.9586138838998131 0.983848970962324 0.9384190340902264
count 84
f1, pre, rec [1026 1519 2114] 0.9953271028037384 0.9906976744186047 1.0 426 430
f1, pre, rec [1026 1519 2114] 0.9590509460296217 0.9839305031463274 0.9391521408272476
count 85
f1, pre, rec [ 558 2238] 0.965034965034965 0.9764150943396226 0.9539170506912442 217 212
f1, pre, rec [ 558 2238] 0.959121346253214 0.9838420865721309 0.939325845649177
count 86
f1, pre, rec [1283] 0.965034965034965 0.9764150943396226 0.9539170506912442 217 212
f1, pre, rec [1283] 0.959190109262304 0.9837557261973343 0.9394955108240848
count 87
f1, pre, rec [1918 2301] 0.9928876244665717 0.9914772727272727 0.9943019943019943 351 352
f1, pre, rec [1918 2301] 0.9595774370232727 0.9838444796057244 0.9401254704042906
count 88
f1, pre, rec [360 529] 0.9572649572649573 0.975609756097561 0.9395973154362416 298 287
f1, pre, rec [360 529] 0.9595511588442008 0.9837509032022225 0.9401194686432901
count 89
f1, pre, rec [  73  227 2034] 0.9928876244665717 0.9914772727272727 0.9943019943019943 351 352
f1, pre, rec [  73  227 2034] 0.9599257258736658 0.9838377163429533 0.9407282610664215
count 90
f1, pre, rec [1296 2171] 0.9953271028037384 0.9906976744186047 1.0 426 430
f1, pre, rec [1296 2171] 0.9603190745062221 0.9839139380993493 0.9413868359434613
count 91
f1, pre, rec [303 413] 0.965034965034965 0.9764150943396226 0.9539170506912442 217 212
f1, pre, rec [303 413] 0.9603708974790655 0.9838315332228689 0.9415245306110194
count 92
f1, pre, rec [1592 1868] 0.9929078014184398 0.9887005649717514 0.9971509971509972 351 354
f1, pre, rec [1592 1868] 0.9607245594784064 0.983884457481009 0.9421291661168887
count 93
f1, pre, rec [1607] 0.9843937575030013 0.9879518072289156 0.9808612440191388 418 415
f1, pre, rec [1607] 0.9609790669840472 0.9839281924245347 0.9425456400728268
count 94
f1, pre, rec [1178] 0.9953271028037384 0.9906976744186047 1.0 426 430
f1, pre, rec [1178] 0.9613444716204269 0.984000208190429 0.9431568566677968
count 95
f1, pre, rec [1948] 0.9987775061124694 0.9987775061124694 0.9987775061124694 818 818
f1, pre, rec [1948] 0.9617385035624485 0.9841557586948716 0.943742337188267
count 96
f1, pre, rec [1043 1482] 0.9953271028037384 0.9906976744186047 1.0 426 430
f1, pre, rec [1043 1482] 0.9620883848045453 0.9842239036503271 0.9443283545092226
count 97
f1, pre, rec [1203 1499] 0.9486301369863014 0.9685314685314685 0.9295302013422819 298 286
f1, pre, rec [1203 1499] 0.9619496399816768 0.9840621259686894 0.9441757962291512
count 98
f1, pre, rec [ 963 1947 2656] 0.9626168224299065 0.976303317535545 0.9493087557603687 217 211
f1, pre, rec [ 963 1947 2656] 0.9619564479658423 0.9839829544540654 0.9442281733672248
count 99
f1, pre, rec [ 949 2117 2539] 0.9843937575030013 0.9879518072289156 0.9808612440191388 418 415
f1, pre, rec [ 949 2117 2539] 0.9621830874561167 0.9840230438760335 0.9445982043839108
count 100
f1, pre, rec [623] 0.9518900343642613 0.9753521126760564 0.9295302013422819 298 284
f1, pre, rec [623] 0.9620801569251981 0.9839363345640337 0.9444475243534945
F1, Pre, Rec 0.9620801569251981 0.9839363345640337 0.9444475243534945
NMI:  0.8991674009925943
ARI:  0.9519010697724614
JAC:  0.9310297019189525
test1 time, avg time 0 0.0
==================================== 0.9883899697821131 0.9682679823422488 0.9782255102576211
test1 time, test1 num 80.52596807479858 100
current best val score (precision, recall, f1score) : 0.9878558577627262 0.9686097491374167 0.9781381397115649
corresponding test1 score (precision, recall, f1score) : 0.9839363345640337 0.9444475243534945 0.9620801569251981
99 loss tensor(1.0432, grad_fn=<AddBackward0>)
num  all, output label  270800 38518.26173722762 38547.0
num  all, output_bin label_bin  270800 36652 38547
num  all, output_bin_0.4 label_bin_0.4  270800 37745 38547
iou_thr: 0.05, precision, recall, f1_score : 0.752 1.000 0.859
iou_thr: 0.10, precision, recall, f1_score : 0.839 1.000 0.912
iou_thr: 0.15, precision, recall, f1_score : 0.886 0.999 0.939
iou_thr: 0.20, precision, recall, f1_score : 0.924 0.996 0.959
iou_thr: 0.25, precision, recall, f1_score : 0.959 0.989 0.974
iou_thr: 0.30, precision, recall, f1_score : 0.979 0.975 0.977
iou_thr: 0.35, precision, recall, f1_score : 0.987 0.967 0.977
iou_thr: 0.40, precision, recall, f1_score : 0.991 0.960 0.975
iou_thr: 0.45, precision, recall, f1_score : 0.994 0.953 0.973
iou_thr: 0.50, precision, recall, f1_score : 0.996 0.947 0.971
iou_thr: 0.55, precision, recall, f1_score : 0.997 0.940 0.968
iou_thr: 0.60, precision, recall, f1_score : 0.998 0.934 0.965
iou_thr: 0.65, precision, recall, f1_score : 0.999 0.928 0.962
iou_thr: 0.70, precision, recall, f1_score : 0.999 0.919 0.957
iou_thr: 0.75, precision, recall, f1_score : 0.999 0.913 0.954
iou_thr: 0.80, precision, recall, f1_score : 0.999 0.904 0.949
iou_thr: 0.85, precision, recall, f1_score : 1.000 0.889 0.941
iou_thr: 0.90, precision, recall, f1_score : 1.000 0.869 0.930
iou_thr: 0.95, precision, recall, f1_score : 1.000 0.827 0.905
current best thr  0.3
current val score (precision, recall, f1score) : 0.9786790930153855 0.975276934651205 0.9769750519750519
current best val score (precision, recall, f1score) : 0.9878558577627262 0.9686097491374167 0.9781381397115649
corresponding test1 score (precision, recall, f1score) : 0.9839363345640337 0.9444475243534945 0.9620801569251981
./GCN_model.pt
Final Results
best val score (precision, recall, f1score) : 0.9878558577627262 0.9686097491374167 0.9781381397115649
test1 score (precision, recall, f1score) : 0.9839363345640337 0.9444475243534945 0.9620801569251981
## Finishing Time: 2026-01-23 04:32:33
## Running Time: 10628
= = = = = = = = = = = = = = = = = = = = 
